-- MySQL dump 10.13  Distrib 5.7.24, for Linux (x86_64)
--
-- Host: localhost    Database: oas_cake
-- ------------------------------------------------------
-- Server version	5.7.24-0ubuntu0.18.10.1

/*!40101 SET @OLD_CHARACTER_SET_CLIENT=@@CHARACTER_SET_CLIENT */;
/*!40101 SET @OLD_CHARACTER_SET_RESULTS=@@CHARACTER_SET_RESULTS */;
/*!40101 SET @OLD_COLLATION_CONNECTION=@@COLLATION_CONNECTION */;
/*!40101 SET NAMES utf8 */;
/*!40103 SET @OLD_TIME_ZONE=@@TIME_ZONE */;
/*!40103 SET TIME_ZONE='+00:00' */;
/*!40014 SET @OLD_UNIQUE_CHECKS=@@UNIQUE_CHECKS, UNIQUE_CHECKS=0 */;
/*!40014 SET @OLD_FOREIGN_KEY_CHECKS=@@FOREIGN_KEY_CHECKS, FOREIGN_KEY_CHECKS=0 */;
/*!40101 SET @OLD_SQL_MODE=@@SQL_MODE, SQL_MODE='NO_AUTO_VALUE_ON_ZERO' */;
/*!40111 SET @OLD_SQL_NOTES=@@SQL_NOTES, SQL_NOTES=0 */;

--
-- Table structure for table `advertisers`
--

DROP TABLE IF EXISTS `advertisers`;
/*!40101 SET @saved_cs_client     = @@character_set_client */;
/*!40101 SET character_set_client = utf8 */;
CREATE TABLE `advertisers` (
  `id` int(10) NOT NULL AUTO_INCREMENT,
  `profile_id` varchar(10) NOT NULL,
  `banner_id` int(3) NOT NULL DEFAULT '8',
  `is_billing_profile_set` tinyint(1) NOT NULL DEFAULT '0',
  `is_password_changed` tinyint(1) NOT NULL DEFAULT '0',
  `use_logo_in_banner` tinyint(1) NOT NULL DEFAULT '0',
  `name` varchar(255) NOT NULL,
  `slug` varchar(255) NOT NULL,
  `contact_fname` varchar(40) NOT NULL,
  `contact_lname` varchar(40) NOT NULL,
  `contact_title` varchar(40) NOT NULL,
  `contact_phone` varchar(10) NOT NULL,
  `email` varchar(100) NOT NULL,
  `logo` varchar(40) NOT NULL,
  `date_registered` datetime NOT NULL,
  `active` tinyint(1) NOT NULL DEFAULT '0',
  `username` varchar(20) NOT NULL,
  `password` varchar(40) NOT NULL,
  `universal_toppings` tinyint(1) NOT NULL DEFAULT '1',
  `universal_sizes` tinyint(1) NOT NULL DEFAULT '1',
  `universal_specials` tinyint(1) NOT NULL DEFAULT '1',
  `universal_items` tinyint(1) NOT NULL DEFAULT '1',
  `home_ads` tinyint(1) NOT NULL DEFAULT '0',
  `sub_ads` tinyint(1) NOT NULL DEFAULT '0',
  `btn_ads` tinyint(1) NOT NULL DEFAULT '0',
  `pay_period_length` int(2) NOT NULL DEFAULT '14',
  PRIMARY KEY (`id`)
) ENGINE=MyISAM AUTO_INCREMENT=48 DEFAULT CHARSET=latin1;
/*!40101 SET character_set_client = @saved_cs_client */;

--
-- Dumping data for table `advertisers`
--

LOCK TABLES `advertisers` WRITE;
/*!40000 ALTER TABLE `advertisers` DISABLE KEYS */;
INSERT INTO `advertisers` VALUES (37,'12164381',14,1,1,1,'Doorstep Dining Hawaii','doorstep-dining-hawaii','Robert','Mcway','Manager','6195551212','robert@mcwaywebdevelopment.com','doorstep-dining-logo.jpg','2011-01-11 09:10:00',1,'deftonez4me2','b4af804009cb036a4ccdc33431ef9ac9',1,1,1,1,0,0,0,14),(43,'24775588',7,0,0,0,'Giant Manhattan Pizza','giant-manhattan-pizza','Sam','Smith','Owner','6194459007','email@mypizzahouse.com','','2011-10-31 13:00:06',1,'giantmanhattanpizza','b4af804009cb036a4ccdc33431ef9ac9',1,1,1,1,0,0,0,14),(44,'24913764',8,0,0,1,'Giant Pizza King','giant-pizza-king','Yako','Owner','Owner','6194411111','robert+gpk@mcwaywebdevelopment.com','gpk_logo_3.gif','2011-11-02 14:10:13',1,'giantpizzaking','b4af804009cb036a4ccdc33431ef9ac9',1,1,1,1,0,0,0,14),(45,'25062927',8,0,0,1,'Franco\'s Giant Pizza','franco-s-giant-pizza','Sam','Owner','Owner','6195795797','r+francospizza@mcwaywebdevelopment.com','francos_giant_pizza.jpg','2011-11-04 16:01:01',1,'francospizza','b4af804009cb036a4ccdc33431ef9ac9',1,1,1,1,0,0,0,14);
/*!40000 ALTER TABLE `advertisers` ENABLE KEYS */;
UNLOCK TABLES;

--
-- Table structure for table `advertisers_payment_profiles`
--

DROP TABLE IF EXISTS `advertisers_payment_profiles`;
/*!40101 SET @saved_cs_client     = @@character_set_client */;
/*!40101 SET character_set_client = utf8 */;
CREATE TABLE `advertisers_payment_profiles` (
  `id` int(10) NOT NULL AUTO_INCREMENT,
  `advertiser_id` int(10) NOT NULL,
  `payment_profile_id` int(10) NOT NULL,
  `profile_type` varchar(15) NOT NULL DEFAULT 'Credit Card' COMMENT '"Credit Card" or "Bank Account"',
  `name` varchar(100) NOT NULL,
  `fname` varchar(40) NOT NULL,
  `lname` varchar(40) NOT NULL,
  `address` varchar(255) DEFAULT NULL,
  `city` varchar(40) DEFAULT NULL,
  `state` varchar(2) DEFAULT NULL,
  `zip` varchar(10) DEFAULT NULL,
  `card_suffix` varchar(8) DEFAULT NULL,
  `default` tinyint(1) NOT NULL DEFAULT '0',
  `timestamp` datetime NOT NULL,
  PRIMARY KEY (`id`)
) ENGINE=MyISAM AUTO_INCREMENT=39 DEFAULT CHARSET=latin1;
/*!40101 SET character_set_client = @saved_cs_client */;

--
-- Dumping data for table `advertisers_payment_profiles`
--

LOCK TABLES `advertisers_payment_profiles` WRITE;
/*!40000 ALTER TABLE `advertisers_payment_profiles` DISABLE KEYS */;
INSERT INTO `advertisers_payment_profiles` VALUES (27,41,20637408,'Credit Card','My Pay Profile','Robert','McWay','Po Box 2481','La Mesa','CA','91942','xxxx3652',0,'2011-08-08 15:31:06'),(35,37,20516878,'Credit Card','LS Debit','Jennifer','Lyons','123 main street','la mesa','CA','91942','XXXX7313',0,'2011-09-23 15:20:06');
/*!40000 ALTER TABLE `advertisers_payment_profiles` ENABLE KEYS */;
UNLOCK TABLES;

--
-- Table structure for table `advertisers_payment_profiles_transactions`
--

DROP TABLE IF EXISTS `advertisers_payment_profiles_transactions`;
/*!40101 SET @saved_cs_client     = @@character_set_client */;
/*!40101 SET character_set_client = utf8 */;
CREATE TABLE `advertisers_payment_profiles_transactions` (
  `id` int(10) NOT NULL AUTO_INCREMENT,
  `advertisers_payment_profile_id` int(8) DEFAULT NULL,
  `location_id` int(8) DEFAULT NULL,
  `transaction_id` int(10) NOT NULL,
  `type` varchar(9) NOT NULL DEFAULT 'Once' COMMENT 'Once; Recurring; Refund; Credit',
  `amount` float NOT NULL,
  `description` text,
  `timestamp` datetime NOT NULL,
  PRIMARY KEY (`id`)
) ENGINE=MyISAM AUTO_INCREMENT=8 DEFAULT CHARSET=latin1;
/*!40101 SET character_set_client = @saved_cs_client */;

--
-- Dumping data for table `advertisers_payment_profiles_transactions`
--

LOCK TABLES `advertisers_payment_profiles_transactions` WRITE;
/*!40000 ALTER TABLE `advertisers_payment_profiles_transactions` DISABLE KEYS */;
INSERT INTO `advertisers_payment_profiles_transactions` VALUES (6,20516878,33,2147483647,'Credit',74.26,'Order Credit (#3)','2011-11-25 10:37:05'),(7,20516878,33,2147483647,'Credit',10.22,'Order Credit (#10)','2011-11-28 11:21:32');
/*!40000 ALTER TABLE `advertisers_payment_profiles_transactions` ENABLE KEYS */;
UNLOCK TABLES;

--
-- Table structure for table `banners`
--

DROP TABLE IF EXISTS `banners`;
/*!40101 SET @saved_cs_client     = @@character_set_client */;
/*!40101 SET character_set_client = utf8 */;
CREATE TABLE `banners` (
  `id` int(3) NOT NULL AUTO_INCREMENT,
  `filename` varchar(20) NOT NULL,
  PRIMARY KEY (`id`)
) ENGINE=MyISAM AUTO_INCREMENT=21 DEFAULT CHARSET=latin1;
/*!40101 SET character_set_client = @saved_cs_client */;

--
-- Dumping data for table `banners`
--

LOCK TABLES `banners` WRITE;
/*!40000 ALTER TABLE `banners` DISABLE KEYS */;
INSERT INTO `banners` VALUES (1,'banner-01.jpg'),(3,'banner-03.jpg'),(4,'banner-04.jpg'),(5,'banner-05.jpg'),(6,'banner-06.jpg'),(7,'banner-07.jpg'),(8,'banner-08.jpg'),(9,'banner-09.jpg'),(10,'banner-10.jpg'),(11,'banner-11.jpg'),(12,'banner-12.jpg'),(13,'banner-13.jpg'),(14,'banner-14.jpg'),(15,'banner-15.jpg'),(16,'banner-16.jpg'),(17,'banner-17.jpg'),(18,'banner-18.jpg'),(19,'banner-19.jpg'),(20,'banner-20.jpg');
/*!40000 ALTER TABLE `banners` ENABLE KEYS */;
UNLOCK TABLES;

--
-- Table structure for table `cats`
--

DROP TABLE IF EXISTS `cats`;
/*!40101 SET @saved_cs_client     = @@character_set_client */;
/*!40101 SET character_set_client = utf8 */;
CREATE TABLE `cats` (
  `id` int(10) NOT NULL AUTO_INCREMENT,
  `title` varchar(255) NOT NULL,
  PRIMARY KEY (`id`)
) ENGINE=MyISAM AUTO_INCREMENT=68 DEFAULT CHARSET=latin1;
/*!40101 SET character_set_client = @saved_cs_client */;

--
-- Dumping data for table `cats`
--

LOCK TABLES `cats` WRITE;
/*!40000 ALTER TABLE `cats` DISABLE KEYS */;
INSERT INTO `cats` VALUES (1,'Sandwiches'),(2,'Pasta'),(3,'Pizza'),(4,'Calzone'),(5,'Side Orders'),(6,'Salads'),(7,'Specialty Pizzas'),(17,'Classic Sandwiches'),(13,'Beverages'),(18,'Specialty Sandwiches'),(19,'Soft Drinks'),(20,'Soups and Salads'),(21,'Local Favorites'),(22,'Lunch Entrees'),(23,'Dinner Entrees'),(24,'Childrens Menu'),(25,'Desserts'),(28,'Pupus'),(29,'Italian Specialties'),(30,'Seafood'),(31,'Chicken'),(32,'Boston Burgers'),(33,'Soups'),(34,'Seafood Bar'),(35,'Entrees'),(36,'Ala Carte'),(37,'Keiki Menu'),(38,'Breakfast Entrees'),(41,'Sandwiches & Burgers'),(42,'Pizzas'),(43,'Island Bistro Salads'),(44,'Lighter Fare'),(45,'Chef\'s Specialties'),(46,'Sandwiches & Entrees'),(47,'Appetizers'),(48,'Sandwiches & Wraps'),(49,'Best Sellers'),(50,'Gourmet Burgers'),(51,'Omelettes'),(52,'Thai Curries'),(53,'Thai Chef\'s Specials'),(54,'Meat With Vegetables'),(55,'Noodles & Fried Rice'),(56,'Noodles'),(57,'Primero'),(58,'Sopa  Ensalada'),(59,'Tacos Tacos Tacos'),(60,'Fajitas'),(61,'Especial'),(62,'Burritos'),(63,'Just Mexican'),(64,'The Gringo Grill'),(65,'Postres'),(66,'Pizza By The Slice'),(67,'Italian Favorites');
/*!40000 ALTER TABLE `cats` ENABLE KEYS */;
UNLOCK TABLES;

--
-- Table structure for table `combos`
--

DROP TABLE IF EXISTS `combos`;
/*!40101 SET @saved_cs_client     = @@character_set_client */;
/*!40101 SET character_set_client = utf8 */;
CREATE TABLE `combos` (
  `id` int(8) NOT NULL AUTO_INCREMENT,
  `location_id` int(8) NOT NULL,
  `title` varchar(255) NOT NULL,
  `description` varchar(255) NOT NULL,
  `price` float NOT NULL,
  `image` varchar(40) DEFAULT NULL,
  `order` int(2) NOT NULL DEFAULT '0',
  PRIMARY KEY (`id`)
) ENGINE=MyISAM AUTO_INCREMENT=40 DEFAULT CHARSET=latin1;
/*!40101 SET character_set_client = @saved_cs_client */;

--
-- Dumping data for table `combos`
--

LOCK TABLES `combos` WRITE;
/*!40000 ALTER TABLE `combos` DISABLE KEYS */;
INSERT INTO `combos` VALUES (10,1,'Party Package','X-Large Pizza w/ 1 Topping & 12 Wings',18.95,NULL,0),(11,1,'Large 16\" Pizza','w/ 1 topping',10.99,NULL,0),(12,1,'Large 16\" Pizza','w/ 3 toppings',12.5,NULL,0),(13,1,'Extra Large 18\" Pizza','with 3 toppings',14.95,NULL,0),(14,1,'2 Medium Pizzas','with 1 topping each',14.99,NULL,0),(15,1,'Dinner For Two','Choice of: Lasagna, Spaghetti, Ravioli or Manicotti, 2 salads &amp; garlic bread.',14.95,NULL,0),(16,1,'Feast For 4','One Large, 1-Topping Pizza, with Antipasto Salad, and Garlic Bread.',14.5,NULL,0),(17,1,'Family Deal','1 Medium 1-Topping Pizza, with 2 Dinners (your choice) Lasagna, Spaghetti, Ravioli or Manicotti & 2 Green Salads & Garlic Bread.',19.95,NULL,0),(19,1,'New Test Combo','some good stuff in this one..seriously!',14.29,NULL,0),(20,32,'Mixed Plate','Choose from any two of our Local Favorites.',14.5,NULL,0),(23,32,'New Items Test','',20,NULL,0),(24,51,'12&quot; Medium Pizza','w/ 3 Toppings',9.99,NULL,4),(25,51,'Kings Combo Deal','X&#45;Large 16&quot; Pizza w/ 1 Topping, Spaghetti w/ Meatballs, Garlic Bread, Large Greek Salad, &amp; 2&#45;Liter Pepsi',21.99,NULL,0),(26,51,'14&quot; Large Pizza','w/ 3 Toppings',11.99,NULL,6),(27,51,'16&quot; X&#45;Large Pizza','w/ 3 Toppings',15.99,NULL,7),(28,51,'20&quot; Queen Pizza','w/ 3 Toppings',18.99,NULL,8),(29,51,'28&quot; Giant Pizza','w/ 1 Topping',21.99,NULL,9),(30,51,'28&quot; Giant Pizza','w/ 3 Toppings',25.99,NULL,10),(31,51,'&#40;2&#41; Medium 12&quot; Pizzas','w/ 1 Topping each, 10 pc. Buffalo Wings, &amp; 2&#45;Liter Pepsi',18.99,NULL,2),(32,51,'&#40;2&#41; Large 14&quot; Pizzas','w/ 1 Topping each, 10 pc. Buffalo Wings, &amp; 2&#45;Liter Pepsi',20.99,NULL,3),(33,51,'14&quot; Large Pizza','w/ 1 Topping',5,NULL,5),(34,51,'Giant Special','Giant 28&quot; Pizza w/ 1 Topping, 15 pc. Buffalo Wings, 6 pc. Breadsticks, 2&#45;Liter Pepsi',29.99,NULL,1),(35,50,'Test Combo','Best combo ever',20,NULL,0),(36,52,'Family Feast','2 Large 16\" Pizzas w/ 2 toppings, Antipasto Salad, 2 Orders of Garlic Bread, & FREE 6 pack of Pepsi.',29.99,NULL,0),(37,52,'Feast For Five','Large 16\" Pizza w/ 2 toppings, Whole Greek Style Chicken, Medium Green Salad, & Garlic Bread.',19.99,NULL,1),(38,52,'Pizza & WIngs','Large 16&quot; Pizza w/ 1 topping, 10 piece Buffalo WIngs BBQ, Hot, or Mild, FREE 2 liter Pepsi.',17.99,NULL,2),(39,52,'Party Pack','Giant 28\" Pizza w/ 1 topping, 20 Buffalo Wings, FREE 2 liter Pepsi.',31.99,NULL,3);
/*!40000 ALTER TABLE `combos` ENABLE KEYS */;
UNLOCK TABLES;

--
-- Table structure for table `combos_items`
--

DROP TABLE IF EXISTS `combos_items`;
/*!40101 SET @saved_cs_client     = @@character_set_client */;
/*!40101 SET character_set_client = utf8 */;
CREATE TABLE `combos_items` (
  `id` int(10) NOT NULL AUTO_INCREMENT,
  `combo_id` int(8) NOT NULL,
  `item_id` int(8) DEFAULT NULL,
  `temp_cat_id` int(6) DEFAULT NULL,
  `add_type` varchar(6) NOT NULL DEFAULT 'Single',
  `add_group_id` int(2) DEFAULT NULL,
  `add_group_limit` int(2) DEFAULT NULL,
  `qty` int(2) NOT NULL DEFAULT '1',
  PRIMARY KEY (`id`)
) ENGINE=MyISAM AUTO_INCREMENT=149 DEFAULT CHARSET=latin1;
/*!40101 SET character_set_client = @saved_cs_client */;

--
-- Dumping data for table `combos_items`
--

LOCK TABLES `combos_items` WRITE;
/*!40000 ALTER TABLE `combos_items` DISABLE KEYS */;
INSERT INTO `combos_items` VALUES (22,10,87,NULL,'Single',NULL,NULL,0),(72,16,81,NULL,'Single',NULL,NULL,0),(69,15,81,NULL,'Series',2,2,0),(68,15,80,NULL,'Series',2,2,0),(67,15,89,NULL,'Series',1,1,0),(66,15,88,NULL,'Series',1,1,0),(65,15,88,NULL,'Series',1,1,0),(64,15,79,NULL,'Series',1,1,0),(61,15,78,NULL,'Series',1,1,0),(62,15,78,NULL,'Series',1,1,0),(63,15,79,NULL,'Series',1,1,0),(71,15,90,NULL,'Single',NULL,NULL,0),(70,15,82,NULL,'Series',2,2,0),(75,16,90,NULL,'Single',NULL,NULL,0),(76,17,78,NULL,'Series',1,2,0),(77,17,78,NULL,'Series',1,2,0),(78,17,79,NULL,'Series',1,2,0),(79,17,79,NULL,'Series',1,2,0),(80,17,88,NULL,'Series',1,2,0),(81,17,88,NULL,'Series',1,2,0),(82,17,89,NULL,'Series',1,2,0),(84,17,80,NULL,'Single',NULL,NULL,2),(85,20,113,NULL,'Series',1,2,1),(86,20,114,NULL,'Series',1,2,1),(87,20,115,NULL,'Series',1,2,1),(88,20,116,NULL,'Series',1,2,1),(89,20,117,NULL,'Series',1,2,1),(90,20,118,NULL,'Series',1,2,1),(91,20,119,NULL,'Series',1,2,1),(92,20,120,NULL,'Series',1,2,1),(93,20,121,NULL,'Series',1,2,1),(103,23,NULL,1,'Cat',NULL,2,1),(104,23,108,NULL,'Single',NULL,NULL,1),(120,23,109,NULL,'Series',1,2,1),(119,23,108,NULL,'Series',1,2,1),(118,23,107,NULL,'Series',1,2,1),(121,23,110,NULL,'Series',1,2,1),(125,25,707,NULL,'Single',NULL,NULL,1),(129,31,719,NULL,'Single',NULL,NULL,1),(135,25,725,NULL,'Single',NULL,NULL,1),(130,31,728,NULL,'Single',NULL,NULL,1),(131,32,728,NULL,'Single',NULL,NULL,1),(132,32,719,NULL,'Single',NULL,NULL,1),(139,35,677,NULL,'Series',1,2,1),(138,34,728,NULL,'Single',NULL,NULL,1),(136,25,728,NULL,'Single',NULL,NULL,1),(140,35,678,NULL,'Series',1,2,1),(141,35,679,NULL,'Series',1,2,1),(142,35,680,NULL,'Series',1,2,1),(143,36,751,NULL,'Single',NULL,NULL,1),(144,36,754,NULL,'Single',NULL,NULL,2),(145,37,750,NULL,'Single',NULL,NULL,1),(146,37,754,NULL,'Single',NULL,NULL,1),(147,38,740,NULL,'Single',NULL,NULL,1),(148,39,740,NULL,'Single',NULL,NULL,2);
/*!40000 ALTER TABLE `combos_items` ENABLE KEYS */;
UNLOCK TABLES;

--
-- Table structure for table `combos_pizzas`
--

DROP TABLE IF EXISTS `combos_pizzas`;
/*!40101 SET @saved_cs_client     = @@character_set_client */;
/*!40101 SET character_set_client = utf8 */;
CREATE TABLE `combos_pizzas` (
  `id` int(10) NOT NULL AUTO_INCREMENT,
  `combo_id` int(8) NOT NULL,
  `size_id` int(8) NOT NULL,
  `allowed_toppings` tinyint(2) NOT NULL,
  `qty` int(2) NOT NULL DEFAULT '1',
  PRIMARY KEY (`id`)
) ENGINE=MyISAM AUTO_INCREMENT=37 DEFAULT CHARSET=latin1;
/*!40101 SET character_set_client = @saved_cs_client */;

--
-- Dumping data for table `combos_pizzas`
--

LOCK TABLES `combos_pizzas` WRITE;
/*!40000 ALTER TABLE `combos_pizzas` DISABLE KEYS */;
INSERT INTO `combos_pizzas` VALUES (10,10,16,1,1),(11,11,13,1,1),(12,12,13,3,1),(13,13,16,3,1),(14,14,10,1,1),(15,14,10,1,1),(16,16,13,1,1),(17,17,10,1,1),(21,24,39,3,1),(22,25,41,1,1),(23,26,40,3,1),(24,27,41,3,1),(25,28,43,3,1),(26,29,44,1,1),(27,31,39,1,2),(28,32,40,1,2),(29,33,40,1,1),(30,34,44,1,1),(31,30,44,3,1),(32,35,31,1,1),(33,36,47,2,2),(34,37,47,2,1),(35,38,47,1,1),(36,39,50,1,1);
/*!40000 ALTER TABLE `combos_pizzas` ENABLE KEYS */;
UNLOCK TABLES;

--
-- Table structure for table `combos_pizzas_toppings`
--

DROP TABLE IF EXISTS `combos_pizzas_toppings`;
/*!40101 SET @saved_cs_client     = @@character_set_client */;
/*!40101 SET character_set_client = utf8 */;
CREATE TABLE `combos_pizzas_toppings` (
  `id` int(10) NOT NULL AUTO_INCREMENT,
  `combos_pizza_id` int(8) NOT NULL,
  `topping_id` int(8) NOT NULL,
  `placement` varchar(10) NOT NULL DEFAULT 'Whole',
  PRIMARY KEY (`id`)
) ENGINE=MyISAM AUTO_INCREMENT=16 DEFAULT CHARSET=latin1;
/*!40101 SET character_set_client = @saved_cs_client */;

--
-- Dumping data for table `combos_pizzas_toppings`
--

LOCK TABLES `combos_pizzas_toppings` WRITE;
/*!40000 ALTER TABLE `combos_pizzas_toppings` DISABLE KEYS */;
INSERT INTO `combos_pizzas_toppings` VALUES (15,32,1,'Whole');
/*!40000 ALTER TABLE `combos_pizzas_toppings` ENABLE KEYS */;
UNLOCK TABLES;

--
-- Table structure for table `combos_specials_sizes`
--

DROP TABLE IF EXISTS `combos_specials_sizes`;
/*!40101 SET @saved_cs_client     = @@character_set_client */;
/*!40101 SET character_set_client = utf8 */;
CREATE TABLE `combos_specials_sizes` (
  `id` int(8) NOT NULL AUTO_INCREMENT,
  `combo_id` int(8) NOT NULL,
  `size_id_temp` int(8) DEFAULT NULL,
  `specials_size_id` int(8) DEFAULT NULL,
  `qty` int(2) NOT NULL DEFAULT '1',
  PRIMARY KEY (`id`)
) ENGINE=MyISAM AUTO_INCREMENT=30 DEFAULT CHARSET=latin1;
/*!40101 SET character_set_client = @saved_cs_client */;

--
-- Dumping data for table `combos_specials_sizes`
--

LOCK TABLES `combos_specials_sizes` WRITE;
/*!40000 ALTER TABLE `combos_specials_sizes` DISABLE KEYS */;
INSERT INTO `combos_specials_sizes` VALUES (19,19,NULL,340,1),(18,19,NULL,340,1),(16,19,10,NULL,1),(15,19,10,NULL,1),(29,35,33,NULL,1);
/*!40000 ALTER TABLE `combos_specials_sizes` ENABLE KEYS */;
UNLOCK TABLES;

--
-- Table structure for table `combos_specials_sizes_toppings`
--

DROP TABLE IF EXISTS `combos_specials_sizes_toppings`;
/*!40101 SET @saved_cs_client     = @@character_set_client */;
/*!40101 SET character_set_client = utf8 */;
CREATE TABLE `combos_specials_sizes_toppings` (
  `id` int(8) NOT NULL AUTO_INCREMENT,
  `combos_specials_size_id` int(8) NOT NULL,
  `topping_id` int(8) NOT NULL,
  `placement` varchar(10) NOT NULL DEFAULT 'Whole',
  PRIMARY KEY (`id`)
) ENGINE=MyISAM DEFAULT CHARSET=latin1;
/*!40101 SET character_set_client = @saved_cs_client */;

--
-- Dumping data for table `combos_specials_sizes_toppings`
--

LOCK TABLES `combos_specials_sizes_toppings` WRITE;
/*!40000 ALTER TABLE `combos_specials_sizes_toppings` DISABLE KEYS */;
/*!40000 ALTER TABLE `combos_specials_sizes_toppings` ENABLE KEYS */;
UNLOCK TABLES;

--
-- Table structure for table `combos_text_items`
--

DROP TABLE IF EXISTS `combos_text_items`;
/*!40101 SET @saved_cs_client     = @@character_set_client */;
/*!40101 SET character_set_client = utf8 */;
CREATE TABLE `combos_text_items` (
  `id` int(8) NOT NULL AUTO_INCREMENT,
  `combo_id` int(8) NOT NULL,
  `qty` int(2) unsigned NOT NULL DEFAULT '1',
  `text` varchar(255) NOT NULL,
  PRIMARY KEY (`id`)
) ENGINE=MyISAM AUTO_INCREMENT=11 DEFAULT CHARSET=latin1;
/*!40101 SET character_set_client = @saved_cs_client */;

--
-- Dumping data for table `combos_text_items`
--

LOCK TABLES `combos_text_items` WRITE;
/*!40000 ALTER TABLE `combos_text_items` DISABLE KEYS */;
INSERT INTO `combos_text_items` VALUES (2,25,1,'Large Greek Salad'),(5,34,1,'6 Piece Breadsticks'),(4,34,1,'15 Piece Buffalo Wings'),(6,23,1,'Large Greek Salad'),(7,36,1,'FREE 6 pack of Pepsi'),(8,37,1,'Whole Greek Style Chicken'),(9,38,1,'FREE 2 liter Pepsi'),(10,39,1,'FREE 2 liter Pepsi');
/*!40000 ALTER TABLE `combos_text_items` ENABLE KEYS */;
UNLOCK TABLES;

--
-- Table structure for table `contacts`
--

DROP TABLE IF EXISTS `contacts`;
/*!40101 SET @saved_cs_client     = @@character_set_client */;
/*!40101 SET character_set_client = utf8 */;
CREATE TABLE `contacts` (
  `id` int(10) NOT NULL AUTO_INCREMENT,
  `fname` varchar(40) NOT NULL,
  `lname` varchar(40) NOT NULL,
  `type` varchar(40) NOT NULL,
  `phone` varchar(14) DEFAULT NULL,
  `email` varchar(255) NOT NULL,
  `comments` text NOT NULL,
  `timestamp` datetime NOT NULL,
  `city` varchar(80) DEFAULT NULL,
  `state_id` int(2) DEFAULT NULL,
  PRIMARY KEY (`id`)
) ENGINE=MyISAM AUTO_INCREMENT=4 DEFAULT CHARSET=latin1;
/*!40101 SET character_set_client = @saved_cs_client */;

--
-- Dumping data for table `contacts`
--

LOCK TABLES `contacts` WRITE;
/*!40000 ALTER TABLE `contacts` DISABLE KEYS */;
INSERT INTO `contacts` VALUES (1,'','','Restaurant',NULL,'','Google is now using business reviews to determine business ranking. People are trashing companies with reviews, Complaint sites and Blogs.\r\n\r\nWe can help you defend your company by posting positive Reviews, Blogs and creating Websites to take over Search Results and control what people see about your company.\r\n\r\n(888)-411-7579\r\n\r\nhttp://www.posting-good-reviews.com/    for Review Posting Service\r\nhttp://www.Defend-Experts.com  for Reviews and Reputation Service\r\n\r\nHow does posting positive reviews help in your businesses Google ranking?\r\n\r\n1. Positive reviews increase your business rank by linking important and relevant websites to your website.\r\n2. A constant stream of positive reviews improves your online reputation.\r\n3. Positive reviews drive traffic to your business.\r\n4. Positive reviews restore a tarnished reputation by pushing down negative reviews and links.\r\n5. Helps protect against competitors or anyone else from attempting to run your ranking.\r\n\r\n(888)-411-7579\r\n\r\nhttp://www.posting-good-reviews.com/    for Review Posting Service\r\nhttp://www.Defend-Experts.com  for Reviews and Reputation Service\r\n\r\nTired of review sites? Hire us to knock them off the front page of Google under your search term.\r\nOur company has been in the business of taking over the first page of google for our clients for 8 years and knocking off complaint sites. We can do the same for your company and review sites.\r\nWe will create special websites and blogs and link them to the 15 thousand websites we already have. These websites will knock the review sites away and replace them with content you control.','2011-04-01 09:32:37',NULL,0),(2,'','','Restaurant',NULL,'','Google is now using business reviews to determine business ranking. A search for your business shows at least one negative review.\r\n\r\nWe can help you.\r\n\r\n888-411-7579 www.posting-good-reviews.com Review Posting Service\r\n\r\nwww.defend-experts.com  Reputation Repair Services\r\n\r\n\r\nHow does posting positive reviews help in your businesses Google ranking?\r\n\r\n1. Positive reviews increase your business rank by linking important and relevant websites to your website.\r\n2. A constant stream of positive reviews improves your online reputation.\r\n3. Positive reviews drive traffic to your business.\r\n4. Positive reviews restore a tarnished reputation by pushing down negative reviews and links.\r\n5. Helps protect against competitors or anyone else from attempting to run your ranking.\r\n\r\n888-411-7579  www.posting-good-reviews.com  Review Posting Service\r\n\r\nTired of review sites? Hire us to knock them off the front page of Google under your search term.\r\nOur company has been in the business of taking over the first page of google for our clients for 8 years and knocking off complaint sites. We can do the same for your company and review sites.\r\nWe will create special websites and blogs and link them to the 15 thousand websites we already have.  These websites will knock the review sites away and replace them with content you control.\r\n\r\n888-411-7579 www.posting-good-reviews.com\r\nwww.defend-experts.com  Reputation Repair Services','2011-05-05 08:54:29',NULL,0),(3,'','','Restaurant',NULL,'','You don\'t have a good rating on the high traffic websites!? We can help you!\r\n\r\nWhat Are People Saying About Your Business? We can help you!\r\n\r\nIt is incredibly important to analyze your competition and play on their weaknesses and your strengths. Through the use of press releases, directories, forums, Google and Yahoo Local Business and other social media hubs will place your business on top of the search results and will bring more clients for you.\r\n\r\nDid you know that most people make buying decisions not based on what you tell them or what they hear, but based on reviews from complete strangers?\r\nWe can help you!\r\n\r\nGet a package starting from 29.95$/month\r\n\r\nSee more packages and services at www.buygoodreviews.com','2011-11-11 11:47:09',NULL,0);
/*!40000 ALTER TABLE `contacts` ENABLE KEYS */;
UNLOCK TABLES;

--
-- Table structure for table `content_pages`
--

DROP TABLE IF EXISTS `content_pages`;
/*!40101 SET @saved_cs_client     = @@character_set_client */;
/*!40101 SET character_set_client = utf8 */;
CREATE TABLE `content_pages` (
  `id` int(4) NOT NULL AUTO_INCREMENT,
  `title` varchar(255) NOT NULL,
  `content` text NOT NULL,
  PRIMARY KEY (`id`)
) ENGINE=MyISAM AUTO_INCREMENT=24 DEFAULT CHARSET=utf8;
/*!40101 SET character_set_client = @saved_cs_client */;

--
-- Dumping data for table `content_pages`
--

LOCK TABLES `content_pages` WRITE;
/*!40000 ALTER TABLE `content_pages` DISABLE KEYS */;
/*!40000 ALTER TABLE `content_pages` ENABLE KEYS */;
UNLOCK TABLES;

--
-- Table structure for table `crusts`
--

DROP TABLE IF EXISTS `crusts`;
/*!40101 SET @saved_cs_client     = @@character_set_client */;
/*!40101 SET character_set_client = utf8 */;
CREATE TABLE `crusts` (
  `id` int(3) NOT NULL AUTO_INCREMENT,
  `title` varchar(40) NOT NULL,
  PRIMARY KEY (`id`)
) ENGINE=MyISAM AUTO_INCREMENT=9 DEFAULT CHARSET=latin1;
/*!40101 SET character_set_client = @saved_cs_client */;

--
-- Dumping data for table `crusts`
--

LOCK TABLES `crusts` WRITE;
/*!40000 ALTER TABLE `crusts` DISABLE KEYS */;
INSERT INTO `crusts` VALUES (1,'Original'),(2,'Thin'),(3,'Pan (Thick)'),(4,'Cheese Stuffed Crust'),(8,'Hand Tossed');
/*!40000 ALTER TABLE `crusts` ENABLE KEYS */;
UNLOCK TABLES;

--
-- Table structure for table `discount_codes`
--

DROP TABLE IF EXISTS `discount_codes`;
/*!40101 SET @saved_cs_client     = @@character_set_client */;
/*!40101 SET character_set_client = utf8 */;
CREATE TABLE `discount_codes` (
  `id` int(8) NOT NULL AUTO_INCREMENT,
  `advertiser_id` int(8) NOT NULL,
  `code` varchar(12) NOT NULL,
  `exp` date NOT NULL,
  `use_limit` int(6) NOT NULL DEFAULT '0',
  `min_order_amt` float NOT NULL DEFAULT '0',
  `discount_type` varchar(10) NOT NULL,
  `discount_amt` float NOT NULL,
  `active` tinyint(1) NOT NULL DEFAULT '1',
  PRIMARY KEY (`id`)
) ENGINE=MyISAM AUTO_INCREMENT=13 DEFAULT CHARSET=latin1;
/*!40101 SET character_set_client = @saved_cs_client */;

--
-- Dumping data for table `discount_codes`
--

LOCK TABLES `discount_codes` WRITE;
/*!40000 ALTER TABLE `discount_codes` DISABLE KEYS */;
INSERT INTO `discount_codes` VALUES (1,32,'CODETEST1','2010-11-21',1000,20,'Percent',0.15,1),(3,32,'CODETEST3','2010-10-21',500,0,'Percent',0.15,0),(5,32,'CODETEST5','2010-11-21',0,25,'Percent',0.15,1),(8,32,'ANOTHERCODE','2011-01-31',0,0,'Percent',0.15,1);
/*!40000 ALTER TABLE `discount_codes` ENABLE KEYS */;
UNLOCK TABLES;

--
-- Table structure for table `favorites`
--

DROP TABLE IF EXISTS `favorites`;
/*!40101 SET @saved_cs_client     = @@character_set_client */;
/*!40101 SET character_set_client = utf8 */;
CREATE TABLE `favorites` (
  `id` int(10) NOT NULL AUTO_INCREMENT,
  `location_id` int(10) NOT NULL,
  `user_id` int(10) NOT NULL,
  PRIMARY KEY (`id`)
) ENGINE=MyISAM AUTO_INCREMENT=14 DEFAULT CHARSET=latin1;
/*!40101 SET character_set_client = @saved_cs_client */;

--
-- Dumping data for table `favorites`
--

LOCK TABLES `favorites` WRITE;
/*!40000 ALTER TABLE `favorites` DISABLE KEYS */;
INSERT INTO `favorites` VALUES (13,33,8),(12,32,1);
/*!40000 ALTER TABLE `favorites` ENABLE KEYS */;
UNLOCK TABLES;

--
-- Table structure for table `fonts`
--

DROP TABLE IF EXISTS `fonts`;
/*!40101 SET @saved_cs_client     = @@character_set_client */;
/*!40101 SET character_set_client = utf8 */;
CREATE TABLE `fonts` (
  `id` int(3) NOT NULL AUTO_INCREMENT,
  `filename` varchar(20) NOT NULL,
  PRIMARY KEY (`id`)
) ENGINE=MyISAM AUTO_INCREMENT=3 DEFAULT CHARSET=latin1;
/*!40101 SET character_set_client = @saved_cs_client */;

--
-- Dumping data for table `fonts`
--

LOCK TABLES `fonts` WRITE;
/*!40000 ALTER TABLE `fonts` DISABLE KEYS */;
INSERT INTO `fonts` VALUES (1,'aardvark-cafe.ttf'),(2,'an-ode-to-no-one.ttf');
/*!40000 ALTER TABLE `fonts` ENABLE KEYS */;
UNLOCK TABLES;

--
-- Table structure for table `food_cats`
--

DROP TABLE IF EXISTS `food_cats`;
/*!40101 SET @saved_cs_client     = @@character_set_client */;
/*!40101 SET character_set_client = utf8 */;
CREATE TABLE `food_cats` (
  `id` int(3) NOT NULL AUTO_INCREMENT,
  `title` varchar(20) NOT NULL,
  PRIMARY KEY (`id`)
) ENGINE=MyISAM AUTO_INCREMENT=10 DEFAULT CHARSET=latin1;
/*!40101 SET character_set_client = @saved_cs_client */;

--
-- Dumping data for table `food_cats`
--

LOCK TABLES `food_cats` WRITE;
/*!40000 ALTER TABLE `food_cats` DISABLE KEYS */;
INSERT INTO `food_cats` VALUES (1,'Pizza/Italian'),(2,'American'),(3,'Chinese'),(4,'Hawaiian'),(5,'Indian'),(6,'Japanese/Sushi'),(7,'Mexican'),(8,'Seafood'),(9,'Thai');
/*!40000 ALTER TABLE `food_cats` ENABLE KEYS */;
UNLOCK TABLES;

--
-- Table structure for table `geocodes`
--

DROP TABLE IF EXISTS `geocodes`;
/*!40101 SET @saved_cs_client     = @@character_set_client */;
/*!40101 SET character_set_client = utf8 */;
CREATE TABLE `geocodes` (
  `address` varchar(255) NOT NULL DEFAULT '',
  `longitude` float DEFAULT NULL,
  `latitude` float DEFAULT NULL,
  PRIMARY KEY (`address`)
) ENGINE=MyISAM DEFAULT CHARSET=utf8;
/*!40101 SET character_set_client = @saved_cs_client */;

--
-- Dumping data for table `geocodes`
--

LOCK TABLES `geocodes` WRITE;
/*!40000 ALTER TABLE `geocodes` DISABLE KEYS */;
INSERT INTO `geocodes` VALUES ('363 5th ave san diego 92101',-117.16,32.7091),('8465 la mesa blvd. la mesa 91941',-117.015,32.7678),('123 main st san diego 91941',-116.962,32.7948),('8363 center dr la mesa 91942',-117.019,32.7742),('900 palm ave el cajon 92020',-116.973,32.7913),('1960 joe crosson dr el cajon 92020',-116.97,32.8232),('91941',-117.003,32.7672),('werew ewrwe ewrwe erew 91941',-117.003,32.7672),('123444 madddin st ewrwe ewrwe dfg 92020',-116.968,32.7963),('123444 main dsfdsst dfg 91941',-117.003,32.7672),('801 east atherton manteca 95337',-121.197,37.7815),('95337',-121.24,37.763),('333 fake name san diego 85236',-111.694,33.3257),('333 fake place san diego 12345',-73.9403,42.8145),('7000 saranac st. la mesa 91941',-117.046,32.7719),('5909999 fake place san diego 91941',-117.003,32.7672),('5909999 fake place san diego 85269',-111.898,33.5093),('801 atherton dr. manteca 95337',-121.256,37.7811),('801 atherton drive manteca 95337',-121.205,37.7824),('590 commerce st. manteca 95336',-121.19,37.7918),('590 commerce st. manteca 95337',-121.19,37.7918),('590 fake street manteca 95337',-121.216,37.7974),('123',-76.6582,21.1201),('1116 hacienda dr el cajon 92101',-116.991,32.8102),('7000 saranac street la mesa 91941',-117.046,32.7717),('1116 hacienda drive el cajon 92021',-116.991,32.8102),('99999',-46.8198,-23.7122),('7000 saranac st la mesa 91941',-117.046,32.7717),('123 ave la mesa 91942',-117.299,33.0514),('29705',-40.6175,-19.5095),('97222',-122.629,45.4485),('92071',-116.997,32.8679),('4137 massachusetts ave la mesa 91941',-117.043,32.7525),('1116 hacienda el cajon 92020',-116.991,32.8102),('7000 saranac street suite 401 suite 401 la mesa',-117.046,32.7717),('7000 saranac street la mesa',-117.046,32.7717),('8363 center dr la mesa',-117.017,32.7747),('8363 center driver la mesa',-117.017,32.7747),('8363 center drive la mesa',-117.017,32.7747),('7000 saranac street la mesa 91942',-117.046,32.7717),('75-5660 palani rd kailua-kona 96740',-155.998,19.6408),('7000 saranac st la mesa',-117.046,32.7717),('7000 saranac st. la mesa',-117.046,32.7717),('75-5702 kuakini highway kailua-kona',-155.993,19.6405),('75-5707 alii drive kailua-kona',-155.994,19.6398),('75-5660 palani road kailua 96740',-155.998,19.6408),('96740',-155.69,19.6286),('kailua',-157.739,21.4022),('91942',-117.024,32.7735),('74-5586 palani rd #16 #16 kailua-kona',-155.995,19.6457),('74-425 kealakehe pkwy #17 #17 kailua-kona',-156.027,19.6681),('75-5819 alii drive kailua-kona',-155.99,19.6339),('75-5591 palani rd kailua-kona',-155.994,19.645),('75-5995 kuakini highway #a #a kailua-kona',-155.982,19.6267),('75-5629 kuakini highway kailua-kona',-155.93,19.5456),('75-5799 alii drive kailua-kona',-155.99,19.6351),('75-5719 alii drive kailua-kona',-155.994,19.639),('75-5655 palani road kailua-kona',-155.997,19.6411),('75-5595 palani rd #a9 #a9 kailua-kona',-155.994,19.644),('75-5663 palani road kailua-kona',-155.997,19.6406),('6460 lake arrowhead drive san diego 92119',-117.012,32.7988),('66345',43.8482,18.0073),('7000 saranax street la mesa',-117.046,32.7717),('92037',-117.256,32.8283),('92101',-117.165,32.7217),('6460 lake arrowhead drive san diego',-117.012,32.7988),('75-5702 kuakini hwy kailua-kona',-155.992,19.6403),('san diego',-117.157,32.7153),('25378',39.7781,21.6365),('94957',-122.556,37.9599),('la mesa',-117.023,32.7678),('96146',-120.228,39.201),('96161',-120.205,39.3022),('11570',-73.636,40.6707),('89523',-119.939,39.5194),('849 orange ave coronado',-117.179,32.6878),('6943 el camino real ste 101 carlsbad',-117.267,33.1039),('879 w harbor dr ste c san diego',-117.171,32.7114),('4421 genesee ave san diego',-117.184,32.8244),('2648 del mar heights rd del mar',-117.247,32.9488),('148 aberdeen dr cardiff by the sea',-117.281,33.0207),('3780 ingraham st san diego',-117.237,32.7885),('897 s coast highway 101 encinitas',-117.293,33.0408),('524 stevens ave ste 11 solana beach',-117.261,32.9905),('2447 fletcher pkwy el cajon',-116.998,32.8022),('111 washington st san diego',-117.164,32.7498),('1865 mendota st san diego',-117.231,32.7346),('3363 nobel dr la jolla',-117.231,32.868),('2911 mission blvd san diego',-117.251,32.7659),('3002 imperial ave san diego',-117.129,32.7066),('4286 cass st san diego',-117.251,32.7943),('5583 clairemont mesa blvd san diego',-117.172,32.8334),('1143 highland ave national city',-117.098,32.6764),('5500 grossmont center dr la mesa',-117.01,32.7796),('3146 sports arena blvd san diego',-117.206,32.753),('9840 hibert st san diego',-117.114,32.9139),('2016 e vista way vista',-117.226,33.2309),('423 chad ct vista',-117.251,33.2208),('1125 6th ave san diego',-117.159,32.7172),('14034 poway rd poway',-117.027,32.957),('3809 plaza dr ste 106 oceanside',-117.293,33.1814),('3226 thorn st san diego',-117.124,32.7393),('2025 harbison canyon rd el cajon',-116.845,32.7922),('3755 murphy canyon rd ste i san diego',-117.116,32.8106),('13158 poway rd poway',-117.045,32.9566),('3492 adams ave san diego',-117.118,32.7636),('13859 carmel valley rd san diego',-117.161,32.9704),('903 e mission rd fallbrook',-117.242,33.3859),('728 ventura pl ste c san diego',-117.252,32.7721),('2778 sweetwater springs blvd spring valley',-116.971,32.728),('114 w grand ave escondido',-117.082,33.1217),('962 garnet ave san diego',-117.252,32.7974),('9969 mira mesa blvd san diego',-117.112,32.9163),('5353 kearny villa rd san diego',-117.14,32.8305),('215 s el cmino real ste h encinitas',-117.259,33.0442),('435 horton plz san diego',-117.162,32.7137),('2754 alpine blvd ste a alpine',-116.754,32.8352),('2912 mission blvd san diego',-117.251,32.7658),('5838 montezuma rd san diego',-117.071,32.7709),('10615 tierrasanta blvd ste h san diego',-117.101,32.8229),('505 5th ave san diego',-117.16,32.7106),('14149 twin peaks rd ste 7 poway',-117.023,32.9779),('750 beyer way ste 2 san diego',-117.062,32.5817),('8 n euclid ave ste b national city',-117.085,32.6896),('1250 s santa fe ave vista',-117.224,33.1866),('1070 13th st ste b imperial beach',-117.106,32.5769),('1903 highland ave national city',-117.095,32.6686),('419 telegraph canyon rd unit a chula vista',-117.045,32.6289),('9614 carlton hills blvd santee',-116.999,32.8529),('9742 winter gardens blvd lakeside',-116.931,32.855),('3638 el cajon blvd san diego',-117.115,32.7555),('220 euclid ave ste 180 san diego',-117.085,32.7064),('7080 broadway lemon grove',-117.045,32.7428),('685 sweetwater rd spring valley',-117.011,32.7086),('2385 eastridge loop chula vista',-116.962,32.6438),('12165 alta carmel ct ste 110 san diego',-117.07,32.9932),('8049 winter gardens blvd el cajon',-116.933,32.8233),('14002 tierra bonita rd poway',-117.028,32.9675),('367 n melrose dr unit h vista',-117.254,33.2021),('123 jamacha rd el cajon',-116.936,32.7951),('1438 broadway el cajon',-116.93,32.808),('2959 carlsbad blvd carlsbad',-117.351,33.1587),('209 n tremont st oceanside',-117.381,33.1957),('1858 garnet ave san diego',-117.236,32.8009),('6915 paradise valley rd ste 2 san diego',-117.045,32.6893),('1041 e vista way vista',-117.229,33.213),('675 e lincoln ave ste l escondido',-117.08,33.1359),('5950 santo rd ste g san diego',-117.099,32.8394),('4310 genesee ave san diego',-117.184,32.8215),('443 college blvd oceanside',-117.293,33.2472),('2405 e valley pkwy escondido',-117.112,33.0949),('1061 s main ave fallbrook',-117.252,33.373),('2810 el cajon blvd ste e san diego',-117.134,32.7554),('1662 garnet ave san diego',-117.24,32.8001),('1555 palm ave ste e san diego',-117.1,32.5838),('9007 mira mesa blvd san diego',-117.132,32.9147),('13326 highway 8 business lakeside',-116.905,32.8331),('2357 reo dr san diego',-117.065,32.6757),('6830 la jolla blvd ste 103 la jolla',-117.276,32.8312),('6686 el cajon blvd ste d san diego',-117.054,32.7685),('3089 clairemont dr ste e san diego',-117.193,32.7967),('1090 3rd ave ste 11 chula vista',-117.07,32.6137),('605 n broadway escondido',-117.084,33.1271),('3803 5th ave san diego',-117.16,32.7471),('619 national city blvd national city',122.437,11.5825),('6230 federal blvd san diego',-117.063,32.7294),('356 n magnolia ave el cajon',-116.962,32.7985),('9083 dallas st la mesa',-117.003,32.7924),('3875 clairemont dr san diego',-117.201,32.8111),('3067 roosevelt st carlsbad',-117.347,33.1593),('6110 friars rd san diego',-117.183,32.7664),('401 c st san diego',-117.161,32.7167),('5314 baltimore dr la mesa',-117.027,32.7754),('9828 mission gorge rd ste a santee',-116.982,32.8387),('305 encinitas blvd encinitas',-117.285,33.0478),('554 santa fe dr encinitas',-117.28,33.0363),('4388 moraga ave ste a san diego',-117.214,32.8235),('744 market st san diego',-117.158,32.7117),('711 turquoise st san diego',-117.261,32.8082),('2983 jamacha rd el cajon',-116.941,32.7383),('3007 highland ave ste 11 national city',-117.089,32.6592),('845 s escondido blvd escondido',-117.079,33.1132),('2707 congress st ste 1p san diego',-117.198,32.753),('121 juniper st san diego',-117.164,32.7292),('600 palm ave ste 100 imperial beach',-117.121,32.584),('3955 5th ave san diego',-117.16,32.7493),('5050 n harbor dr san diego',-117.225,32.7252),('3108 e plaza blvd national city',80.797,25.9542),('135 n highway 101 solana beach',-117.272,32.9908),('571 carlsbad village dr carlsbad',-117.348,33.1596),('7556 fay ave ste f la jolla',-117.274,32.8414),('959 tamarack ave carlsbad',-117.336,33.1523),('604 n coast hwy oceanside',-117.382,33.1996),('2165 arnold way alpine',-116.767,32.8351),('4452 park blvd ste 303 san diego',-117.146,32.7583),('4465 mission blvd san diego',-117.255,32.7959),('252 n el camino real ste 5 encinitas',-117.26,33.0502),('947 e st san diego',-117.156,32.7147),('4370 palm ave ste b san diego',-117.039,32.5846),('191 n el camino real ste 110 encinitas',-117.259,33.0488),('23670 san vicente rd ramona',-116.817,33.0057),('1531 w mission rd san marcos',-117.193,33.151),('205 w mission ave ste n escondido',-117.087,33.1296),('13035 pomerado rd ste 8 poway',-117.062,32.9529),('4719 point loma ave san diego',-117.254,32.7354),('1801 morena blvd san diego',-117.207,32.7792),('3741 mission blvd san diego',-117.252,32.7834),('3860 convoy st ste 100 san diego',-117.154,32.8142),('7596 eads ave ste 200 la jolla',-117.276,32.8417),('2212 carmel valley rd del mar',-117.255,32.9341),('3391 30th st san diego',-117.129,32.7409),('200 e via rancho pkwy ste 447 escondido',-117.067,33.0687),('9869 carmel mountain rd san diego',-117.115,32.9593),('807 seacoast dr imperial beach',-117.132,32.5815),('4726 clairemont mesa blvd san diego',-117.189,32.8348),('1627 e valley pkwy escondido',-117.059,33.1343),('6755 mira mesa blvd san diego',-117.173,32.9062),('1091 overbrook ln fallbrook',-117.227,33.3585),('510 civic center dr oceanside',-117.381,33.198),('5812 van allen way ste 130 carlsbad',-117.288,33.1358),('10066 pacific heights blvd ste 108 san diego',-117.193,32.9013),('9534 winter gardens blvd lakeside',-116.932,32.8509),('2622 el camino real ste b carlsbad',-117.326,33.1759),('9272 miramar rd ste 24 san diego',-117.127,32.8938),('2441 jamacha rd ste 204 el cajon',-116.928,32.7454),('805 college blvd ste 102 oceanside',-117.292,33.241),('4760 oceanside blvd ste b oceanside',-117.271,33.2161),('4196 oceanside blvd oceanside',-117.285,33.2073),('1330 e vista way ste 2 vista',-73.7798,3.20001),('3333 el cajon blvd san diego',-117.122,32.7551),('534 n coast highway 101 encinitas',-117.3,33.0588),('2754 alpine blvd alpine',-116.754,32.8352),('358 w del norte pkwy ste a escondido',-117.092,33.1782),('5175 linda vista rd san diego',-117.197,32.7649),('1125 s mission rd fallbrook',-117.253,33.3725),('4101 ashton st san diego',-117.207,32.7816),('po box 710812 san diego',-117.157,32.7153),('3448 30th st san diego',-117.13,32.742),('1419 hilltop dr ste d chula vista',-117.051,32.604),('4170 oceanside blvd ste 191 oceanside',-117.286,33.2072),('3305 adams ave ste 30 san diego',-117.123,32.7634),('988 escondido ave ste a vista',-117.237,33.1908),('2202 s santa fe ave vista',-117.207,33.1708),('2358 university ave san diego',-117.139,32.7485),('3845 4th ave san diego',-117.161,32.7478),('1955 morena blvd san diego',-117.207,32.7814),('8935 towne centre dr san diego',-117.207,32.8684),('15244 olde highway 80 el cajon',-116.847,32.8553),('285 n el camino real ste 106 encinitas',-117.261,33.0535),('1890 w el norte pkwy escondido',-117.112,33.1474),('1008 broadway san diego',-117.155,32.7159),('1464 graves ave ste 109 el cajon',-116.959,32.8182),('7408 la jolla blvd la jolla',-117.278,32.8378),('5252 balboa ave ste 101 san diego',-117.184,32.8192),('2990 jamacha rd ste 100 el cajon',-116.942,32.7397),('815 5th ave san diego',-117.16,32.7139),('2654 alpine blvd alpine',-116.757,32.8351),('4193 panorama dr la mesa',-117.007,32.7545),('1776 sunset cliffs blvd san diego',-117.249,32.7427),('264 carlsbad village dr carlsbad',-117.351,33.1581),('13524 highway 8 business lakeside',-116.898,32.8375),('9353 clairemont mesa blvd ste a san diego',-117.128,32.8313),('8107 camino del sol la jolla',-117.257,32.8543),('1555 camino del mar ste 301 del mar',-117.265,32.9606),('8918 carlton hills blvd santee',-116.996,32.8392),('1101 scott st san diego',-117.231,32.7211),('4592 30th st san diego',-117.13,32.7607),('7748 regents rd san diego',-117.225,32.862),('4634 mission blvd san diego',-117.256,32.7982),('1726 garnet ave san diego',-117.238,32.8005),('1773 e main st el cajon',-116.917,32.8144),('1825 e vista way vista',-117.226,33.2274),('2061 india st san diego',-117.169,32.7263),('3215 sports arena blvd san diego',-117.207,32.7525),('101 jamacha rd el cajon',-116.936,32.7955),('2650 via de la valle del mar',-117.247,32.9812),('2017 camino del este # 101 san diego',-117.145,32.7736),('1588 e main st el cajon',-116.923,32.8074),('3445 midway dr san diego',-117.213,32.7505),('1370 frazee rd san diego',-117.157,32.7724),('2650 jamacha rd ste 143 el cajon',-116.932,32.745),('8141 la mesa blvd la mesa',-117.022,32.7638),('po box 578 del mar',-117.265,32.9595),('715 4th ave san diego',-117.161,32.7129),('8273 la mesa blvd la mesa',-117.019,32.7647),('1298 prospect st la jolla',-117.271,32.849),('6981 el camino real ste 103 carlsbad',-117.267,33.1028),('4365 executive dr ste 100 san diego',-117.211,32.8751),('3025 el cajon blvd san diego',-117.13,32.7552),('565 s coast highway 101 encinitas',-117.294,33.0451),('2163 hayden way san diego',-117.189,32.7487),('92020',-116.968,32.7963),('91901',-116.679,32.8052),('alpine, ca',-116.766,32.8351),('2165 arnold way',-116.767,32.8351),('lakeside, ca',-116.922,32.8573),('santee, ca',-116.974,32.8384),('el cajon, ca',-116.963,32.7948),('spring valley, ca',-116.999,32.7448),('la mesa, ca',-117.023,32.7678),('8733 broadway',-87.3358,41.4587),('8528 north magnolia avenue # 101',-116.963,32.8306),('2164 arnold way',-111.963,40.7247),('6460 lake arrowhead drive',-117.012,32.7988),('1558 north magnolia avenue ste. e',-116.963,32.8195),('2872 fletcher parkway',-117.005,32.8015),('2844 bancroft drive',-117.007,32.7364),('3322 sweetwater springs blvd',-116.974,32.7387),('13034 campo rd',-116.905,32.7289),('10025 campo road',-116.979,32.7477),('123 jamacha road',-116.936,32.7951),('1109 east main street',-82.9697,39.9578),('188 north mollison avenue',-116.951,32.7965),('9730 north cuyamaca street',-116.984,32.8542),('9225 carlton hills blvd. #19',-116.998,32.8447),('8933 carlton hills boulevard',-116.996,32.84),('10767 woodside avenue',-116.965,32.8392),('1190 north 2nd street',-89.0715,42.2816),('1270 broadway',-73.988,40.7486),('854 north 2nd street',-89.0796,42.2773),('13465 camino canada',-116.903,32.8236),('8575 los coches road',-116.904,32.8317),('12580 lakeshore drive',-122.676,38.9752),('9718 channel road',-116.925,32.8551),('12243 woodside avenue',-116.927,32.8566),('9610 winter gardens boulevard',-116.932,32.8526),('1331 la cresta boulevard',-116.864,32.8107),('5005 willows rd # 211',-116.705,32.8413),('2025 harbinson canyon road el cajon',-116.845,32.7922),('8011 mission gorge road ste. h',-117.022,32.8362),('3311 adams ave',-118.061,45.309),('4591 el cajon boulevard',-117.096,32.7554),('4427 el cajon boulevard',-117.099,32.755),('4202 el cajon blvd # c',-117.105,32.7554),('4672 university ave # d',-92.4131,42.5073),('4115 home ave # b',-117.107,32.7234),('4703 federal boulevard',-105.025,39.7897),('5801 university avenue',-117.072,32.7488),('5971 university avenue',-117.069,32.7512),('6126 university avenue',-117.064,32.7533),('6145 el cajon boulevard',-117.066,32.7607),('6663 el cajon blvd # f',-117.055,32.7674),('6784 el cajon blvd # j',-117.052,32.7689),('5500 grossmont center dr # 135',-117.01,32.7796),('5575 baltimore drive',-117.032,32.7802),('5800 grossmont center dr. ste. 267',-117.019,32.7725),('8302 parkway drive',-117.018,32.7785),('5620 baltimore drive',-117.033,32.7816),('6195 lake murray boulevard',-117.021,32.7908),('8870 navajo road',-117.007,32.8029),('5156 waring road',-117.082,32.7918),('6620 mission gorge road',-117.098,32.7934),('6171 mission gorge rd # 104',-117.097,32.7872),('10423 san diego mission road',-117.111,32.7853),('740 jamacha rd. (longs drugs shopping center) (longs drugs shopping center) el cajon',-116.963,32.7948),('740 jamacha rd. el cajon',-116.928,32.7872),('574 jamacha rd el cajon',-116.929,32.7883),('92040',-116.867,32.9292),('7000 saranac street (longs drugs shopping center) (longs drugs shopping center) san diego',-117.157,32.7153),('92110',-117.2,32.7657),('ca',-119.418,36.7783),('7000 saranac street (longs drugs shopping center) (longs drugs shopping center) el cajon',-116.963,32.7948),('7000 saranac street el cajon',-117.032,32.771),('33884',-81.6802,27.989),('winter haven',-81.7329,28.0222),('48028',-82.6159,42.5772),('48001',-82.5835,42.6433);
/*!40000 ALTER TABLE `geocodes` ENABLE KEYS */;
UNLOCK TABLES;

--
-- Table structure for table `items`
--

DROP TABLE IF EXISTS `items`;
/*!40101 SET @saved_cs_client     = @@character_set_client */;
/*!40101 SET character_set_client = utf8 */;
CREATE TABLE `items` (
  `id` int(10) NOT NULL AUTO_INCREMENT,
  `cat_id` int(6) NOT NULL,
  `exempt_cat_opts` tinyint(1) NOT NULL DEFAULT '0',
  `location_id` int(10) NOT NULL,
  `title` varchar(255) NOT NULL,
  `description` text NOT NULL,
  `price` float NOT NULL,
  `image` varchar(40) NOT NULL,
  `list_order` int(2) NOT NULL DEFAULT '0',
  PRIMARY KEY (`id`)
) ENGINE=MyISAM AUTO_INCREMENT=760 DEFAULT CHARSET=latin1;
/*!40101 SET character_set_client = @saved_cs_client */;

--
-- Dumping data for table `items`
--

LOCK TABLES `items` WRITE;
/*!40000 ALTER TABLE `items` DISABLE KEYS */;
INSERT INTO `items` VALUES (704,6,0,51,'Greek Salad','Lettuce, Tomatoes, Cucumbers, Onions, Green Peppers, Greek Olives, Peppercini, Feta Cheese, and Greek salad dressing',2.99,'',2),(703,6,0,51,'Garden Salad','Lettuce, Tomatoes, Cucumbers, Onions, Peppercini, Black Olives, Bell Pepper',2.69,'',1),(69,17,0,1,'Torpedo','Cotto salami, Genoa salami, Mortadella, Provolone Cheese, Lettuce, Tomato, Onion, Italian Dressing. ',0,'',0),(70,17,0,1,'Ham & Cheese','Ham, Provolone Cheese, Lettuce, Tomato, Onion, Mayo, Mustard, Italian Dressing.',0,'',0),(71,17,0,1,'Vegetarian','Provolone Cheese, Lettuce, Tomato, Onion, Black Olives, Mushroom, Bell Pepper, Mayo, Mustard, Italian Dressing.',0,'',0),(72,17,0,1,'Sausage','Ground Sausage, Green Pepper, Onion, Melted Mozzarella Cheese.',0,'',0),(73,17,0,1,'Meatball Sandwich','Meatballs, Melted Mozzarella Cheese.',0,'',0),(74,18,0,1,'Dave\'s Special','Ham, Genoa Salami, Provolone Cheese, Pepperoni, Lettuce, Mayo, Onion(Hot).',0,'',0),(75,18,0,1,'Italian Combo','Ham, Genoa Salami, Pepperoni, Provolone Cheese, Lettuce, Tomato, Onion, Oil & Oregano.',0,'',0),(76,18,0,1,'The Sunshine','Chicken Breast, Bacon, Lettuce, Provolone Cheese, Tomato, Mayo, Salt & Pepper.',0,'',0),(77,18,0,1,'The Palermo','Capicola, Roast Beef, Provolone Cheese, Lettuce, Tomato, Onion, Pepperoncini, Mayo, Oil & Oregano.',0,'',0),(78,2,0,1,'Spaghetti','',0,'',0),(79,2,0,1,'Lasagna','',0,'orderaslice_logo_trans.png',0),(80,6,0,1,'Green Salad','',0,'',0),(81,6,0,1,'Antipasto Salad','',0,'',0),(82,6,0,1,'Caesar Salad','',0,'',0),(83,6,0,1,'Chicken Caesar Salad','',0,'',0),(173,6,0,33,'Beet Salad','Sliced beets, fresh greens, Feta cheese, candied walnuts\r\ntopped with our balsamic reduction.',9,'',0),(87,5,0,1,'Hot Wings','12 Pieces',7.99,'',0),(88,2,0,1,'Ravioli','',0,'',0),(89,2,0,1,'Mannicotti','',8.25,'',0),(90,5,0,1,'Garlic Bread','',0,'',0),(91,5,0,1,'Meatball','',2.25,'',0),(92,5,0,1,'Sausage','',2.25,'',0),(93,5,0,1,'Side Order of Meat Sauce','',2.25,'',0),(172,6,0,33,'Antipasto Salad','Crisp romaine lettuce, cucumbers, onions, tomatoes, roasted\r\nred peppers, artichoke hearts, kalamata olives, topped with\r\npinwheels of Provolone cheese and Italian cold cuts served with\r\nolive oil and balsamic vinegar.',16,'',0),(171,6,0,33,'Boston Basil\'s Greek Salad','Crisp lettuce, sun dried tomatoes, onions, feta cheese, green\r\npeppers, pepperoncini, artichoke hearts, kalamata olives and\r\nBoston Basilâ€™s Greek dressing.',12,'',0),(170,6,0,33,'Classic Caesar','Fresh romaine lettuce, seasoned croutons, fresh grated\r\nParmesan cheese and BBâ€™s Caesar dressing.',9,'',0),(169,6,0,33,'Boston Basil\'s Caprese Salad','(No Lettuce) Fresh sliced Mozzarella cheese, tomatoes and\r\nfresh basil, garnished with artichoke hearts and kalamata\r\nolives, accompanied with a balsamic reduction.',10,'',0),(167,6,0,33,'Soup & Salad','Our HOMEMADE Soup of the Day with a fresh garden salad',10,'',0),(168,6,0,33,'Big Island Garden Salad','Romaine lettuce, fresh tomatoes, cucumbers, mushrooms,\r\ngreen peppers, shredded carrots, pineapple and seasoned\r\ncroutons.',5,'',0),(106,1,0,32,'Grill Ham and Cheese','Thin sliced ham stacked high w/ melted Swiss cheese served on your choice of wheat, white or rye bread.',9.95,'',0),(107,1,0,32,'Roast Beef Sandwich','Tender sliced roast beef served on a French roll w/ sautÃ©ed onions and mushrooms. Topped w/ melted Cheddar, American or Swiss cheese.',11.95,'',0),(108,1,0,32,'B.I.G. Burger','Two juicy 4oz. homemade patties topped w/ American or Swiss cheese served with lettuce & tomato.',9.95,'',0),(109,1,0,32,'French Dip','Sliced roasted beef topped with Swiss cheese and sautÃ©ed onions served on a French roll with a side of au jus dipping sauce.',12.95,'',0),(110,1,0,32,'Hot Roast Pork Sandwich','Tender roast pork served open faced on white bread & topped with our\r\nhomemade brown gravy.',12.25,'',0),(111,1,0,32,'Chicken Salad Sandwich','Fresh chicken breast mixed w/ celery, onions, and mayo served on\r\nyour choice of wheat, white, rye, or French roll.',10.5,'',0),(112,1,0,32,'BLT Sandwich','Served on your choice of wheat, white, rye, or French roll.',9.95,'',0),(113,21,0,32,'Chicken Katsu','Boneless chicken thighs dipped in egg batter, rolled in panko, fried till\r\ngolden brown served w/ katsu sauce or brown gravy.',11.95,'',0),(114,21,0,32,'Beef Teriyaki Steak','Bottom sirloin marinated with our special Asian sauce broiled to\r\nperfection and sliced thin.',12.25,'',0),(115,21,0,32,'Fried Shrimp','Nine pieces of butterfly breaded shrimp, fried till golden brown &\r\nserved with your choice of tartar sauce or cocktail sauce.',12.95,'',0),(116,21,0,32,'Teriyaki Chicken','Boneless chicken marinated in our homemade teri sauce and broiled.',11.95,'',0),(117,21,0,32,'Hamburger Steak','Two homemade patties broiled & topped with sautÃ©ed mushrooms,\r\nonions and rich brown gravy.',11.95,'',0),(118,21,0,32,'Roast Pork','Cooked local style with Hawaiian salt, cracked black pepper, sliced thin\r\nand topped with our homemade brown gravy.',11.95,'',0),(119,21,0,32,'Chop Steak & Onions','Tender steak sliced thin and stir-fried with peppers and onions with\r\nour special stir-fry sauce.',12.25,'',0),(120,21,0,32,'Korean Chicken','Eight golden fried drummettes & wings tossed in our delicious Korean sauce.',12.25,'',0),(121,21,0,32,'Kalua Pork & Cabbage','Shredded pork steamed with cabbage. A local favorite!',12.95,'',0),(122,21,0,32,'B.I.G. Saimin','Fresh saimin noodles topped with char siu pork, scrambled eggs,\r\nwon ton, shrimp and green onions in an onolicious dashi (broth).',11.95,'',0),(123,21,0,32,'Loco Moco','Served on a bed of rice, topped with two eggs any style, and our homemade brown gravy. ',12.25,'',0),(124,22,0,32,'Top Sirloin Steak','A 10 oz. top sirloin broiled to order and topped w/ sautÃ©ed onions and mushrooms.',17.95,'',0),(125,22,0,32,'Rib Eye Steak','A tender 12 oz. rib eye steak seasoned and broiled to perfection.',21.5,'',0),(126,22,0,32,'Shrimp Scampi','SautÃ©ed with garlic, white wine and fresh butter.',19.95,'',0),(127,22,0,32,'Pork Chops','Two 6 oz. pork chops grilled and topped with mushrooms & onions.',15.95,'',0),(128,22,0,32,'Fried Chicken','A three piece combination of chicken thigh, drumstick & breast fried\r\nand cooked til golden brown.',13.95,'',0),(129,22,0,32,'Fish & Chips','Fresh local fish breaded to order & fried crispy in our tempura batter.',15.95,'',0),(130,22,0,32,'Kalbi Short Ribs','Broiled bone-in short ribs marinated in our house recipe.',15.95,'',0),(131,5,0,32,'Rice','',2.5,'',0),(132,5,0,32,'French Fries','',3.95,'',0),(133,5,0,32,'Tossed Salad','',4.95,'',0),(134,5,0,32,'Garlic Mashed Potatoes','',3.95,'',0),(135,5,0,32,'Potato Macaroni Salad','',2.95,'',0),(136,23,0,32,'Baby Back Ribs','Tender baby back pork ribs broiled and glazed with BBQ sauce.',22.95,'',0),(137,23,0,32,'Chicken Picatta','Two tender chicken breast sautÃ©ed with lemon, butter, capers,\r\ngarlic and finished with white wine.',19.95,'',0),(138,23,0,32,'Shrimp Scampi','SautÃ©ed with garlic, white wine and fresh butter.',22.95,'',0),(139,23,0,32,'Top Sirloin Steak','A 10 oz. top sirloin broiled to order and topped w/ sautÃ©ed onions and mushrooms.',19.95,'',0),(140,23,0,32,'Rib Eye Steak','A tender 12 oz. rib eye steak seasoned and broiled to perfection.',24.95,'',0),(141,23,0,32,'Pork Chops','Two 6 oz. pork chops grilled and topped with mushrooms & onions.',18.95,'',0),(142,23,0,32,'Fried Chicken','A three piece combination of chicken thigh, drumstick & breast fried\r\nand cooked golden brown.',16.5,'',0),(143,23,0,32,'Fish & Chips','Fresh local fish breaded to order & fried crispy in our tempura batter.',18.95,'',0),(144,23,0,32,'Kalbi Short Ribs','Broiled bone-in short ribs marinated in our house recipe.',18.95,'',0),(145,2,0,32,'Shrimp Alfredo','Jumbo shrimp sautÃ©ed with mushrooms, fresh spinach and diced\r\ntomatoes with a garlic parmesan cream sauce tossed with tender linguini pasta.',23.95,'',0),(146,2,0,32,'Chicken Alfredo','Tender chicken breast sautÃ©ed with mushrooms, fresh spinach and diced\r\ntomatoes in a garlic parmesan cream sauce & tossed with linguini pasta.',21.5,'',0),(147,24,0,32,'Grilled Cheese W/ French Fries','Served on white bread with American cheese.',8.5,'',0),(148,24,0,32,'Cheesburger W/ French Fries','A 4oz. homemade patty topped with American cheese &\r\nserved on a sesame seed bun.',8.95,'',0),(149,24,0,32,'Loco Moco','Our homemade hamburger patty served on two scoops of rice\r\nwith one egg any style & topped with our house brown gravy.',8.95,'',0),(150,24,0,32,'Chicken Katsu','Served with one scoop of rice & potato macaroni salad\r\nor sautÃ©ed vegetables.',9.5,'',0),(151,24,0,32,'Roast Pork W/ Gravy','Served with one scoop of rice & potato macaroni salad\r\nor sautÃ©ed vegetables.',9.5,'',0),(152,24,0,32,'Hamburger Steak','A broiled hamburger patty topped with sautÃ©ed mushrooms, onions,\r\nbrown gravy & served with one scoop of rice & potato macaroni salad\r\nor sautÃ©ed vegetables.',9.5,'',0),(153,24,0,32,'Pork Chops','A 6oz. pork chop filet grilled & topped with sautÃ©ed mushrooms\r\n& onions, served with one scoop of rice & potato macaroni salad\r\nor sautÃ©ed vegetables.',10.95,'',0),(154,24,0,32,'Korean Chicken','Five pieces of drummettes & wings tossed in Korean sauce &\r\nserved with one scoop of rice & potato macaroni salad\r\nor sautÃ©ed vegetables.',9.5,'',0),(155,24,0,32,'Saimin','A smaller version of our B.I.G. saimin, made with char siu pork,\r\nscrambled eggs, won ton, shrimp & green onions.',7.95,'',0),(156,24,0,32,'Fresh Catch','A 4-5oz. fresh fish filet served sautÃ©ed or broiled with one\r\nscoop of rice & potato macaroni salad or sautÃ©ed vegetables.',12.95,'',0),(157,24,0,32,'Baby Back Ribs','One rack of BBQ pork ribs served with one scoop of rice, garlic mashed\r\npotatoes or fries & potato macaroni salad or sautÃ©ed vegetables.',11.95,'',0),(158,25,0,32,'Hawaiian Mudd Pie','Kona coffee ice cream swirled with fudge & Oreo cookie chunks\r\nserved on our homemade Oreo cookie crust topped with hot fudge,\r\nwhipped cream and sprinkled with macadamia nuts.',8.5,'',0),(159,25,0,32,'Flourless Chocolate Cake','Our secret twist on this baked brownie-like dessert!\r\nServed warm with vanilla ice cream & whipped cream.',8.5,'',0),(160,25,0,32,'B.I.G. Ice Cream Pie','Coconut Haupia ice cream stuffed into our homemade graham\r\ncracker & macadamia nut crust, topped with hot fudge, mango\r\nsauce, whipped cream and sprinkled with macadamia nuts.',8.5,'',0),(161,25,0,32,'Sweet Potato Haupia Cheesecake','Homemade from our kitchen with purple sweet potato chunks on\r\na graham cracker & macnut crust, drizzled with mango & Haupia sauces.',8.5,'',0),(162,25,0,32,'Freshly Baked Apple Pie','',5.5,'',0),(165,33,0,33,'Homemade Soup of the Day','A distinctively flavorful creation from our kitchen.\r\nAsk your server.',5,'',0),(166,33,0,33,'Soup & Half Sandwich','Our HOMEMADE Soup of the Day with 1/2 a traditional ham & cheese sub. (hot or cold)',10,'',0),(483,54,0,34,'58) Stir Fried Fresh Vegetables In Peanut Sauce','',10.95,'',0),(482,54,0,34,'57) Fresh Eggplant','',10.95,'',0),(481,54,0,34,'56) Sweet & Sour','Generously blended with onion, bell pepper, tomato, pineapple and cooked with the Thai special sweet and sour sauce',10.95,'',0),(480,54,0,34,'55) Pad Prik','(Recommended with pork) This spicy hot dish combines bell pepper, garlic and green pepper',10.95,'',0),(479,54,0,34,'54) Spicy Garlic Sauce','Green romaine, garlic, combined with black & white pepper',10.95,'',0),(189,29,0,33,'Eggplant Parmigiana','Topped with Mozzarella and Marinara, served with Linguine.',16,'',1),(190,29,0,33,'Stuffed Eggplant Parmigiana','Delectable stuffed eggplant with Ricotta and topped with\r\nMozzarella and Marinara sauce, served with Linguine.',17,'',0),(191,29,0,33,'Sausage, Peppers, Onions, & Mushrooms','SautÃ©ed in white wine, served with side of Linguine in our\r\nhomemade Marinara sauce.',17,'',2),(192,29,0,33,'Cheese Ravioli','Cheese Ravioli served with Boston Basilâ€™s own homemade\r\nMarinara sauce.',14,'',3),(193,29,0,33,'Homemade Lasagna','Our own secret recipe, combinations of beef, melted\r\nParmesan and Ricotta cheeses blended together with special\r\nseasonings, in our fresh Marinara sauce.',17,'',4),(194,2,0,33,'Fettuccine Primavera','Green peppers, black olives, mushrooms, zucchini, broccoli\r\nand onions over Fettuccine in our â€œpinkâ€ tomato cream sauce.',17,'',0),(195,2,0,33,'Fettuccine Alfredo','Alfredo sauce made fresh to order with Parmesan cheese,\r\ncream and butter.',14,'',0),(196,2,0,33,'Pesto Linguine','Your choice of our own Pesto sauce, pine nut base, basil,\r\ngarlic, cream & Parmesan over Linguine, or roasted red\r\npepper Pesto sauce over Linguine.',14,'',0),(197,2,0,33,'Spaghetti','',0,'',0),(198,2,0,33,'Angel Hair Pasta','',0,'',0),(199,30,0,33,'Shrimp & Broccoli Linguine','Jumbo Shrimp, specially seasoned and sautÃ©ed in lemon, butter,\r\ngarlic, and white wine sauce.',20,'',0),(200,30,0,33,'Shrimp or Scallop Scampi','Jumbo Shrimp or Scallops sautÃ©ed in lemon, butter, garlic and white\r\nwine sauce, served over Linguine or Angel Hair Pasta.',20,'',0),(201,30,0,33,'Citrus MahiMahi Or Salmon','Grilled, citrus seasoned MahiMahi or Salmon with a side of Angel\r\nHair pasta in roasted red pepper Pesto sauce.',19,'',0),(202,30,0,33,'Shrimp Marinara','Seasoned JUMBO Shrimp sautÃ©ed with fresh basil in Marinara over\r\nLinguine or Angel Hair pasta (Spicy or Mild).',21,'',0),(203,30,0,33,'Linguine W/ Clam Sauce','SautÃ©ed in our Marinara sauce or in a lemon, butter, garlic & white\r\nwine sauce.',17,'',0),(204,30,0,33,'Stuffed Shrimp Or Scallops Florentine','Jumbo Shrimp or Scallops, stuffed with spinach & Ricotta cheese\r\nover Angel Hair pasta in Alfredo sauce tossed with spinach.',22,'',0),(205,30,0,33,'Macadamia Nut Crusted MahiMahi Or Shrimp','Jumbo Shrimp or MahiMahi served with a vegetable medley\r\n& enhanced with roasted red pepper Pesto sauceâ€”a healthy choice!',0,'',0),(206,30,0,33,'Salmon Piccata','SautÃ©ed Alaskan Salmon in white wine, lemon, butter & capers, with\r\npasta and choice of Marinara sauce or Piccata sauce.',0,'',0),(207,31,0,33,'Chicken Parmigiana','SautÃ©ed Alaskan Salmon in white wine, lemon, butter & capers, with\r\npasta and choice of Marinara sauce or Piccata sauce.',0,'',0),(208,31,0,33,'Chicken Marsala','SautÃ©ed Chicken Breast & fresh mushrooms in a Marsala wine\r\nsauce served with Linguine or Angel Hair with Marinara sauce.',0,'',0),(209,31,0,33,'Chicken Florentine','SautÃ©ed Chicken Breast layered with spinach, eggplant, melted\r\nMozzarella cheese in an Alfredo sauce with a side of Angel Hair in\r\nMarinara sauce.',19,'',0),(210,31,0,33,'Chicken Carbonara','SautÃ©ed Chicken Breast with fresh peas, mushrooms & sautÃ©ed ham\r\nin Alfredo Sauce tossed with Fettuccine! We DARE you to finish it!',20,'',0),(211,31,0,33,'Chicken & Broccoli Alfredo Fettuccine','SautÃ©ed sliced Chicken and broccoli tossed with Fettuccine in our\r\nAlfredo sauce or substitue 5 JUMBO Shrimp instead of Chicken.',0,'',0),(212,32,0,33,'Half Pound Hamburger','Wicked Good Burger with lettuce, tomato, onion & pickle.',9,'',0),(213,32,0,33,'Cheeseburger','Half-Pounder with cheese, lettuce, tomato, onion & pickle.',10,'',0),(214,32,0,33,'Mushroom Cheddar Cheeseburger','Half-Pounder with SautÃ©ed Mushrooms and Cheddar cheese\r\nwith lettuce, tomato, onion & pickle.',12,'',0),(215,32,0,33,'Bacon Cheeseburger','Bacon makes everything awesome! Half-Pounder with bacon\r\nstrips, cheese, lettuce, tomato, onion & pickle.',12,'',0),(216,32,0,33,'BB\'s Hawaiian Hamburger','You need two hands for this one! Hawaiian burgerâ€”1/2 pound\r\nhamburger grilled and topped with Teriyaki sauce, Provolone\r\ncheese, domestic ham and grilled pineapple.',13,'',0),(217,1,0,33,'Grilled Teriyaki Chicken Sandwich','Specially seasoned Chicken Breast, grilled pineapple, melted\r\nMozzarella cheese, lettuce and tomato on a sandwich roll.\r\nWicked Good!',10,'',0),(218,1,0,33,'Grilled MahiMahi Sandwich','Mildly seasoned fish served with lettuce, tomato and tartar\r\nsauce on a sandwich roll.',10,'',0),(219,1,0,33,'Meatball Sub','Our own homemade meatballs, Marinara sauce & Provolone\r\ncheese topped with Parmesan cheese on an Italian sub roll.',10,'',0),(220,1,0,33,'Eggplant Parmigiana Sub','Eggplant Parmigiana topped with Mozzarella and our\r\nMarinara sauce on an Italian sub roll.',10,'',0),(221,1,0,33,'Chicken Parmigiana Sandwich','Breaded, baked Chicken Breast topped with melted\r\nMozzarella on a sandwich roll.',10,'',0),(222,1,0,33,'Italian Meat-Lover\'s Sub','Prosciutto, Genoa Salami, Pepperoni, and Provolone cheese\r\nwith roasted red peppers & olive oil on an Italian sub roll.',11,'',0),(223,1,0,33,'Traditional Ham & Cheese Sub','Domestic Ham, American cheese, lettuce and tomato on an\r\nItalian sub roll.',9,'',0),(568,28,0,35,'Timâ€™s Awesome Smoked Fish Dip','Fish marinated in a soy, ginger and garlic brine and slowly smoked,\r\nshredded then mixed with Bite Me Seasoning and sour cream, served with crackers',8.5,'',0),(236,25,0,33,'Tiramisu (Our House Specialty)','Prepared our own special way with Italian sponge cake,\r\nMascarpone filling and all the flavors to savor at the end of\r\nyour meal...TOTALLY DECADENT!',7,'',0),(237,25,0,33,'Homemade Italian Spumoni Ice Cream','Creamy flavors of Pistachio Ice Cream with mixed fruit and\r\nalmonds and topped with chocolate sauce, Mac Nuts,\r\nwhipped cream and a cherry!',7,'',0),(238,25,0,33,'Luscious Chocolate Cake','This devilish and\r\ndivine tall dark chocolate cake will satisfy any chocolate lover.\r\nGarnished with raspberry sauce and whipped cream.',7,'',0),(239,25,0,33,'Mac Nut Pie','A Hawaiian favorite! With whipped\r\ncream, Mac Nuts and chocolate sauceâ€”wicked delicious!',6,'',0),(240,25,0,33,'Lemon Italian Cream Cake','Delightful angel\r\nfood cake with Mascarpone filling garnished with whipped\r\ncream!',7,'',0),(478,54,0,34,'53) Spicy Basil Leaves','Fresh basil, bell pepper and chef\'s hot sauce',10.95,'',0),(477,54,0,34,'52) Cashew Nut','Cashews cooked with onion, bell pepper and garlic in a pepper sauce',11.95,'',0),(476,54,0,34,'51) Veggie Delight','A medley of vegetables seasoned to perfection',10.95,'',0),(475,54,0,34,'50) Broccoli','Broccoli and black mushroom flavored with chef\'s secret sauce',10.95,'',0),(474,54,0,34,'49) Ginger','Young ginger flavored with green onion and black mushroom',10.95,'',0),(473,53,0,34,'48) Thai Special Chicken','Crispy chicken and salad topped with the house\'s special sauce',13.95,'',15),(290,2,0,35,'Grilled Fish Of The Day','',17.95,'',0),(291,2,0,35,'Clams','',17.95,'',1),(292,2,0,35,'Lobster Tail','',22.95,'',2),(472,53,0,34,'47) Thai Flush','Jumbo shrimp, scallops and crab meat sauteed with mixed vegetables',15.95,'',14),(251,34,0,35,'Whole Dungeness Crab','',25,'',1),(252,34,0,35,'Whole Maine Lobster','',22,'',2),(253,34,0,35,'Lobster Tail','6-7 oz.',16,'',3),(254,34,0,35,'Manila Clams','3/4 lb. (about 15 clams.)',12,'',4),(299,34,0,35,'Snow Crab Legs','',12,'',5),(256,34,0,35,'Local Peel & Eat Shrimp','',9,'',6),(257,34,0,35,'Combo Plate','2 Grilled Lobster Snap Claws, 1 Lobster Tail, 6 Oysters, 3/4 lb. Manila Clams, 1/4 lb. Peel n Eat Shrimp',36.95,'',7),(258,22,0,35,'Fresh Grilled Fish Plate','(4 oz.) fresh fish of the day with signature Bite Me seasoning and grilled to perfection, served with\r\ntarter sauce and a choice of two sides',10,'',0),(259,22,0,35,'Fresh Grilled Fish Foil Packet','(4 oz.) fresh fish of the day steamed in a foil packet with\r\nHomemade salsa, served with tarter sauce and a choice of two sides',12,'',0),(262,21,0,32,'Super Loco Moco','Served on a bed of rice, topped with two eggs any style, our homemade brown gravy, and your choice of 3 meat items.',13.95,'',0),(263,20,0,32,'Soup of the Day','Cup of Soup',3.95,'',0),(264,20,0,32,'Caesar Salad','Fresh crisp romaine lettuce tossed with Caesar dressing, croutons,\r\ngrated parmesan cheese and topped with cherry tomatoes.',10.95,'',0),(265,20,0,32,'Chicken Salad Stuffed Papaya','Diced chicken breast, celery and onions mixed with mayo and stuffed\r\ninto a fresh half papaya.',9.95,'',0),(266,20,0,32,'Coconut Shrimp Salad','Five jumbo shrimp rolled in panko and coconut fried â€˜til golden brown &served\r\non fresh greens drizzled with sweet chili sauce and creamy sesame dressing.',16.95,'',0),(267,20,0,32,'Chef Salad','Fresh greens topped with roasted beef, ham, Swiss cheese, cheddar cheese,\r\npurple sweet potatoes, cherry tomatoes & cucumbers. Served with your choice\r\nof ranch, papaya seed, creamy sesame, Italian or Thousand island dressing.',14.5,'',0),(268,20,0,32,'Chicken Katsu Salad','Crispy chicken katsu sliced and served on fresh greens topped with\r\nHawaiian sweet potatoes, cherry tomatoes, and cucumbers with\r\ncreamy sesame dressing.',14.95,'',0),(269,20,0,32,'Oriental Chicken Salad','Sliced teriyaki chicken served on a bed of fresh greens with cherry tomatoes,\r\ncucumbers, purple sweet potatoes, diced macadamia nuts, crispy won ton\r\nstrips & drizzled with our house creamy sesame dressing.',15.25,'',0),(270,25,0,35,'Cheesecake','New York style, creamy cheese cake',7,'',0),(271,25,0,35,'Vanilla Bean Ice Cream','2 scoops of vanilla ice cream',5,'',0),(272,37,0,35,'Nemo','Grilled cheese sandwich',5,'',0),(273,37,0,35,'Patrick','Kraft Mac n cheese',5,'',0),(274,37,0,35,'Dory','Cheese quesadilla',5,'',0),(275,37,0,35,'Oscar','Grilled chicken fingers served with ranch dressing',6,'',0),(293,2,0,35,'Shrimp','',17.95,'',3),(294,2,0,35,'Chicken','',17.95,'',4),(295,2,0,35,'Two Choices','Choose from: Fish, Shrimp, Clams, or Chicken',22.95,'',5),(296,2,0,35,'Captains Platter','with Clams, Shrimp and Fish of the Day',29.95,'',6),(471,53,0,34,'46) Thai Surf & Turf','Jumbo shrimp and chicken sauteed with mixed vegetables, served on a hot plate',13.95,'',13),(470,53,0,34,'45) Thai Foursome','Shrimp, pork, beef and chicken sauteed with mixed vegetables, served on a hot plate',13.95,'',12),(300,34,0,35,'Pacific Oysters','',12,'',0),(304,20,0,35,'Soups','New England Style Clam Chowder OR Lobster Bisque',6,'',0),(305,20,0,35,'Caesar Salad','Fresh Romaine and green leaf lettuce with croutons tossed in Caesar dressing, and parmesan cheese, topped with a choice of\r\nSeared Ahi, grilled Fish of the Day or smoked fish',10,'',0),(306,20,0,35,'House Salad','Fresh green leaf lettuce with tomato, onion, cucumber, cheddar cheese, and croutons with your choice of dressing\r\n(Ranch, Blue Cheese, Caesar, Italian, and Thousand Island)',6,'',0),(307,23,0,35,'Fresh Grilled Fish Plate','(8oz.) fresh fish of the day with signature Bite Me seasoning and grilled to perfection, served with\r\ntarter sauce and a choice of two sides',14,'',0),(308,23,0,35,'Fresh Grilled Fish Foil Packet','(8 oz.) Fresh fish of the day steamed in a foil packet with\r\nHomemade salsa, served with tarter sauce and a choice of two sides',16,'',0),(309,23,0,35,'Mesquite and Hickory smoked Prime Rib','Sliced to preference. Served with a choice of two sides, horse radish sauce, and Au Jus',19.99,'',0),(310,38,0,37,'Sunrise Breakfast','Two eggs served with toast, white rice or fried rice and\r\nchoice of bacon, Portuguese sausage, spam, ham or link\r\nsausage',9.5,'',0),(311,38,0,37,'Pancake Sandwich','Two buttermilk pancakes served with two eggs and choice\r\nof bacon, Portuguese sausage, spam, ham or link sausage',9.5,'',0),(312,38,0,37,'Short Stack','2 pancakes',5.95,'',0),(313,38,0,37,'Full Stack','3 pancakes',7.95,'',0),(314,38,0,37,'Belgian Waffle','',7.95,'',0),(315,38,0,37,'Loco Moco','',10.25,'',0),(316,38,0,37,'Chicken Katsu Loco Moco','',10.25,'',0),(317,38,0,37,'Steak & Eggs','Rib-eye steak w/ sautÃ©ed mushrooms & onions',17.95,'',0),(318,38,0,37,'Teenie Tiny Breakfast','Three scoops of fried rice topped with two eggs any style',5.95,'',0),(319,51,0,37,'Up To 3 Topping Choices','(w/ cheese)',10.95,'',0),(320,51,0,37,'4 Choices Or More','(w/ cheese)',11.95,'',0),(321,51,0,37,'Meatlover\'s Omelette','(w/ cheese)',11.5,'',0),(322,51,0,37,'Veggie Omelette','(w/ cheese)',10.95,'',0),(323,51,0,37,'Chubby\'s Omelette','Served with EVERYTHING!',11.95,'',0),(324,22,0,37,'Hamburger Steak','Topped w/ sautÃ©ed mushrooms, onions & gravy',10.25,'',0),(325,22,0,37,'Chicken Katsu','',10.25,'',0),(326,22,0,37,'Teriyaki Beef','Steak-style, marinated in our house recipe & sliced',11.25,'',0),(327,22,0,37,'Pork Cutlet W/ Brown Gravy','',10.95,'',0),(328,22,0,37,'Kalua Pork & Cabbage','',11.95,'',0),(329,22,0,37,'Korean Chicken','Fried drummettes & wings tossed in Korean sauce',11.25,'',0),(330,22,0,37,'Shoyu Ahi Poke (Fried Or Raw)','',11.95,'',0),(331,22,0,37,'Pork Chops','Topped with sautÃ©ed mushrooms, onions & gravy',10.95,'',0),(332,22,0,37,'Teriyaki Chicken','Boneless chicken thighs marinated & broiled',10.25,'',0),(333,22,0,37,'Fried Shrimp','Eight pieces fried & served with tartar sauce',11.25,'',0),(334,22,0,37,'Chop Steak','Beef stir-fried with bell peppers, onions & mushrooms',11.25,'',0),(335,22,0,37,'Fish & Chips','Breaded Ono filets fried & served with tartar sauce',11.25,'',0),(336,22,0,37,'Liver W/ Bacon & Onions','',11.25,'',0),(337,22,0,37,'Kalbi Short Ribs','Broiled bone-in ribs marinated in our house recipe',12.5,'',0),(338,22,0,37,'Mix Plate','Two Plate Lunch Choices',11.95,'',0),(339,22,0,37,'Fried Chicken','A three piece combo of drumstick, thigh & breast',11.25,'',0),(340,22,0,37,'Garlic Ahi','Grilled fresh ahi filets dipped in a garlic marinade',13.95,'',0),(341,22,0,37,'Furikake Ahi','Crusted with furikake and topped with Oriental sauce',13.95,'',0),(342,22,0,37,'SautÃ©ed Ahi','w/ mushroom and caper cream sauce',13.95,'',0),(343,22,0,37,'Rib-Eye Steak','Broiled & topped with sautÃ©ed mushrooms & onions',17.95,'',0),(344,22,0,37,'Saimin','With char siu, fish cake, green onions & scrambled eggs',8.95,'',0),(345,22,0,37,'Fried Saimin W/ Shrimp','Stir-fried with carrots, onions, celery, fish cake & char siu',10.95,'',0),(346,22,0,37,'Chili Bowl','',9.95,'',0),(347,22,0,37,'Beef Stew','',10.25,'',0),(348,6,0,37,'Caesar','',9.95,'',0),(349,6,0,37,'Chicken Katsu Caesar','',10.95,'',0),(350,6,0,37,'Shrimp Caesar','',11.5,'',0),(351,6,0,37,'Fried Poke Salad','Seared ahi shoyu poke served on a bed of fresh greens\r\nwith tomatoes, cucumbers, sprouts & Oriental dressing',11.95,'',0),(352,6,0,37,'Oriental Chicken Salad','Served with sliced teriyaki chicken, tomatoes, cucumbers,\r\ndiced macnuts, crispy fried noodles & Oriental dressing',11.5,'',0),(353,6,0,37,'Chef Salad','Sliced ham, turkey, roast beef, cheese, tomatoes,\r\ncucumbers, sprouts, boiled egg & olives',11.5,'',0),(354,41,0,37,'Cheeseburger & Fries','served with lettuce, tomato & onion',7.25,'',0),(355,41,0,37,'Double Cheeseburger & Fries','served with lettuce, tomato & onion',9.95,'',0),(356,41,0,37,'Patty Melt','Served on rye bread with Swiss cheese, sautÃ©ed onions &\r\nThousand island dressing',9.95,'',0),(357,41,0,37,'Veggie Burger','with lettuce, tomato, onion & American or Swiss cheese',8.95,'',0),(358,41,0,37,'Grilled Ham & Cheese','with American cheese on wheat, white or rye bread',8.95,'',0),(359,41,0,37,'Tuna Melt','Tuna salad topped with American cheese',8.95,'',0),(360,41,0,37,'BLT','The traditional bacon, lettuce & tomato!',9.25,'',0),(361,41,0,37,'Chili Dog','Topped with our homemade chili & shredded cheese',8.95,'',0),(362,41,0,37,'Deli Sandwiches','Served with lettuce, tomato, onion, sprouts & your choice\r\nof wheat, white or rye bread. Choose from Ham, Tuna, Turkey, & Roast Beef.',9.5,'',0),(363,37,0,37,'Grilled Cheese & Fries','',6.5,'',0),(364,37,0,37,'Hot Dog & Fries','',6.5,'',0),(365,37,0,37,'Chicken Nuggets & Fries','w/ Ranch or Honey Mustard',7.75,'',0),(469,53,0,34,'44) Volcano Chicken','Baked whole baby chicken and topped with special spicy sauce',13.95,'',11),(468,53,0,34,'43) Volcano Shrimp','Broiled shrimp in butter and topped with a special spicy sauce, served on a hot plate',15.95,'',10),(467,53,0,34,'42) Jumbo Shrimp','With garlic and pepper sauce',15.95,'',9),(466,53,0,34,'41) Thai Duck','Crispy duck topped with sauce served on a hot plate',18.95,'',8),(465,53,0,34,'40) Roast Duck Curry','Deep fried duck topped with red curry and vegetables',18.95,'',7),(464,53,0,34,'39) Sweet And Sour Duck','Deep fried duck in a sweet and sour sauce combined with onions, bell peppers, pineapple and fresh tomato',18.95,'',6),(461,53,0,34,'36) Shrimp Rad Khang','Cooked jumbo shrimp topped with Thai curry sauce and vegetables',15.95,'',3),(462,53,0,34,'37) Thai Breaded Fish','Fresh fish fillet with vegetables',15.95,'',4),(463,53,0,34,'38) Crispy Duck','Duck served with mixed vegetables and hot spicy sauce',18.95,'',5),(378,42,0,37,'Cheese','w/ mozzarella, parmesan & marinara',13.75,'',0),(379,42,0,37,'Pepperoni','w/ mozzarella & marinara',15.75,'',0),(380,42,0,37,'Chubby\'s Supreme','w/ pepperoni, mushrooms, olives, bell peppers & onions',17.75,'',0),(381,25,0,37,'Apple Pie','',5.25,'',0),(382,25,0,37,'Brownie Sundae','Got a sweet tooth? Try this warm homemade chocolate\r\nchip & macadamia nut brownie topped with vanilla ice\r\ncream, hot fudge, whipped cream and macnuts!',7.5,'',0),(383,25,0,37,'Banana Split','Your fruit serving for the day! Served with vanilla,\r\nchocolate and strawberry ice cream with hot fudge,\r\nstrawberry topping, whipped cream and macadamia nuts!',7.5,'',0),(384,25,0,37,'Strawberry Shortcake','Warm pound cake slices topped with strawberry topping,\r\nwhipped cream & macnuts',6.5,'',0),(385,25,0,37,'Floats W/ Vanilla Ice Cream','Choose from Coke, Rootbeer or Orange',5.25,'',0),(386,25,0,37,'Smoothies','',4.5,'',0),(387,25,0,37,'Ice Cream Cup','Vanilla, Choc or Strawberry',3.95,'',0),(460,53,0,34,'35) Spicy Mixed Seafood','Mussels, scallops, squid, fish and shrimp sauteed in our special spicy sauce with fresh Thai basil leaves',15.95,'',2),(459,53,0,34,'34) Fresh Fish Filet (Ono Or Mahi Mahi)','Deep fried or broiled fish with a choice of toppings',15.95,'',1),(458,53,0,34,'33) Thai Diamond Seafood','Broiled lobster tail, giant shrimp, scallops, crab meat and filet fish with mixed vegetables topped with oyster sauce or house spicy sauce all on a hot plate',39.95,'',0),(457,28,0,38,'Korean Style Short Ribs (for 2)','Ko-chu-jang Chili Glaze, Tempura Veg',11.95,'',3),(456,28,0,38,'Grilled Garlic Pita Bread With Homemade Hummus (for 2)','',7.5,'',2),(594,44,0,38,'Club Med Salad','Hummus, Grilled Garlic Pita Bread, Tabouleh, Greens, Cucumbers, Tomatoes, Feta, Calamata Olives, Basil Pesto Vinaigrette',10.95,'',0),(455,28,0,38,'House Salad Or Jackie Reyâ€™s Caesar Salad','Homemade Dressings',6.95,'',1),(396,43,0,40,'Island Lava Java Salad','Lehua Farm\'s organic greens, shredded carrot, Big Island goat cheese & Minvista Farm\'s macadamia nuts, tossed in our lemon vinaigrette',12.95,'',0),(397,43,0,40,'Lehua\'s Caesar Salad','Lehua Farm\'s organic baby romaine, house made garlic croutons & parmesan cheese, tossed in our creamy anchovie dressing',10.95,'',0),(398,43,0,40,'Nicoise Salad','(Always Fresh!) Seared ahu, organic mixed greens, red onions, olives, green beans, tomatos, fingerling potatoes & hard boiled egg, tossed in our citrus sesame vinaigrette',18.95,'',0),(399,43,0,40,'Big Island Beet Salad','Oven-roasted beets, baby tomatoes, avocado, Big Island goat cheese, tossed in our Ka\'u orange vinaigrette',13.25,'',0),(400,25,0,40,'Passion Meringue Tart','Macadamia nut crust, house-made lilikoi (passionfruit) curd, fluffy meringue',5.95,'',0),(401,25,0,40,'Chocolate Cappuccino Cheesecake','Chocolate crumb crust layered with chocolate ganache, cappuccino cheesecake and yes, a bit more chocolate ganache',5.95,'',0),(402,25,0,40,'Pineapple-Mango-Lime Cheesecake','Lime cheesecake, ginger crumb crust, fresh pineapple & house-made mango coulis',5.95,'',0),(403,25,0,40,'Hawaiian Vanilla Bean Creme Brulee','Silky Hawaiian vanilla Bean custard, traditional caramelized sugar shell',5.95,'',0),(404,25,0,40,'Chocolate Decadence Cake','Dark chocolate cake layered with chocolate ganache',5.95,'',0),(405,25,0,40,'\"Straight Up\" Carrot Cake','Tender cake loaded with carrots & pecans, layered with house made cream cheese frosting & toasted pecans',5.95,'',0),(406,25,0,40,'Big Island Ice Cream & Sorbet','Locally made, one scoop or two?',4.25,'',0),(407,23,0,40,'Macadamia Nut Crusted Fresh Catch','Pan seared fresh fish with macadamia nut & coconut crust, Asian ratatouille, pineapple risotto, saffron curry sauce',23.95,'',0),(408,23,0,40,'Islanda Lava Java\'s Fresh Fish Tacos','Charbroiled fresh catch of the day with cabbage and chipotle aioli in two flour tortillas. Served with black beans, tropical salsa and organic mixed greens tossed in our lemon vinaigrette. (Corn tortillas available upon request.)',13.95,'',0),(409,23,0,40,'Kalbi Butterfish','On stir-fried vegetable, furikaki risotta, wasabi soy mustard and Hawaiian chili pepper couli',22.95,'',0),(410,23,0,40,'Kalaunu Beef Burger','Charbroiled Big Island sirloin beef hand-patty \"crowned\" with a crispy blue cheese crust, caramelized sweet kula onion & roasted garlic aioli, on our freshly baked Kaiser roll. Served with an organic greens salad or house-cut french fries. (*Vegetarian Option: Portobello mushroom)',13.95,'',0),(411,23,0,40,'Brie Stuffed Chicken Po\'Okela','Brie & spinach stuffed chicken breast, pan seared served with asparagus risotto and caramelized Hamakua mushroom demi-glace',19.95,'',0),(412,23,0,40,'Grilled Prime Ribeye','Served with sauteed grape tomatoes, haricot vert, fresh polenta with parmesan cheese & Hamakua mushroom demi-glace',23.95,'',0),(413,23,0,40,'Jalapeno Lilijoi Braised Short Ribs','Slow braised short ribs on house-made polenta, sauteed Hamakua mushroom demi-glace',22.95,'',0),(414,23,0,40,'Sauteed Shrimp Penne Pasta','Chili garlic cream sauce, asparagus, citrus, capers & parmesan cheese',20.95,'',0),(415,23,0,40,'Portobello Mushroom & Tofu Napoleon','Aloha tofu steak with portobello mushroom, mixed grilled vegetables, saffron curry, balsamic reduction, baked polenta',17.95,'',0),(416,42,0,40,'Big Island Pizza','(slow-roasted) Kalua pork, mozzarella, pineapple, Hawaiian sweet chili sauce.',15.95,'',0),(417,42,0,40,'Pizza Margherita','Fresh marinara sauce, fresh mozzarella, organic basil',15.95,'',0),(418,42,0,40,'Roasted Veggie Pizza','Assorted oven-roasted vegetables, macadamia nut pesto, Big Island goat & parmesan cheeses',17.95,'',0),(419,42,0,40,'Seaside Shrimp Pizza','Grilled shrimp, tomato, kalamata olive, goat cheese, mozzarella & house-made macadamia nut pesto',17.95,'',0),(420,42,0,40,'Pizza Napoletana','Fresh marinara sauce, mozzarella, pepperoni',15.95,'',0),(432,6,0,34,'12) Som Tom','Fresh green papaya salad in a spicy lime dressing',6.95,'',0),(433,6,0,34,'13) Thai Salad','Fresh vegetables topped with chicken and a peanut sauce dressing ',6.95,'',0),(434,6,0,34,'14) Beef Or Chicken Salad','Marinated, sliced, grilled beef or chicken combined with fresh lettuce, onion, cucumber, scallion, fresh tomato and chili pepper',8.95,'',0),(435,6,0,34,'15) Yam Woon Sen','Shrimp & chicken salad with glass noodles, onion, chili, and lime juice',8.95,'',0),(436,6,0,34,'16) Yam Prah-Merk','(Squid Salad) Squid mixed with vegetables, lemon grass, mint, in a spicy lime dressing',9.95,'',0),(437,6,0,34,'17) Shrimp Super Salad (Plah Goong)','Grilled shrimp with mixed vegetables, lemon grass, mint, spicy and sour',9.95,'',0),(438,6,0,34,'18) Naem Sohd','Ground pork, onion, ginger, peanut with lime juice and chili',8.95,'',0),(439,6,0,34,'19) Larb (Beef, Pork, Or Chicken)','Ground meat spiced with mint, chili, lime juice, onion, and rice powder',8.95,'',0),(440,6,0,34,'20) Seafood Combination Salad','Shrimp, squid, scallops and crab meat with onion, lemon grass & lime dressing',15.95,'',0),(441,33,0,34,'21) Thai Dumplings Soup','Stuffed with shrimp and chicken',2.95,'',0),(442,33,0,34,'22) Tom Kah Kai (Shrimp Or Chicken)','Hot and Sour chicken or shrimp, with coconut milk, galanga and mushrooms',2.95,'',0),(443,33,0,34,'23) Special Seafood Soup (House Special)','Thai spicy combination seafood soup',15.95,'',0),(444,33,0,34,'24) Tom Yum Koong','Hot & Sour soup with mushrooms, lemon grass, chili, and lime juice',2.95,'',0),(445,33,0,34,'25) Tom Yum Kai','Hot and Sour chicken soup with mushrooms, lemon grass, chili and lime juice',2.95,'',0),(446,33,0,34,'26) Jelly Noodles','Beanthread with ground pork, mushrooms, Napa cabbage and scallions. (Vegetarian style available without pork.)',2.95,'',0),(447,33,0,34,'Saimin Noodle Soup','Pork, chicken or beef',7.95,'',0),(448,52,0,34,'27) Red Curry','(Choice of pork, chicken, beef ir shrimp) Red curry with sliced bamboo shoots in coconut milk and Fresh Thai basil',10.95,'',0),(449,52,0,34,'28) Green Curry','(Choice of pork, chicken, beef ir shrimp) Green curry with mixed vegetables in coconut milk and Fresh Thai basil',10.95,'',0),(450,52,0,34,'29) Yellow Curry','(Gaeng Ka Ree Gai) House Special - Chicken with coconut milk & potatoes',10.95,'',0),(451,52,0,34,'30) Panang','(Choice of beef, pork, chicken or shrimp) Light sweet, spicy curry with coconut milk and Fresh Thai basil',10.95,'',0),(452,52,0,34,'31) Vegetable Curry (Gaeng Plah)','(Choice of pork, chicken, beefm shrimp, or vegetarian style) Red curry with baby corn, string beans, mushrooms, bamboo shoots and Thai basil',10.95,'',0),(453,52,0,34,'32) Seafood Curry','Combination of shrimp, squid, scallops, red curry in coconut milk',15.95,'',0),(484,55,0,34,'59) Combination Fried Rice (Beef, Pork And Chicken)','Pan fried rice with egg, onion, tomato and scallion',11.95,'',0),(485,55,0,34,'60) Shrimp Or Crab Meat Fried Rice','Pan fried rice with egg, onion, tomato and scallion',11.95,'',0),(486,55,0,34,'61) Spicy Fried Rice','Chicken, beef, pork, shrimp or vegetables',10.95,'',0),(487,55,0,34,'62) Pineapple Fried Rice (House Specialty)','This exotic dish is served in a pineapple shell. The fruit is scooped from the inside, and fried with shrimp, chicken, onion, cashew and rice. The mixture is then returned to the shell and baked before serving',11.95,'',0),(488,55,0,34,'63) Steamed Rice (Thai Jasmine Rice)','',1.5,'',0),(489,55,0,34,'64) Thai Sticky Rice','',1.5,'',0),(490,55,0,34,'65) Pahd Thai (The National Noodle Dish Of Thailand)','Thai noodles pan fried with shrimp, chicken, egg and garnished with peanut and bean sprouts',10.95,'',0),(491,55,0,34,'66) Pahd See Yew (Beef, Pork, Chicken Or Shrimp)','Pan fried flat noodle with broccoli and black soy bean with egg',10.95,'',0),(492,55,0,34,'67) Pahd Nah Noodles (Beef, Pork, Chicken Or Shrimp)','Pan fried flat noodles with broccoli in oyster sauce gravy',10.95,'',0),(493,55,0,34,'68) Go See Mee','Deep fried noodle with black mushroom, bambo shoots with gravy',10.95,'',0),(494,55,0,34,'69) Chow Mein (Beef, Pork, Chicken Or Shrimp)','Pan fried egg noodles with mixed vegetables',10.95,'',0),(495,55,0,34,'70) Spicy Mint Noodle (Beef, Pork, Chicken Or Shrimp)','Flat noodles pan fried with chili, garlic and basil',10.95,'',0),(496,55,0,34,'71) Pahd Woon Sen (Beef, Pork, Chicken Or Shrimp)','Jelly noodles with egg, tomato, onion and bean sprouts',10.95,'',0),(497,25,0,34,'72) Deep Fried Ice Cream','',2.5,'',0),(498,25,0,34,'73) Thai Tapioca Pudding','',2.5,'',0),(500,28,0,40,'Blackened Ahi Bruschetta','Blackened ahi sashimi on oven roasted mini flat bread, organic arugula, tropical relish, papaya aioli',11.95,'',0),(501,28,0,40,'Big Island Wild Mushroom Risotto','Slow cooked aborio rice, sauteed assorted Hamakua mushrooms, Parmesan cheese, balsamic reduction drizzle',8.95,'',0),(502,28,0,40,'Guava Glazed Braised Pork Belly','Cajun style braised pork, house-made guava BBQ sauce, Wahaa organic arugula, apple papaya chutney',9.95,'',0),(503,28,0,40,'\"Got Soup?\"','House-made soup du jour!',3.95,'',0),(504,28,0,40,'Hummus Duo & Crostini','Two kinds of house-made hummus, garlic crostini',10.95,'',0),(505,28,0,40,'Balsamic Glazed Baked Brie Cheese','Garlic crostini, house-made chutney & spicy pineapple marmalade',9.95,'',0),(506,28,0,40,'\"Little Lava\" Salad','Lehua Farm\'s organic greens, shredded carrot, Big Island goat cheese and MinVista Farm\'s macadamia nuts, tossed in our lemon vinaigrette',7.25,'',0),(510,50,0,41,'Cheezborger Cheezborger','Double cheese, chipotle aioli & secret seasoning \"No Pepsi, only Coke....fries, no chips!\"',10.95,'',0),(511,50,0,41,'Magnum P.I.','Bacon, cheese, and guacamole. For the Tom Selleck fan in all of us',10.95,'',0),(512,50,0,41,'Mystic Pizza Burger','Marinara, pepperoni, shredded cheese and a dash of oregano and parmesan',10.95,'',0),(513,50,0,41,'Bearded Lady','Salsa, blue cheese, jalapenos 7 onion rings. The crown jewel of burgers.',10.95,'',0),(514,50,0,41,'Surf-n-Turf','Topped with a crab cake, chipotle mayo, and pepperjack cheese',10.95,'',0),(515,50,0,41,'The Mac Daddy','Topped with Kraft Macaroni & Cheese',10.95,'',0),(516,50,0,41,'Texas Roadhouse','Grilled onions, American cheese, bacon, and BBQ sauce',10.95,'',0),(517,50,0,41,'Loco Moco','2 eggs any style, 1/2 pound burger, gravy, and two scoops rice',10.95,'',0),(518,50,0,41,'Aloha Burger','Teriyaki glaze and grilled pineapple',10.95,'',0),(519,50,0,41,'Mushroom Swiss','Self- explanatory',10.95,'',0),(520,50,0,41,'The Dick Butkus','Peanut butter on a burger. You don\'t have to be drunk to like it!',10.95,'',0),(521,50,0,41,'Sloppy Chili-Cheez','5 napkin minimum!',10.95,'',0),(522,50,0,41,'The Clogger A.k.a. \"The Double Flusher\"','Beer-battered deep-fried burger, gravy, and cheese sauce. This thing ain\'t kidding',10.95,'',0),(523,50,0,41,'The Beefy Inferno','Dipped in hot or mild wing sauce, topped with jalapenos, cheese sauce, salsa, and sour cream',10.95,'',0),(524,50,0,41,'Blackened Bacon Blue Cheez','Cajun seasoning, blue cheese, and bacon',10.95,'',0),(525,50,0,41,'The Zombie','Bacon, hard fried egg, cheese & gravy. For those with no concept of breakfast. ',10.95,'',0),(526,50,0,41,'Pastrami Swiss Burger','Served on top you idiot! ',10.95,'',0),(527,50,0,41,'Slaughterhouse Five','Bacon, ham, pastrami, pepperoni and BBQ pulled pork with pepperjack cheese',10.95,'',0),(528,37,0,41,'Grilled Cheese','',5.95,'',0),(529,37,0,41,'Hotdog','',5.95,'',0),(530,37,0,41,'Fish Fingers','',5.95,'',0),(531,37,0,41,'Kraft Mac N\' Cheese','',5.95,'',0),(532,37,0,41,'Chicken Fingers','',5.95,'',0),(533,37,0,41,'Mini- Moco','',5.95,'',0),(534,37,0,41,'Cheese Quesadilla','',5.95,'',0),(535,37,0,41,'SpagettiOs','',5.95,'',0),(536,25,0,41,'Chocolate Suicide','',5.95,'',0),(537,25,0,41,'Rootbeer Float','',5.95,'',0),(538,48,0,41,'Maui Teriyaki Chicken','Grilled chicken breast topped with ham, swiss, teriyaki glaze and a grilled pineapple',10.95,'',0),(539,48,0,41,'Grilled Poke Wrap','Grilled Ahi, chipotle aioli, cabbage & salsa. Served with Thai chili sauce on the side',12.95,'',0),(540,48,0,41,'The Cheezy Beefy','Thin sliced steak piled high & stadium cheese on a soft hoagie \"wit or witout\" onions',10.95,'',0),(541,48,0,41,'BLTA','Bacon, lettuce, tomato & avocado',9.95,'',0),(542,48,0,41,'Chicken Caesar Wrap','',10.95,'',0),(543,48,0,41,'Mahi Sandwich','',11.95,'',0),(544,48,0,41,'Pastrami Panini','Pastrami, swiss, grilled onions and cabbage pressed on rye bread',10.95,'',0),(545,48,0,41,'Cajun Chicken Club','',10.95,'',0),(546,48,0,41,'Shrimp B.L.T. Wrap','',11.95,'',0),(547,48,0,41,'Wasabi Tuna Melt','Our special mix of tuna, veggies and spices topped with avocado and served open face',11.95,'',0),(548,49,0,41,'Sizzlin\' Fajitas','All the works included!',14.95,'',0),(549,49,0,41,'Tijuana Fish Tacos ','Grilled Mahi, chipotle aioli, cabbage and salsa',11.95,'',0),(550,49,0,41,'Hogzilla','BBQ Kalua pork, onions, cheese on a huge kaiser roll \"the legend is bigger than the beast!\"',10.95,'',0),(551,49,0,41,'Pub Style Mahi & Chips','',13.95,'',0),(552,49,0,41,'Shrimp & Avocado Cajun Tacos','',10.95,'',0),(553,49,0,41,'Coconut Shrimp & Chips','',12.95,'',0),(556,6,0,41,'Chinese Chicken Salad','Grilled chicken, lettuce, spinach, carrots, chives, orange slices & crispy chow mein',10.95,'',0),(557,6,0,41,'Cabo Wabo Mahi Salad','Blackened Mahi, avocado, tomatoes, onions, twice-fried beans & lime cilantro dressing. Served in a big crispy tortilla shell',11.95,'',0),(558,6,0,41,'Caesar or House Salad','Served with garlic bread and Ranch, Blue Cheese, Avocado Parmesan, Mango Vinaigrette, Oriental, Red Wine Vinaigrette or Lime Cilantro Dressing',7.95,'',0),(559,6,0,41,'Small Kine Salad','Lettuce, tomato, onions, cucumber & carrots. Eat your vegetables!',3.95,'',0),(569,28,0,35,'Twoâ€™s Famous Poke','Fresh Catch of the Day tossed in sesame oil and seasoned with\r\nsea salt, crushed black pepper, white onions, sesame seeds and served on a bed of cabbage',8.5,'',0),(570,28,0,35,'Aikoâ€™s Super Ceviche','Fresh Local Fish marinated in a lemon and lime juice, mixed with\r\nfresh tomatoes, onions and cilantro served with a side of corn tortilla chips',8.5,'',0),(571,28,0,35,'PuPu Sampler','(3 oz each) )A trio platter of Poke, Ceviche and Smoked Fish Dip served with tortilla chips and crackers',12,'',0),(572,28,0,35,'Sashimi','Fresh Local Ahi Tuna thinly sliced and served atop a bed of cabbage with soy sauce and wasabi',8.5,'',0),(573,28,0,35,'Large Seared Ahi','Sashimi Grade Ahi Tuna spiced with blackening seasoning seared rare,\r\nserved atop a bed of cabbge with soy sauce and wasabi',9,'',0),(574,13,0,34,'Soft Drinks','Coke, Diet Coke, Sprite, Mountain Dew and Orange',3,'',0),(575,28,0,37,'Chili Cheese Fries','',9.5,'',0),(576,28,0,37,'Shoyu Ahi Poke','',10.75,'',0),(577,28,0,37,'Chicken Wings','Nine pieces of fried drummettes and wings served with carrot\r\n& celery sticks with ranch dressing',10.5,'',0),(578,28,0,37,'Kalua Pork Nachos Or Chili Nachos','Topped with melted cheese, tomatoes, onions, olives,\r\njalapenos, guacamole, sour cream & salsa',10.5,'',0),(579,28,0,37,'Spicy Buffalo Wings','Nine pieces fried & tossed with our special spicy recipe',10.5,'',0),(580,28,0,37,'Popcorn Shrimp','Served with cocktail sauce',10.75,'',0),(581,28,0,37,'Onion Rings','Beer-battered & thick-cut',6.5,'',0),(582,28,0,37,'Garlic Fries','Tossed in fresh garlic sautÃ©ed with butter',6.95,'',0),(583,28,0,37,'Seasoned Curly Fries','',6.95,'',0),(584,28,0,37,'French Fries','',3.75,'',0),(585,28,0,37,'Chubby\'s Pupu Platter','A combination of our best-sellers! Teriyaki beef, popcorn\r\nshrimp, Korean chicken and onion rings!',25.95,'',0),(586,28,0,37,'Make Your Own Pupu Platter','',31.95,'',0),(587,13,0,37,'Quench Your Thirst','Coke, Sprite, Diet Coke, Rootbeer, Orange Soda,\r\nFruit Punch, Pink Lemonade, Raspberry Iced Tea &\r\nUnsweetened Iced Tea',2.25,'',0),(588,28,0,38,'Chef Muzzyâ€™s Soup Of The Day Or Cool Summer Gazpacho','',6.5,'',0),(589,28,0,38,'Kalua Pork Spring Rolls','Sweet & Sour dipping sauce',7.95,'',4),(590,28,0,38,'Tip Of The Iceberg','Wedge of Lettuce, Grilled Beef Skewer, Warm Blue Cheese Sauce',9.5,'',5),(591,28,0,38,'Homemade Crab Cakes','Red Thai Coconut Curry',10.95,'',6),(592,28,0,38,'Beer Battered Fresh Catch (for 2)','Orange Ponzu Sauce and Homemade Tartar',10.95,'',7),(593,28,0,38,'Pupu Platter (for 2-4)','Ahi Poke, Crab Cakes, Short Ribs, Pork Spring Roll, Dipping Sauces',18.95,'',8),(595,44,0,38,'Angie\'s Salad','Mixed Greens, Blue Cheese, Candied Walnuts,\r\nDried Cranberries, Toms, Papaya, Onions, Raspberry Balsamic Vinaigrette',9.95,'',0),(596,44,0,38,'Ahi Poke Tower','Fresh Tuna, Avocado, Tomato, Crispy Wonton Noodles, Wasabi Drizzle',17.95,'',0),(597,44,0,38,'Fresh Fish Sandwich','Grilled Bun, Wasabi Mayo, served with Fries',14.95,'',0),(598,44,0,38,'Half Pound \"Certified Black Angus\"','Cheddar Burger with Bacon and French Fries',13.95,'',0),(599,44,0,38,'Jackie\'s Chicken Tacos','Grilled Breast, Cheddar, Salsa, Chipotle Cream, Pineapple Relish',15.95,'',0),(600,45,0,38,'Grilled Eight Oz. Pork Chop(s)','Mushroom Sherry Sauce, Garlic Mashers, Grilled Veggies',16.95,'',0),(601,45,0,38,'Chicken & Shrimp Angel Hair Pasta','Tomatoes, Basil, Garlic, Olive Oil, & Grilled Vegetables',16.95,'',0),(602,45,0,38,'Mochiko Crusted Fresh Catch','Molokai Sweet Potato, Lime Ginger Sauce, Stir Fry Vegetables. (Mochiko is Japanese Rice Flour- Creating a Wonderful Crust)',26.95,'',0),(603,45,0,38,'Kona Boulibase','Fresh Manila Clams, Shrimp, Grilled Fresh Fish in Tomato Saffron Lobster Broth over Angel Hair Pasta',28.95,'',0),(604,45,0,38,'Boneless Beef Short Ribs','Ko-Chu-Jang Glazed, Tempura Vegetables, Jasmine White Rice',22.95,'',0),(605,45,0,38,'Summer Fresh Catch','Citrus Herb Brushed, Feta Couscous, Grilled Veg, Tomato Relish',26.95,'',0),(606,45,0,38,'Pasta And Clams','Fresh Manila Clams over Linguini in Garlic, White Wine and Butter',21.95,'',0),(607,45,0,38,'Six Bone Rack Of Lamb','Rosemary Lamb...Rosemary Pesto Glazed, Feta Cheese Couscous, Red Wine Sauce',26.95,'',0),(608,28,0,39,'Roasted Garlic','Served with toasted spent grain focaccia bread and\r\nwarmed creamy gorgonzola cheese.',7,'',0),(609,28,0,39,'Pawai Pepperoni Rolls','Our spent grain dough, rolled up with zesty pepperoni, whole\r\nmilk mozzarella and our house-made ranch dressing, cut\r\npupu-style! Served with marinara for dipping.',7,'',0),(610,28,0,39,'Mac Nut Pesto Cheese Bread','Fire Rock focaccia bread topped with homemade\r\nmacadamia nut pesto, roasted garlic and provolone.\r\nServed with a side of marinara.',8,'',0),(611,28,0,39,'KBCâ€™illa Poâ€™okela','A Kona quesadilla made with mozzarella, cheddar cheese,\r\ngreen chilies, jalapeÃ±os and kalua pork, served with\r\nhomemade salsa, then topped with diced tomatoes and green\r\nonions. Sour cream upon request.',9,'',0),(612,28,0,39,'Cheese KBC\'illa','',6,'',0),(613,28,0,39,'Kawaihae Cajun Seared Ahi','Blackened seared sashimi-style ahi served with wasabi\r\nand soy sauce.',14,'',0),(614,28,0,39,'Hualalai Hummus','Served with spent grain ï¬‚at bread, feta, cucumbers,\r\ntomatoes, kalamata olives and pepperoncinis.',12,'',0),(615,28,0,39,'Tomato, Mozzarella & Basil','Local vine-ripened tomatoes, whole basil leaves and\r\nfresh mozzarella cheese served with toasted spent grain\r\nfocaccia bread, olive oil and balsamic vinegar.',10,'',0),(616,28,0,39,'Garlic Twists','Homemade spent grain bread twists sprinkled with garlic\r\nsalt and parmesan cheese. Served with a side of marinara.',6,'',0),(617,28,0,39,'Chipotle Chicken Dip','Creamy and spicy join forces in this thirst-inducing pupu!\r\nA blend of shredded chicken breast, sundried tomatoes, cream\r\ncheese, chipotle & jalapeÃ±o peppers and smoked mozzarella.\r\nServed with KBCâ€™s herbed pita bread and tortilla chips.',11,'',0),(618,28,0,39,'Kona Crab Cakes','Homemade crispy crab cakes drizzled with our zesty\r\ncajun aioli.',12,'',0),(619,28,0,39,'Keauhou Crab Dip','A rich blend of crab meat, cream cheese, mozzarella and\r\nparmesan cheeses, roasted red peppers, a touch of fresh garlic\r\nand a splash of Longboard Island Lager. Served with KBCâ€™s\r\nherbed pita bread.',11,'',0),(620,28,0,39,'Garlic Cheese Bread','Garlic aioli, provolone and parmesan cheeses toasted\r\nand served with a side of marinara.',7,'',0),(621,28,0,39,'Chips & Salsa','White corn tortilla chips and Kona Brewâ€™s homemade salsa.',7,'',0),(622,28,0,39,'Naalehu Nachos','White Corn tortilla chips layered with cheddar and mozzarella\r\ncheeses, black beans, green chiles, tomatoes, black olives,\r\ncorn, jalapeÃ±os and a side of salsa. Sour cream upon request.',12,'',0),(623,28,0,39,'Peleâ€™s Fire Wings','Fire Rock Pale Ale marinated wings, tossed in your choice of\r\nspicy sauces and served with a side of KBCâ€™s ranch dressing.\r\nChoose from Spicy Teriyaki, Buffalo Hot Sauce or BBQ.',10,'',0),(624,6,0,39,'Big Island Mixed Baby Greens','Local red, green and baby leaf lettuces, tomatoes, cucumbers,\r\nMaui onions. Sprinkled with toasted macadamia nuts.\r\nChoose from balsamic vinaigrette or homemeade ranch\r\ndressing on the side.',9,'',0),(625,6,0,39,'Greek Salad','Created with cucumbers, kalamata olives, Maui onions,\r\npepperoncinis, tomatoes, and feta cheese atop crisp romaine.\r\nHomemade balsamic vinaigrette on the side.',9,'',0),(626,6,0,39,'Strawberry Spinach Salad','Fresh baby spinach covered with strawberries, toasted macadamia\r\nnuts, gorgonzola and Maui onions. Strawberry vinaigrette on the side.',9,'',0),(627,6,0,39,'Caesar Salad','Spicy and fresh, we start with locally grown romaine, toss\r\nit in our zesty garlic caesar dressing and top with homemade\r\ncroutons and parmesan cheese.',8,'',0),(628,6,0,39,'Mauna Loa Spinach Salad','Fresh baby spinach, toasted macadamia nuts, chevre cheese,\r\ntomatoes and Maui onions. Balsamic vinaigrette on the side.',9,'',0),(642,64,0,42,'Paniolo Rib Eye Steak','The most beautiful rib eye! Topped with a cheese enchilada smothered in ranchero sauce and melted cheese. Served with borracho beans, a tossed green salad and warm tortillas',15.95,'',0),(643,64,0,42,'New York Peppercorn Steak','A lovely New York steak smothered in our red wine mushroom gravy. Served with baked potato and tossed green salad',25.95,'',0),(644,64,0,42,'Pork Chops','Tis one is too good to be true! (Pancho\'s new creation) Marinated pork chops, grilled and served with baked potato and tossed green salad',16.95,'',0),(645,64,0,42,'Fresh Catch Of The Day From Captain Chuck','',21.95,'',0),(646,64,0,42,'Cajun Fish Sandwich','A warm bun with Cajun-style fish, fresh lettuce, tomato and onions. Served with French fries. ',14.95,'',0),(647,64,0,42,'Grilled Chicken Breast Sandwich','marinated grilled chicken breast topped with fresh lettuce, tomato, onions. Served with French fries',11.95,'',0),(648,64,0,42,'Texas Chesseburger','Two fresh hamburger patties, cheese, fresh lettuce, tomato, onions and our special dressing. Served with French fries',11.95,'',0),(649,64,0,42,'Cheeseburger','A fresh hamburger patty with cheese, fresh lettuce, tomato, onions, and mayo. Served with French fries',9.95,'',0),(650,64,0,42,'Hamburger','The basic hamburger with lettuce, tomato and onions. Served with French fries',8.95,'',0),(651,63,0,42,'Taquitos','Four corn tortillas wrapped around spicy beef, deep-fried \'til crispy and topped with guacamole and sour cream',10.95,'',0),(652,63,0,42,'Chimichanga','A flour tortilla filled with your choice of beef or chicken deep-fried and served with sour cream and guacamole, includes rice and your choice of beans',14.95,'',0),(653,63,0,42,'Tostada','A crisp tortilla layered with your choice of chicken or beef, refried beans, cheese, lettuce, tomatoes, guacamole and sour cream with Mexican rice',13.95,'',0),(654,63,0,42,'Mexican Pizza','Layered flour tortillas with beans, hamburger, beef, bell peppers, onion and tomato topped with melted cheese and taco sauce',10.95,'',0),(655,63,0,42,'Enchiladas','A pair of any two enchiladas- chicken, beef, or cheese smothered with our special sauce and served with your choice of beans',10.95,'',0),(656,63,0,42,'Mexican Burger','Topped w/ strips of mild chilies, tomatoes, cheese, guacamole, lettuce and olives',10.95,'',0),(657,63,0,42,'Platillos Mexicanos','Looking for variety? Create your own! Choice of two: Taco, Enchilada, Burrito, Tamale, Chili Relleno- Served with Mexican rice and refried beans',16.95,'',0),(658,62,0,42,'Our Style Burrito','Fresh island fish, beer battered and deep-fried, wrapped in a flavored tortilla stuffed with cabbage, onions, tomatoes & creamy avocado salsa. Topped with sour cream',16.95,'',0),(659,62,0,42,'Carne Asada Burrito','Chunks of marinated steak, borracho beans, rice and pico de gallo wrapped in a flour tortillas smothered in melted cheese',16.95,'',0),(660,62,0,42,'Chili Colorado Burrito','Top Sirloin in our special Color adored sauce. A must try!',14.95,'',0),(661,62,0,42,'Burrito Verde','Lefty\'s favorite! A huge flour tortilla filled with pork and green chilies, topped with green sauce and plenty of cheese',14.95,'',0),(662,62,0,42,'Burrito Con Carne Or Pollo','A giant flour tortilla loaded with shredded beef or chicken, melted cheese, and our special sauce',14.95,'',0),(663,61,0,42,'Enchiladas De Mariscas','Pancho\'s special enchilada concoction featuring a blend of island-fresh seafood, melted cheese and our not-so-secret sauce',19.95,'',0),(664,61,0,42,'Enchiladas Rancheros','Only at Pancho and Lefty\'s! Tender chunks of sirloin steak and our own ranchero sauce wrapped inside a corn tortilla, blanketed with melted cheddar cheese and ranchero sauce. Simply irresistible! ',15.95,'',0),(665,61,0,42,'Chili Relleno','A fresh Poblano chili stuffed with jack cheese, dipped in egg batter, deep fried and covered with enchilada sauce',14.95,'',0),(666,61,0,42,'Carnitas','Tender shredded pork served with sour cream, guacamole, and pico de gallo, Includes warm tortillas (original recipe from our tio in Mexico City)',16.95,'',0),(667,61,0,42,'Carne Asada','Marinated charbroiled steak served with guacamole, pico de gallo and a cheese enchilada. Served with warm tortillas ',18.95,'',0),(668,61,0,42,'Pechuga Pollo Relleno','Chicken breast stuffed with jack cheese and mild chilies, dipped in egg batter then rolled in seasoned bread crumbs and deep-fried. Finished with a blanket of enchilada sauce',17.95,'',0),(669,61,0,42,'Tamale Dinner','Your choice of chicken or pork carnitas with verde sauce or beef with ranchero sauce (only when Pancho and Lefty\'s mama visits us from Mexico!)',15.95,'',0),(670,61,0,42,'Taco And Enchilada Combo','Chicken or Beef taco and cheese enchilada',12.95,'',0),(671,61,0,42,'Chili Verde','Pork and green chilies (on the spicy side) with warm tortillas',15.95,'',0),(672,61,0,42,'Chili Colorado','Top sirloin in a mild red sauce, served with warm tortillas',15.95,'',0),(673,61,0,42,'Seafood Vera Cruz','Sauteed fish with bell peppers, onions, olives, and the Captain\'s special sauce. Served with tortillas',19.95,'',0),(674,13,0,50,'Soft Drinks','Coke,\r\nDiet Coke,\r\nRoot Beer,\r\nSprite,\r\nPink Lemonade,\r\nOrange Soda,\r\nIce Tea',0.99,'',0),(675,13,0,50,'Coffee','',0.99,'',0),(676,13,0,50,'10 lb Bag of Ice','',1,'',0),(677,1,0,50,'Philly Steak','Pure, tender beef steak, with tomato, onion, bell pepper, mushrooms, and mozzarella cheese',5.99,'',0),(678,1,0,50,'Meatball','5 oz. of meatballs with tomato sauce, topped with mozzarella cheese',5.99,'',0),(679,1,0,50,'Turkey Breast','Sliced turkey breast w/ mayonnaise, mustard, mozzarella, lettuce, tomato, onion, pickles',6.99,'',0),(680,1,0,50,'Roast Beef','Sliced Roast Beef with mayonnaise, mustard, mozzarella, lettuce, tomato, onion, pickles',5.99,'',0),(686,1,0,50,'Gyro','Gyro meat with tomato, yogurt, and cucumber sauce, lettuce and onion, rolled in pita bread',6.99,'',0),(682,1,0,50,'Pastrami','Pastrami with mayonnaise, mustard, mozzarella, lettuce, tomato, onion, pickles',5.99,'',0),(683,1,0,50,'Pizza Sub','Your choice of two toppings w/ pizza sauce, mozzarella cheese, on a 10\" roll',5.99,'',0),(684,1,0,50,'Ham & Cheese','Sliced Ham with mayonnaise, mustard, mozzarella, lettuce, tomato, onion, pickles',5.99,'',0),(685,1,0,50,'Combo','Turkey, Pastrami, Ham, Roast Beef with mayonnaise, mustard, mozzarella, lettuce, tomato, onion, pickles',6.99,'',0),(687,5,0,50,'1/2 lb Buffalo Wings','Served with 4 bread sticks and small Pepsi',7.99,'',0),(688,5,0,50,'Garlic Bread','With or without cheese',2,'',0),(689,5,0,50,'8 Breadsticks','Served with Pizza sauce',2.5,'',0),(690,2,0,50,'Lasagna','Lasagna w/ meat sauce, mozzarella and parmesan cheese. \r\nServed with small salad, or garlic bread, or large Pepsi',8.99,'',0),(691,6,0,50,'Sam\'s Salad','Lettuce, tomato, black olives, onion, pepperoncini, and Sam\'s dressing',2.99,'',0),(692,6,0,50,'Antipasto Salad','Canadian bacon, turkey, ham, pepperoni, salami, lettuce, tomato, black olives, onion, pepperoncini, and Sam\'s dressing',4.99,'',0),(693,6,0,50,'Greek Salad','Large with Feta cheese',8.99,'',0),(695,66,0,50,'Giant Slice of Cheese Pizza','',2.09,'',0),(696,66,0,50,'Giant Slice of Pepperoni Pizza','',2.5,'',0),(730,2,0,52,'Lasagna','',6.99,'',0),(731,2,0,52,'Spaghetti With Meatballs','',9.99,'',0),(732,2,0,52,'Spaghetti ','',6.99,'',0),(705,6,0,51,'Antipasto Salad','Lettuce, Tomatoes, Cucumbers, Onions, Sliced Olives, Green Pepper, Peppercini, Ham, Pepperoni and Cheese',3.99,'',0),(706,67,0,51,'Lasagna Dinner','Our Delicious Homemade Recipe',7.99,'',0),(707,67,0,51,'Spaghetti With Meatballs','Our Special Sauce Simmered to Perfection',7.99,'',0),(708,67,0,51,'Ravioli Past','Our Special Sauce Simmered to Perfection',6.99,'',0),(709,1,0,51,'Roast Beef','Garnished with Lettuce, Mayo, Onions Tomatoes, Cheese, Pickles,  and Mustard',5.99,'',1),(710,1,0,51,'Pastrami','Garnished with Lettuce, Mayo, Onions Tomatoes, Cheese, Pickles,  and Mustard',5.99,'',0),(711,1,0,51,'Ham & Turkey','Garnished with Lettuce, Mayo, Onions Tomatoes, Cheese, Pickles,  and Mustard',5.99,'',2),(712,1,0,51,'Ham & Cheese','Garnished with Lettuce, Mayo, Onions Tomatoes, Cheese, Pickles,  and Mustard',5.99,'',3),(713,1,0,51,'Turkey ','Garnished with Lettuce, Mayo, Onions Tomatoes, Cheese, Pickles,  and Mustard',5.99,'',4),(714,1,0,51,'Italian Sub- Salami, Ham, & Pepperoni','Garnished with Lettuce, Mayo, Onions Tomatoes, Cheese, Pickles,  and Mustard',5.99,'',5),(715,35,0,51,'1/2 Pound Shrimp Combo, 21 pieces breaded shrimp','With Homemade cocktail sauce',6.99,'',0),(716,35,0,51,'Fish & Chips','Served with Tartar sauce',7.49,'',0),(717,35,0,51,'Gyro Plate','Big portion of meat with Pita Bread, Tomatoes, Onions, and tzatziki sauce',7.99,'',0),(718,1,0,51,'Gyro','with Tzatziki Sauce, mixed Beef and Lamb meat, Onions, Tomatoes on a 7\" Grilled Pita Bread',5.99,'',6),(719,35,0,51,'12 pcs. Chicken Wings','',7.99,'',0),(720,1,0,51,' Philly Cheese Steak','Thin sliced beef, peppers, onions, mushrooms and cheese on 10\" Italian bread',7.99,'',7),(721,1,0,51,'1/2 lb. Hamburger ','100% Pure Beef Patty with Lettuce, Tomatoes, Onions, Pickles & Mayonnaise on a 5\" Bun',6.99,'',8),(722,35,0,51,'10 pcs. Chicken Nuggets','with BBQ Sauce',5.99,'',0),(723,1,0,51,'Chicken Patty Sandwich','Served on a bun with lettuce, mayo, tomato, pickles & onions',6.99,'',9),(724,1,0,51,'Meatball Sub','Our tasty meatballs in roasted garlic marinara sauce, mozzarella cheese on a 10\" Italian Bread',6.99,'',10),(725,5,0,51,'Garlic Bread','',2.99,'',0),(726,5,0,51,'Garlic Bread with Cheese','',3.99,'',0),(727,5,0,51,'Onion Rings','',2.99,'',0),(728,13,0,51,'2 liter Pepsi','',2.5,'',0),(729,25,0,51,'Slice of New York Cheesecake','',2.5,'',0),(733,2,0,52,'Ravioli ','',6.99,'',0),(734,2,0,52,'Eggplant Parmesan','w/ Spaghetti',9.99,'',0),(735,2,0,52,'Chicken Parmesan','w/ Spaghetti',9.99,'',0),(736,47,0,52,'Mozzarella Sticks','5 pc',4.99,'',0),(737,47,0,52,'French Fries','',2.99,'',0),(738,47,0,52,'Chicken Strips','5 pc',5.99,'',0),(739,47,0,52,'Jalapeno Poppers','5 pc',4.99,'',0),(740,47,0,52,'Buffalo Wings','10 pieces',7.99,'',0),(741,1,0,52,'Torpedo','',5.99,'',0),(742,1,0,52,'Pastrami','',5.99,'',0),(743,1,0,52,'Chicken Philly','',7.99,'',0),(748,1,0,52,'Chicken Parmesan','',5.99,'',0),(744,1,0,52,'Philly Cheese Steak','',6.99,'',0),(745,1,0,52,'Gyros','',5.99,'',0),(746,1,0,52,'Meatball','',5.99,'',0),(747,1,0,52,'Sausage Sandwich','',5.99,'',0),(749,1,0,52,'Eggplant Parmesan','',5.99,'',0),(750,6,0,52,'Garden','Side Salad',1.99,'',0),(751,6,0,52,'Antipasto Salad','Medium',4.99,'',0),(752,6,0,52,'Greek Salad','Medium',4.99,'',0),(753,47,0,52,'Meatball','',2.99,'',0),(754,47,0,52,'Garlic Bread','',1.99,'',0),(755,47,0,52,'Garlic Bread w/ Cheese','',2.99,'',0),(756,47,0,52,'Bread Sticks','w/ Marinara Sauce',3.99,'',0),(757,25,0,52,'Cheesecake','',2.99,'',0),(758,66,0,51,'Giant Slice w/ Works','Pepperoni, sausage, black olives, onions, mushrooms, green peppers, canadian bacon, beef.',4.99,'',0),(759,66,0,51,'Giant Slice Vegetarian','Mushroom, black olives, onion, bell pepper, & sliced tomatos.',4.49,'',0);
/*!40000 ALTER TABLE `items` ENABLE KEYS */;
UNLOCK TABLES;

--
-- Table structure for table `items_options`
--

DROP TABLE IF EXISTS `items_options`;
/*!40101 SET @saved_cs_client     = @@character_set_client */;
/*!40101 SET character_set_client = utf8 */;
CREATE TABLE `items_options` (
  `id` int(10) NOT NULL AUTO_INCREMENT,
  `item_id` int(8) NOT NULL,
  `label` varchar(255) NOT NULL,
  `price` float NOT NULL,
  `add_group_id` int(3) NOT NULL DEFAULT '0',
  `add_group_limit` int(2) NOT NULL DEFAULT '0',
  PRIMARY KEY (`id`)
) ENGINE=MyISAM AUTO_INCREMENT=747 DEFAULT CHARSET=latin1;
/*!40101 SET character_set_client = @saved_cs_client */;

--
-- Dumping data for table `items_options`
--

LOCK TABLES `items_options` WRITE;
/*!40000 ALTER TABLE `items_options` DISABLE KEYS */;
INSERT INTO `items_options` VALUES (1,69,'6\"',4.25,0,0),(2,69,'12\"',6.25,0,0),(3,70,'6\"',4.25,0,0),(4,70,'12\"',6.25,0,0),(5,71,'6\"',4.25,0,0),(6,71,'12\"',6.25,0,0),(7,72,'6\"',4.25,0,0),(8,72,'12\"',6.25,0,0),(9,73,'6\"',4.25,0,0),(10,73,'12\"',6.25,0,0),(11,74,'12\"',6.25,0,0),(12,74,'6\"',4.25,0,0),(13,75,'6\"',4.75,0,0),(14,75,'12\"',6.75,0,0),(15,76,'6\"',4.99,0,0),(16,76,'12\"',6.99,0,0),(17,77,'6\"',4.99,0,0),(18,77,'12\"',6.99,0,0),(19,78,'Marinara',7.99,0,0),(20,78,'Meatballs or Sausage',8.25,0,0),(21,78,'Meatballs & Sausage',9.25,0,0),(52,79,'Meatball or Sausage',9.25,0,0),(53,79,'Meatball & Sausage',10.25,0,0),(25,80,'Small',3.25,0,0),(26,80,'Large',5.25,0,0),(27,81,'Small',4.75,0,0),(28,81,'Large',6.75,0,0),(29,82,'Small',4.25,0,0),(30,82,'Large',6.25,0,0),(31,83,'Small',4.75,0,0),(32,83,'Large',7.25,0,0),(33,88,'Cheese',7.99,0,0),(34,88,'Meat',7.99,0,0),(35,90,'Regular',1.95,0,0),(36,90,'W/ Cheese',2.45,0,0),(51,79,'Meat',8.25,0,0),(694,168,'Regular',0,1,1),(61,104,'Medium',5,0,0),(62,104,'Large',6,0,0),(78,123,'w/ Hamburger Patties',0,1,1),(79,123,'w/ Fried Shrimp',0,1,1),(80,123,'w/ Portuguese Sausage',0,1,1),(81,123,'w/ Spam',0,1,1),(82,123,'w/ Bacon',0,1,1),(83,123,'w/ Roast Pork',0,1,1),(84,123,'w/ Chicken Katsu',0,1,1),(85,123,'w/ Corned Beef',0,1,1),(218,263,'Bowl',1.3,1,1),(217,162,'With a scoop of ice cream (ala mode style)',2.25,0,0),(692,166,'Hot Sub',0,1,1),(693,166,'Cold Sub',0,1,1),(481,458,'House Spicy Sauce',0,1,1),(480,458,'Oyster Sauce',0,1,1),(119,196,'Add Jumbo Shrimp',21,0,0),(118,196,'Add Seasoned Grilled Chicken',19,0,0),(117,196,'Regular',14,0,0),(120,196,'Add Scallops',21,0,0),(121,196,'Add Seasoned MahiMahi',22,0,0),(122,196,'Add Seasoned Salmon',22,0,0),(123,197,'Marinara Sauce',13,0,0),(124,197,'Fresh Mushroom Marinara Sauce',15,0,0),(125,197,'Seasoned Meat Sauce',16,0,0),(126,197,'Two Large Homemade Meatballs',16,0,0),(127,197,'Two Italian Sausages',16,0,0),(128,198,'Marinara Sauce',13,0,0),(129,198,'Fresh Mushroom Sauce',15,0,0),(130,198,'Seasoned Meat Sauce',16,0,0),(131,198,'Two Large Homemade Meatballs',16,0,0),(132,198,'Two Italian Sausages',16,0,0),(138,200,'Jumbo Shrimp & Scallops w/ Linguine',4,0,0),(137,200,'Scallops w/ Linguine',0,0,0),(136,200,'Jumbo Shrimp w/ Linguine',0,0,0),(139,200,'Jumbo Shrimp w/ Angel Hair Pasta',0,0,0),(140,200,'Scallops w/ Angel Hair Pasta',0,0,0),(141,200,'Jumbo Shrimp & Scallops w/ Angel Hair Pa',4,0,0),(142,201,'MahiMahi',0,0,0),(143,201,'Salmon',0,0,0),(147,202,'Hot, w/ Linguine',0,0,0),(146,202,'Mild, w/ Linguine',0,0,0),(148,202,'Mild, w/ Angel Hair Pasta',0,0,0),(149,202,'Hot, w/ Angel Hair Pasta',0,0,0),(150,203,'Marinara Sauce',0,0,0),(151,203,'Lemon, Butter, Garlic, & White Wine Sauc',0,0,0),(152,204,'Jumbo Shrimp',0,0,0),(153,204,'Scallops',0,0,0),(154,205,'Jumbo Shrimp',22,0,0),(155,205,'MahiMahi',22,0,0),(156,206,'Marinara Sauce',20,0,0),(157,206,'Piccata Sauce',20,0,0),(158,207,'Linguine',17,0,0),(159,207,'Angel Hair Pasta',17,0,0),(160,208,'Linguine',18,0,0),(161,208,'Angel Hair Pasta',18,0,0),(162,211,'Chicken',18,0,0),(163,211,'Shrimp',22,0,0),(268,300,'1 Dozen',9,1,1),(479,459,'Pepper garlic sauce',0,3,1),(267,300,'1/2 Dozen',0,1,1),(269,299,'1/2 lb.',0,1,1),(271,256,'1/2 lb.',0,1,1),(214,108,'Add Bacon',1.25,0,0),(213,108,'Add Mushrooms',1.25,0,0),(212,108,'Add Onions',1.25,0,0),(215,108,'Add Bacon, Mushrooms, & Onions',2.25,0,0),(219,264,'Add Grilled Chicken',4,0,0),(220,264,'Add Grilled Shrimp',6,0,0),(226,108,'Swiss Cheese',1.75,1,1),(225,108,'American Cheese',0,1,1),(224,108,'No Cheese',0,1,1),(227,106,'Wheat Bread',0,1,1),(228,106,'White Bread',0,1,1),(229,106,'Rye Bread',0,1,1),(230,107,'Cheddar Cheese',0,1,1),(231,107,'American Cheese',0,1,1),(232,107,'Swiss Cheese',0,1,1),(233,111,'Wheat Bread',0,1,1),(234,111,'White Bread',0,1,1),(235,111,'Rye Bread',0,1,1),(236,111,'French Roll',0,1,1),(237,112,'Wheat Bread',0,1,1),(238,112,'White Bread',0,1,1),(239,112,'Rye Bread',0,1,1),(240,112,'French Roll',0,1,1),(241,115,'Tartar Sauce',0,1,1),(242,115,'Cocktail Sauce',0,1,1),(243,150,'Potato Macaroni Salad',0,1,1),(244,150,'Sauteed Vegetables',0,1,1),(245,151,'Potato Macaroni Salad',0,1,1),(246,151,'SautÃ©ed Vegetables',0,1,1),(247,152,'Potato Macaroni Salad',0,1,1),(248,152,'SautÃ©ed Vegetables',0,1,1),(249,153,'Potato Macaroni Salad',0,1,1),(250,153,'SautÃ©ed Vegetables',0,1,1),(251,154,'Potato Macaroni Salad',0,1,1),(252,154,'SautÃ©ed Vegetables',0,1,1),(253,156,'Potato Macaroni Salad',0,1,1),(254,156,'SautÃ©ed Vegetables',0,1,1),(255,157,'Scoop of Rice',0,1,1),(256,157,'Garlic Mashed Potatos ',0,1,1),(257,157,'French Fries',0,1,1),(258,157,'Potato Macaroni Salad',0,2,1),(259,157,'SautÃ©ed Vegetables',0,2,1),(270,299,'1 lb.',9,1,1),(272,256,'1 lb.',7,1,1),(279,304,'Bowl',3,1,1),(278,304,'Cup',0,1,1),(280,304,'New England Style Clam Chowder',0,2,1),(281,304,'Lobster Bisque',0,2,1),(282,305,'Regular (4 oz. fish)',0,1,1),(283,305,'Large (8 oz. fish)',6,1,1),(284,305,'Seared Ahi',0,2,1),(285,305,'Grilled Fish of the Day',0,2,1),(286,305,'Smoked Fish',0,2,1),(287,306,'Small',0,1,1),(288,306,'Large',3,1,1),(289,306,'Ranch Dressing',0,2,1),(290,306,'Blue Cheese Dressing',0,2,1),(291,306,'Caesar Dressing',0,2,1),(292,306,'Italian Dressing',0,2,1),(293,306,'Thousand Island Dressing',0,2,1),(294,306,'Add 4oz. of Fish',4,0,0),(295,295,'Fish',0,1,2),(296,295,'Shrimp',0,1,2),(297,295,'Clams',0,1,2),(298,295,'Chicken',0,1,2),(299,309,'8 oz.',0,1,1),(300,309,'10 oz.',4,1,1),(301,309,'12 oz.',7,1,1),(302,309,'Rare',0,2,1),(303,309,'Medium Rare',0,2,1),(304,309,'Medium',0,2,1),(305,309,'Medium Well',0,2,1),(306,309,'Well Done',0,2,1),(307,309,'Add Lobster Tail',8,0,0),(308,310,'Bacon',0,1,1),(309,310,'Portuguese Sausage',0,1,1),(310,310,'Spam',0,1,1),(311,310,'Ham',0,1,1),(312,310,'Link Sausage',0,1,1),(313,311,'Bacon',0,1,1),(314,311,'Portuguese Sausage',0,1,1),(315,311,'Spam',0,1,1),(316,311,'Ham',0,1,1),(317,311,'Link Sausage',0,1,1),(318,311,'Add Bananas',1,0,0),(319,311,'Add Macadamia Nuts',1,0,0),(320,311,'Add Strawberry Topping',1,0,0),(321,311,'Add Chocolate Chips',1,0,0),(322,312,'Add Bananas',1,0,0),(323,312,'Add Chocolate Chips',1,0,0),(324,312,'Add Macadamia Nuts',1,0,0),(325,312,'Add Strawberry Topping',1,0,0),(326,313,'Add Bananas',1,0,0),(327,313,'Add Chocolate Chips',1,0,0),(328,313,'Add Macadamia Nuts',1,0,0),(329,313,'Add Strawberry Topping',1,0,0),(330,314,'Add Bananas',1,0,0),(331,314,'Add Chocolate Chips',1,0,0),(332,314,'Add Macadamia Nuts',1,0,0),(333,314,'Add Strawberry Topping',1,0,0),(334,318,'Scrambled Eggs',0,1,1),(335,318,'Fried Eggs',0,1,1),(336,318,'Over Easy Eggs',0,1,1),(337,318,'Over Hard Eggs',0,1,1),(338,310,'Fried Eggs',0,1,1),(339,310,'Over Easy Eggs',0,1,1),(340,310,'Over Hard Eggs',0,1,1),(341,310,'Scrambled Eggs',0,1,1),(342,311,'Fried Eggs',0,1,1),(343,311,'Over Easy Eggs',0,1,1),(344,311,'Over Hard Eggs',0,1,1),(345,311,'Scrambled Eggs',0,1,1),(346,319,'Ham',0,1,3),(347,319,'Bacon',0,1,3),(348,319,'Portuguese Sausage',0,1,3),(349,319,'Spam',0,1,3),(350,319,'Tomatos',0,1,3),(351,319,'Onions',0,1,3),(352,319,'Bell Peppers',0,1,3),(353,319,'Mushrooms',0,1,3),(354,320,'Bacon',0,2,8),(355,320,'Bell Peppers',0,2,8),(356,320,'Ham',0,2,8),(357,320,'Mushrooms',0,2,8),(358,320,'Onions',0,2,8),(359,320,'Portuguese Sausage',0,2,8),(360,320,'Spam',0,2,8),(361,320,'Tomatos',0,2,8),(362,330,'Fried',0,1,1),(363,330,'Raw',0,1,1),(364,338,'Hamburger Steak',0,1,2),(365,338,'Chicken Katsu',0,1,2),(366,338,'Teriyaki Beef',0,1,2),(367,338,'Pork Cutlet w/ Brown Gravy',0,1,2),(368,338,'Kalua Pork & Cabbage',0,1,2),(369,338,'Korean Chicken',0,1,2),(370,338,'Shoyu Ahi Poke (Fried)',0,1,2),(371,338,'Shoyu Ahi Poke (Raw)',0,1,2),(372,338,'Pork Chops',0,1,2),(373,338,'Teriyaki Chicken',0,1,2),(374,338,'Fried Shrimp',0,1,2),(375,338,'Chop Steak',0,1,2),(376,338,'Fish & Chips',0,1,2),(377,338,'Liver w/ Bacon & Onions',0,1,2),(378,338,'Kalbi Short Ribs',0,1,2),(379,358,'Wheat Bread',0,1,1),(380,358,'White Bread',0,1,1),(381,358,'Rye Bread',0,1,1),(382,362,'Wheat Bread',0,1,1),(383,362,'White Bread',0,1,1),(384,362,'Rye Bread',0,1,1),(385,362,'Ham',0,2,1),(386,362,'Turkey',0,2,1),(387,362,'Tuna',0,2,1),(388,362,'Roast Beef',0,2,1),(389,365,'Ranch',0,1,1),(390,365,'Honey Mustard',0,1,1),(478,459,'Thai curry sauce',0,3,1),(477,459,'Spicy chili sauce',0,3,1),(476,459,'Sweet and sour sauce with vegetables',0,3,1),(475,459,'Fresh ginger in Thai sauce',0,3,1),(474,459,'Broiled',0,2,1),(473,459,'Deep Fried',0,2,1),(472,459,'Mahi Mahi',0,1,1),(471,459,'Ono',0,1,1),(470,457,'Jackie Rey\'s Caesar Salad',0,1,1),(469,457,'House Salad',0,1,1),(406,385,'Coke',0,1,1),(407,385,'Root Beer',0,1,1),(408,385,'Orange',0,1,1),(628,594,'Large',5,1,1),(627,594,'Small',0,1,1),(414,406,'Single',0,1,1),(415,406,'Double',1.25,1,1),(416,408,'Flour Tortillas',0,1,1),(417,408,'Corn Tortillas',0,1,1),(418,410,'Organic greens salad',0,1,1),(419,410,'House-cut French fries',0,1,1),(420,410,'Beef Patty',0,2,1),(421,410,'Portobello Mushroom',0,2,1),(422,416,'10\"',0,1,1),(423,416,'14\"',4,1,1),(424,417,'10\"',0,1,1),(425,417,'14\"',4,1,1),(426,418,'10\"',0,1,1),(427,418,'14\"',4,1,1),(428,419,'10\"',0,1,1),(429,419,'14\"',0,1,1),(430,420,'10\"',0,1,1),(431,420,'14\"',4,1,1),(435,434,'Beef',0,1,1),(436,434,'Chicken',0,1,1),(437,439,'Beef',0,1,1),(438,439,'Pork',0,1,1),(439,439,'Chicken',0,1,1),(440,441,'Cup',0,1,1),(441,441,'Bowl',5,1,1),(442,442,'Cup',0,1,1),(443,442,'Bowl',5,1,1),(444,444,'Cup',0,1,1),(445,444,'Bowl',7,1,1),(446,445,'Cup',0,1,1),(447,445,'Bowl',5,1,1),(448,446,'Cup',0,1,1),(449,446,'Bowl',5,1,1),(450,448,'Pork',0,1,1),(451,448,'Chicken',0,1,1),(452,448,'Beef',0,1,1),(453,448,'Shrimp',0,1,1),(454,449,'Pork',0,1,1),(455,449,'Chicken',0,1,1),(456,449,'Beef',0,1,1),(457,449,'Shrimp',0,1,1),(458,451,'Beef',0,1,1),(459,451,'Pork',0,1,1),(460,451,'Chicken',0,1,1),(461,451,'Shrimp',0,1,1),(462,452,'Beef',0,1,1),(463,452,'Pork',0,1,1),(464,452,'Chicken',0,1,1),(465,452,'Shrimp',0,1,1),(466,452,'Vegetarian Style',0,1,1),(487,484,'Beef',0,1,1),(488,484,'Pork',0,1,1),(489,484,'Chicken',0,1,1),(490,485,'Shrimp',0,1,1),(491,485,'Crab Meat',0,1,1),(492,485,'Shrimp',0,2,1),(493,485,'Crab Meat',0,2,1),(494,486,'Chicken',0,1,1),(495,486,'Beef',0,1,1),(496,486,'Pork',0,1,1),(497,486,'Shrimp',0,1,1),(498,486,'Vegetables',0,1,1),(499,491,'Beef',0,1,1),(500,491,'Pork',0,1,1),(501,491,'Chicken',0,1,1),(502,491,'Shrimp',0,1,1),(503,492,'Beef',0,1,1),(504,492,'Pork',0,1,1),(505,492,'Chicken',0,1,1),(506,492,'Shrimp',0,1,1),(507,494,'Beef',0,1,1),(508,494,'Pork',0,1,1),(509,494,'Chicken',0,1,1),(510,494,'Shrimp',0,1,1),(511,495,'Beef',0,1,1),(512,495,'Pork',0,1,1),(513,495,'Chicken',0,1,1),(514,495,'Shrimp',0,1,1),(515,496,'Beef',0,1,1),(516,496,'Pork',0,1,1),(517,496,'Chicken',0,1,1),(518,496,'Shrimp',0,1,1),(519,501,'Regular',0,1,1),(520,501,'Large',9,1,1),(521,503,'Cup',0,1,1),(522,503,'Bowl',2,1,1),(529,540,'with onions',0,1,1),(530,540,'without onions',0,1,1),(531,543,'Grilled',0,1,1),(532,543,'Blackened',0,1,1),(533,543,'Kona Beer Battered',0,1,1),(534,548,'Pork',0,1,1),(535,548,'Steak',0,1,1),(536,548,'Chicken',0,1,1),(537,548,'Veggies',0,1,1),(538,523,'Mild sauce',0,1,1),(539,523,'Hot sauce',0,1,1),(540,517,'Scrambled',0,1,1),(541,517,'Over easy',0,1,1),(542,517,'over medium',0,1,1),(543,517,'Fried/ Over hard',0,1,1),(695,168,'Large',5,1,1),(559,558,'Ranch',0,1,1),(560,558,'Blue Cheese',0,1,1),(561,558,' Avocado Parmesan',0,1,1),(562,558,'Mango Vinaigrette',0,1,1),(563,558,'Oriental',0,1,1),(564,558,'Red Wine Vinaigrett',0,1,1),(565,558,'Lime Cilantro Dressing',0,1,1),(566,558,'House',0,2,1),(567,558,'Caesar',0,2,1),(568,558,'Regular',0,3,1),(569,558,'Add Mahi Mahi',4,3,1),(570,558,'Add Tiger Shrimp',4,3,1),(571,558,'Add Crab Cakes',5,3,1),(572,558,'Add Grilled Chicken',3,3,1),(573,558,'Add Blackened Chicken',3,3,1),(574,558,'Add BBQ Chicken',3,3,1),(575,558,'Add Teriyaki Chicken',3,3,1),(576,558,'Add Chicken Strips',3,3,1),(592,578,'Kalua Pork',0,1,1),(593,578,'Chili',0,1,1),(599,584,'Large',2.2,1,1),(598,584,'Small',0,1,1),(600,586,'Chicken Katsu',0,1,3),(601,586,'Teri Beef',0,1,3),(602,586,'Korean Chicken',0,1,3),(603,586,'Kalbi Short Ribs',0,1,3),(604,586,'Fried Shrimp',0,1,3),(605,586,'Battered Fish',0,1,3),(606,586,'Teriyaki Chicken',0,1,3),(607,586,'Shoyu Poke',0,1,3),(608,586,'Popcorn Shrimp',0,1,3),(609,586,'Onion Rings',0,2,1),(610,586,'French Fries',0,2,1),(611,586,'Garlic Fries',0,2,1),(612,586,'Curly Fries',0,2,1),(613,587,'Medium',0,1,1),(614,587,'Large',0.75,1,1),(615,587,'Coke',0,2,1),(616,587,'Diet Coke',0,2,1),(617,587,'Rootbeer',0,2,1),(618,587,'Orange Soda',0,2,1),(619,587,'Fruit Punch',0,2,1),(620,587,'Pink Lemonade',0,2,1),(621,587,'Raspberry Iced Tea',0,2,1),(622,587,'Unsweetened Iced Tea',0,2,1),(623,455,'House Salad',0,1,1),(624,455,'Caesar Salad',0,1,1),(625,588,'Soup of the Day',0,1,1),(626,588,'Cool Summer Gazpacho',0,1,1),(629,595,'Small',0,1,1),(630,595,'Large',5,1,1),(631,594,'Add Chicken',5,0,0),(632,594,'Add Shrimp',8,0,0),(633,594,'Add Crab Cake',8,0,0),(634,594,'Add Grilled Fresh Fish',8,0,0),(635,595,'Add Chicken',5,0,0),(636,595,'Add Shrimp',8,0,0),(637,595,'Add Crab Cakes',8,0,0),(638,595,'Add Grilled Fresh Fish',8,0,0),(639,598,'Add Avocado',1.5,0,0),(640,598,'Add SautÃ©ed Mushrooms',1.5,0,0),(641,599,'Substitute Chicken for Fresh Fish',3,0,0),(642,600,'Single Chop Dinner',0,1,1),(643,600,'Double Chop Dinner',7,1,1),(644,601,'Half Order Pasta',0,1,1),(645,601,'Full Order Pasta',7,1,1),(646,572,'4 oz Small',0,1,1),(647,572,'8 oz Large',5.5,1,1),(648,573,'4 oz Small',0,1,1),(649,573,'8 oz Large',6,1,1),(650,611,'Add Sour Cream',0,0,0),(651,622,'Add Spicy Ground Beef',4,0,0),(652,622,'Add Herb Chicken',4,0,0),(653,622,'Add Kalua Pork',4,0,0),(654,623,'Spicy Teriyaki',0,1,1),(655,623,'Buffalo Hot Sauce',0,1,1),(656,623,'BBQ',0,1,1),(661,657,'Taco',0,1,3),(662,657,'Enchilada',0,1,3),(663,657,'Burrito',0,1,3),(664,657,'Tamale',0,1,3),(665,657,'Chili Relleno',0,1,3),(666,657,'Burrito Verde',1,1,3),(667,657,'Choose 3! ',3.5,1,3),(668,652,'Beef',0,1,1),(669,652,'Chicken',0,1,1),(670,653,'Beef',0,1,1),(671,653,'Chicken',0,1,1),(672,655,'Chicken',0,1,2),(673,655,'Beef',0,1,2),(674,655,'Cheese',0,1,2),(675,655,'Borracho Beans',0,1,2),(676,655,'Refried Beans',0,1,2),(677,658,'Borracho Beans',0,1,1),(678,658,'Refried Beans',0,1,1),(679,659,'Barracho Beans',0,1,1),(680,659,'Refried Beans',0,1,1),(681,660,'Barracho Beans',0,1,1),(682,660,'Refried Beans',0,1,1),(683,661,'Barracho Beans',0,1,1),(684,661,'Refried Beans',0,1,1),(685,662,'Barracho Beans',0,1,1),(686,662,'Refried Beans',0,1,1),(687,669,'Chicken',0,1,1),(688,669,'Pork',0,1,1),(689,669,'Beef',0,1,1),(690,670,'Chicken',0,1,1),(691,670,'Beef',0,1,1),(696,674,'Small 16 oz',0,1,1),(697,674,'Medium 20 oz',0.1,1,1),(698,674,'Large 32 oz',0.5,1,1),(699,688,'With Cheese',1,0,0),(700,690,'With small salad',0,1,1),(701,690,'With garlic bread',0,1,1),(702,690,'With Large Pepsi',0,1,1),(703,691,'Small',0,1,1),(704,691,'Large',2,1,1),(705,692,'Small',0,1,1),(706,692,'Large',3,1,1),(725,734,'Large',5,0,0),(716,703,'Large',4.3,3,1),(715,703,'Medium',2.8,3,1),(714,703,'Small',0,3,1),(711,703,'House Dressing',0,2,1),(712,703,'Italian',0,2,1),(713,703,'Ranch',0,2,1),(717,704,'Small',0,1,1),(718,704,'Medium',3,1,1),(719,704,'Large',4,1,1),(720,705,'Small',0,1,1),(721,705,'Medium',3,1,1),(722,705,'Large',4,1,1),(726,735,'Large',5,0,0),(727,736,'10 pc',3,0,0),(728,737,'w/ Cheese',3,0,0),(729,738,'10 pc',5,0,0),(730,740,'15 pc',3,1,1),(731,740,'25 pc',9,1,1),(732,740,'50 pc',21,1,1),(733,740,'Mild',0,2,1),(734,740,'BBQ',0,2,1),(735,740,'Hot',0,2,1),(736,750,'Medium',2,1,1),(737,750,'Large',4,1,1),(738,750,'Family',8,1,1),(739,751,'Large',2,1,1),(740,751,'Family',8,1,1),(741,752,'Large',2,1,1),(742,752,'Family',8,1,1),(743,756,'Large',2,0,0),(744,719,'Original',0,2,1),(745,719,'Buffalo',0,2,1),(746,719,'BBQ Style',0,2,1);
/*!40000 ALTER TABLE `items_options` ENABLE KEYS */;
UNLOCK TABLES;

--
-- Table structure for table `locations`
--

DROP TABLE IF EXISTS `locations`;
/*!40101 SET @saved_cs_client     = @@character_set_client */;
/*!40101 SET character_set_client = utf8 */;
CREATE TABLE `locations` (
  `id` int(10) NOT NULL AUTO_INCREMENT,
  `advertiser_id` int(10) NOT NULL,
  `food_cat_id` int(3) NOT NULL DEFAULT '1',
  `admin_comments` text,
  `advertisers_payment_profile_id` int(10) DEFAULT NULL,
  `arb_subscription_id` varchar(20) DEFAULT NULL,
  `banner_id` int(3) NOT NULL DEFAULT '8',
  `use_logo_in_banner` int(1) NOT NULL DEFAULT '0' COMMENT '0: No, use text. 1: Yes, use location logo. 2: Use main Advertiser logo.',
  `font_id` int(3) NOT NULL DEFAULT '1',
  `acct_type` int(1) NOT NULL DEFAULT '1' COMMENT '1: Regular Free Acct; 2: Premium Paid Acct; 3: Paid Licensed Acct',
  `premium_acct_rate` float DEFAULT NULL COMMENT 'If set to: ''0'' then this account was auto upgraded to Premium Membership',
  `used_a_free_trial` tinyint(1) NOT NULL DEFAULT '0' COMMENT 'If set to 1, restaurant has already used a free trial period.',
  `name` varchar(50) NOT NULL,
  `slug` varchar(60) NOT NULL,
  `slogan` varchar(60) DEFAULT NULL,
  `address1` varchar(255) NOT NULL,
  `address2` varchar(255) DEFAULT NULL,
  `logo` varchar(40) NOT NULL,
  `city` varchar(40) NOT NULL,
  `state_id` int(3) NOT NULL,
  `zip_code_id` int(5) NOT NULL,
  `phone` varchar(10) NOT NULL,
  `fax` varchar(10) NOT NULL,
  `sms` varchar(10) NOT NULL,
  `contact_fname` varchar(40) NOT NULL,
  `contact_lname` varchar(40) NOT NULL,
  `contact_title` varchar(40) NOT NULL,
  `contact_email` varchar(60) NOT NULL,
  `contact_phone` varchar(10) NOT NULL,
  `active` tinyint(1) NOT NULL DEFAULT '0',
  `menu_ready` int(1) NOT NULL DEFAULT '0' COMMENT '0:Menu not ready or setup, waiting on client response. 1:Menu setup, ready for admin approval. 2:Menu not setup. Client waiting for us to setup menu.',
  `featured` tinyint(1) NOT NULL DEFAULT '0',
  `latitude` float NOT NULL,
  `longitude` float NOT NULL,
  `delivery_radius` int(2) NOT NULL,
  `notify_sms` tinyint(1) NOT NULL DEFAULT '0',
  `notify_fax` tinyint(1) NOT NULL DEFAULT '1',
  `offer_pizza` tinyint(1) NOT NULL DEFAULT '1',
  `confirm_method` varchar(5) NOT NULL DEFAULT 'Email' COMMENT 'Email; Phone',
  `accept_discount_codes` tinyint(1) NOT NULL DEFAULT '1',
  `accept_deliveries` tinyint(1) NOT NULL DEFAULT '0',
  `accept_pickups` tinyint(1) NOT NULL DEFAULT '0',
  `use_order_tracker` tinyint(1) NOT NULL DEFAULT '0',
  `min_delivery_amt` float NOT NULL DEFAULT '0',
  `delivery_charge` float NOT NULL DEFAULT '2',
  `delivery_fees_collected` float NOT NULL DEFAULT '0' COMMENT 'DEPRECATED',
  `order_funds_collected` float NOT NULL DEFAULT '0' COMMENT 'DEPRECATED',
  `oas_fees_owed` float NOT NULL DEFAULT '0' COMMENT 'DEPRECATED',
  `home_ads` tinyint(1) NOT NULL DEFAULT '0',
  `sub_ads` tinyint(1) NOT NULL DEFAULT '0',
  `btn_ads` tinyint(1) NOT NULL DEFAULT '0',
  `single_half_topping` tinyint(1) NOT NULL DEFAULT '1' COMMENT '1: Always charge half price anyways. 0: Charge 1/2 of full topping price.',
  `pair_half_toppings` tinyint(1) NOT NULL DEFAULT '1' COMMENT '1: Charge average of the two prices. 0: Always charge higher of two prices.',
  `show_menu_images` tinyint(1) NOT NULL DEFAULT '0' COMMENT '1: Show images. 0: Don''t Show Images.',
  PRIMARY KEY (`id`)
) ENGINE=MyISAM AUTO_INCREMENT=54 DEFAULT CHARSET=latin1;
/*!40101 SET character_set_client = @saved_cs_client */;

--
-- Dumping data for table `locations`
--

LOCK TABLES `locations` WRITE;
/*!40000 ALTER TABLE `locations` DISABLE KEYS */;
INSERT INTO `locations` VALUES (32,37,4,'',NULL,NULL,20,1,1,1,NULL,0,'Big Island Grill','big-island-grill','Da Best on Da Big Island...','75-5702 Kuakini Hwy','','Big_Island_Grill_Kona_Logo_2.jpg','Kailua-Kona',12,96740,'6195551212','','','Robert','Mcway','Owner','robert@mcwaywebdevelopment.com','6195551212',1,1,1,19.6403,-155.992,10,0,1,0,'Email',0,1,1,0,30,5.99,0,0,0,0,0,0,1,1,0),(33,37,1,'Add Calzones, Add Category specific open/close times.',NULL,'11023269',8,1,1,2,19.99,0,'Boston Basil\'s','boston-basil-s','','7000 Saranac Street','','boston-basils-logo-kailua-hi.gif','La Mesa',5,91942,'6195551212','6196390337','','Robert','Mcway','Manager','r@mcwayweb.com','6195551212',1,1,1,32.7717,-117.046,10,0,1,1,'Phone',1,1,0,0,30,5.99,0,0,0,0,0,0,1,1,0),(34,37,9,'still need to finish menu setup.',NULL,NULL,11,1,1,1,NULL,0,'Taeng-On Thai Food','taeng-on-thai-food','','74-5586 Palani Rd','#16','taeng-on-thai_kailua_3.jpg','Kailua-Kona',12,96740,'8083269292','','','Robert','Mcway','Manager','r@mcwayweb.com','6195551212',0,1,1,19.6457,-155.995,10,0,1,0,'Email',1,1,0,0,20,5.99,0,0,0,0,0,0,1,1,0),(35,37,8,NULL,NULL,NULL,12,1,1,1,NULL,0,'Bite Me Fish Market','bite-me-fish-market','Bar & Grill','74-425 Kealakehe Pkwy','#17','bite-me-fish-market_kailua_2.jpg','Kailua-Kona',12,96740,'8083273474','','','Robert','Mcway','Manager','r@mcwayweb.com','6195551212',1,0,1,19.6681,-156.027,10,0,1,0,'Email',1,1,0,0,30,5.99,0,0,0,0,0,0,1,1,0),(36,37,4,NULL,NULL,NULL,12,1,1,1,NULL,0,'Bongo Ben\'s Island Cafe','bongo-ben-s-island-cafe','','75-5819 Alii Drive','','bongo-ben-cafe-logo-kailua-hi_3.jpg','Kailua-Kona',12,96740,'8083299203','','','Robert','Mcway','Manager','r@mcwayweb.com','6195551212',0,0,0,19.6339,-155.99,10,0,1,0,'Email',1,1,0,0,30,5.99,0,0,0,0,0,0,1,1,0),(37,37,2,NULL,NULL,NULL,14,1,1,1,NULL,0,'Chubby\'s Diner','chubby-s-diner','','75-5591 Palani Rd','','chubbys-diner_kailua_2.jpg','Kailua-Kona',12,96740,'8083292960','','','Robert','Mcway','Manager','r@mcwayweb.com','6195551212',1,0,1,19.645,-155.994,10,0,1,0,'Email',1,1,0,0,30,5.99,0,0,0,0,0,0,1,1,0),(38,37,4,'',NULL,NULL,12,1,1,1,NULL,0,'Jackie Rey\'s Ohana Grill','jackie-rey-s-ohana-grill','','75-5995 Kuakini Highway','#A','jackie-reys-ohana-grill_kailua.jpg','Kailua-Kona',12,96740,'8083270209','','','Robert','Mcway','Manager','r@mcwayweb.com','6195551212',1,1,0,19.6267,-155.982,10,0,1,0,'Email',1,1,0,0,30,5.99,0,0,0,0,0,0,1,1,0),(39,37,1,'Modify Mass Add Topping Tool before adding toppings.',NULL,NULL,7,1,1,1,NULL,0,'Kona Brewing Co.','kona-brewing-co','','75-5629 Kuakini Highway','','kona-brewing-company_kailua_2.gif','Kailua-Kona',12,96740,'8083341133','','','Robert','Mcway','Manager','r@mcwayweb.com','6195551212',0,2,0,19.5456,-155.93,10,0,1,1,'Email',1,1,0,0,30,5.99,0,0,0,0,0,0,1,1,0),(40,37,4,NULL,NULL,NULL,11,1,1,1,NULL,0,'Island Lava Java','island-lava-java','Bistro & Grill','75-5799 Alii Drive','','island-lava-java_kailua.gif','Kailua-Kona',12,96740,'8083272161','','','Robert','Mcway','Manager','r@mcwayweb.com','6195551212',1,1,1,19.6351,-155.99,10,0,1,0,'Email',1,1,0,0,30,5.99,0,0,0,0,0,0,1,1,0),(41,37,4,NULL,NULL,NULL,11,1,1,1,NULL,0,'Lulu\'s','lulu-s','','75-5819 Alii Drive','','lulus_kailua.jpg','Kailua-Kona',12,96740,'8083312633','','','Robert','Mcway','Manager','r@mcwayweb.com','6195551212',1,1,1,19.6339,-155.99,10,0,1,0,'Email',1,1,0,0,30,5.99,0,0,0,0,0,0,1,1,0),(42,37,7,NULL,NULL,NULL,12,1,1,1,NULL,0,'Pancho & Lefty\'s','pancho-lefty-s','Cantina & Restaurante','75-5719 Alii Drive','','pancho-and-leftys_kailua.jpg','Kailua-Kona',12,96740,'8083262171','','','Robert','Mcway','Manager','r@mcwayweb.com','6195551212',0,2,0,19.639,-155.994,10,0,1,0,'Email',1,1,0,0,30,5.99,0,0,0,0,0,0,1,1,0),(43,37,4,NULL,NULL,NULL,11,1,1,1,NULL,0,'Quinn\'s','quinn-s','Almost By The Sea','75-5655 Palani Road','','quinns-almost-by-the-sea_kailua.jpg','Kailua-Kona',12,96740,'8083293822','','','Robert','Mcway','Manager','r@mcwayweb.com','6195551212',0,2,0,19.6411,-155.997,10,0,1,0,'Email',1,1,0,0,30,5.99,0,0,0,0,0,0,1,1,0),(44,37,9,NULL,NULL,NULL,11,1,1,1,NULL,0,'Original Thai Cuisine','original-thai-cuisine','','75-5629 Kuakini Highway','','Original_Thai_bw_logo_kailua.jpg','Kailua-Kona',12,96740,'8083293459','','','Robert','Mcway','Manager','r@mcwayweb.com','6195551212',0,2,0,19.5456,-155.93,10,0,1,0,'Email',1,1,0,0,30,5.99,0,0,0,0,0,0,1,1,0),(45,37,9,NULL,NULL,NULL,12,1,1,1,NULL,0,'Royal Jade Garden','royal-jade-garden','','75-5595 Palani Rd','#A9','royal-jade-garden_kailua.jpg','Kailua-Kona',12,96740,'8083267288','','','Robert','Mcway','Manager','r@mcwayweb.com','6195551212',0,2,0,19.644,-155.994,10,0,1,0,'Email',1,1,0,0,30,5.99,0,0,0,0,0,0,1,1,0),(46,37,4,NULL,NULL,NULL,11,1,1,1,NULL,0,'Splashers Grill','splashers-grill','','75-5663 Palani Road','','splashers-grill_kailua.jpg','Kailua-Kona',12,96740,'8083262212','','','Robert','Mcway','Manager','r@mcwayweb.com','6195551212',0,2,1,19.6406,-155.997,10,0,1,0,'Email',1,1,0,0,30,5.99,0,0,0,0,0,0,1,1,0),(50,43,1,'Menu done. Setup billing profile at location.',NULL,NULL,3,0,1,2,0,0,'Giant Manhattan Pizza','giant-manhattan-pizza-el-cajon','Home of the Giant 30\" Pizza','2025 Harbinson Canyon Road','','','El Cajon',5,92019,'6194445555','6194447777','','Sam','Owner','Owner','robert+giantmanhattan@mcwaywebdevelopment.com','6194459007',0,1,0,32.7922,-116.845,10,0,1,1,'Email',1,1,1,0,10,1.5,0,0,0,0,0,0,1,1,0),(51,44,1,'Menu Done.',NULL,NULL,8,1,1,2,0,0,'Giant Pizza King','giant-pizza-king','Have A Royal Meal today','740 Jamacha Rd.','','gpk_logo_2.gif','El Cajon',5,92019,'6194411111','','','Yako','Owner','Owner','robert+gpk@mcwaywebdevelopment.com','6194411111',0,1,1,32.7872,-116.928,10,0,1,1,'Email',1,1,1,0,0,2,0,0,0,0,0,0,1,1,0),(52,45,1,'Still need to add Combos, need to verify add toppings prices for each size.',NULL,NULL,8,2,1,1,NULL,0,'Franco\'s Giant Pizza','franco-s-giant-pizza-el-cajon','Home of the Giant Pizza','574 Jamacha Rd','','francos_giant_pizza_2.jpg','El Cajon',5,92019,'6195795797','','','Sam','Owner','Owner','r+francospizza@mcwaywebdevelopment.com','6195795797',0,2,0,32.7883,-116.929,10,0,1,1,'Email',1,1,1,0,13,2.5,0,0,0,0,0,0,1,1,0),(53,47,1,NULL,NULL,NULL,1,1,1,1,NULL,0,'My Pizza House','my-pizza-house-el-cajon','Good Pizza','7000 Saranac Street','','','El Cajon',5,91942,'6195551212','','','TEST','TEST','TEST','robert+mph@mcwaywebdevelopment.com','6195554444',0,1,0,32.771,-117.032,10,0,1,1,'Email',1,1,1,0,0,2,0,0,0,0,0,0,1,1,0);
/*!40000 ALTER TABLE `locations` ENABLE KEYS */;
UNLOCK TABLES;

--
-- Table structure for table `locations_ads`
--

DROP TABLE IF EXISTS `locations_ads`;
/*!40101 SET @saved_cs_client     = @@character_set_client */;
/*!40101 SET character_set_client = utf8 */;
CREATE TABLE `locations_ads` (
  `id` int(8) NOT NULL AUTO_INCREMENT,
  `location_id` int(6) NOT NULL,
  `title` varchar(255) NOT NULL,
  `type` varchar(10) NOT NULL,
  `image` varchar(40) NOT NULL,
  `rotation` tinyint(1) NOT NULL DEFAULT '0',
  PRIMARY KEY (`id`)
) ENGINE=MyISAM AUTO_INCREMENT=11 DEFAULT CHARSET=latin1;
/*!40101 SET character_set_client = @saved_cs_client */;

--
-- Dumping data for table `locations_ads`
--

LOCK TABLES `locations_ads` WRITE;
/*!40000 ALTER TABLE `locations_ads` DISABLE KEYS */;
/*!40000 ALTER TABLE `locations_ads` ENABLE KEYS */;
UNLOCK TABLES;

--
-- Table structure for table `locations_cats`
--

DROP TABLE IF EXISTS `locations_cats`;
/*!40101 SET @saved_cs_client     = @@character_set_client */;
/*!40101 SET character_set_client = utf8 */;
CREATE TABLE `locations_cats` (
  `id` int(10) NOT NULL AUTO_INCREMENT,
  `location_id` int(10) NOT NULL,
  `cat_id` int(10) NOT NULL,
  `time_open` time DEFAULT NULL,
  `time_closed` time DEFAULT NULL,
  `list_order` int(3) NOT NULL,
  `subtext` varchar(255) NOT NULL,
  PRIMARY KEY (`id`)
) ENGINE=MyISAM AUTO_INCREMENT=152 DEFAULT CHARSET=latin1;
/*!40101 SET character_set_client = @saved_cs_client */;

--
-- Dumping data for table `locations_cats`
--

LOCK TABLES `locations_cats` WRITE;
/*!40000 ALTER TABLE `locations_cats` DISABLE KEYS */;
INSERT INTO `locations_cats` VALUES (113,42,36,'00:00:00','00:00:00',1,''),(114,42,57,NULL,NULL,8,''),(115,42,58,NULL,NULL,7,''),(116,42,59,NULL,NULL,6,''),(117,42,60,NULL,NULL,5,''),(118,42,61,NULL,NULL,4,''),(119,42,62,NULL,NULL,3,''),(120,42,63,NULL,NULL,2,''),(37,32,20,NULL,NULL,5,''),(38,32,1,NULL,NULL,0,'Served with your choice of French fries, Pineapple Coleslaw, or Potato Macaroni Salad.'),(39,32,21,NULL,NULL,1,'Plate lunches served with choice of white rice, brown rice, garlic mashed potatoes or French fries and potato macaroni salad or sautÃ©d vegetables.'),(40,32,22,NULL,NULL,2,'Served with your choice of white rice, brown rice, homemade garlic mashed potatoes or french fries & sautÃ©d vegetables.'),(41,32,5,NULL,NULL,6,''),(42,32,23,NULL,NULL,3,'Served with your choice of white rice, brown rice, garlic mashed potatoes or French fries & sautÃ©ed vegetables. Includes your choice of todayâ€™s soup or tossed salad.'),(43,32,2,NULL,NULL,4,'Served with your choice of todayâ€™s soup or tossed green salad.'),(44,32,24,NULL,NULL,7,''),(45,32,25,NULL,NULL,8,''),(56,33,33,NULL,NULL,0,''),(47,33,28,NULL,NULL,2,''),(48,33,29,NULL,NULL,3,'Complimentary Caesar Salad & Garlic Bread with Every Entree'),(49,33,2,NULL,NULL,4,'Complimentary Caesar Salad & Garlic Bread with Every Entree'),(50,33,30,NULL,NULL,5,'Complimentary Caesar Salad & Garlic Bread with Every Entree'),(51,33,31,NULL,NULL,6,'Complimentary Caesar Salad & Garlic Bread with Every Entree'),(52,33,32,NULL,NULL,7,'(all served with Fries)'),(53,33,1,NULL,NULL,8,'(all served with Fries)'),(54,33,13,NULL,NULL,9,''),(55,33,25,NULL,NULL,10,''),(57,33,6,NULL,NULL,1,''),(58,35,28,NULL,NULL,0,''),(59,35,34,NULL,NULL,1,'Served with lemon butter sauce or cocktail sauce.'),(60,35,20,NULL,NULL,2,''),(61,35,23,NULL,NULL,4,''),(62,35,2,NULL,NULL,5,'Delicious Pico de Gallo and Garlic Butter Pasta Combo creations.'),(63,35,36,NULL,NULL,6,''),(64,35,37,NULL,NULL,7,''),(65,35,25,NULL,NULL,8,''),(66,35,22,NULL,NULL,3,''),(70,37,38,NULL,NULL,0,''),(71,37,22,NULL,NULL,2,'served with white rice, fried rice,\r\nbrown rice or mashed potatoes & tuna macaroni salad or\r\ntossed green salad'),(72,37,6,NULL,NULL,3,''),(73,37,41,NULL,NULL,4,'With choice of French fries, tuna macaroni salad or tossed\r\nsalad (Ranch, Oriental, 1000 Island or Italian)'),(74,37,37,NULL,NULL,5,''),(75,37,28,NULL,NULL,6,''),(76,37,42,NULL,NULL,7,'Freshly baked to order! Please allow 25 min. cooking time'),(77,37,25,NULL,NULL,8,''),(78,37,13,NULL,NULL,9,''),(79,40,28,NULL,NULL,0,''),(80,40,43,NULL,NULL,0,'Proudly serving organic greens from Lehua Farms in our Entree-sized salads.'),(81,40,23,NULL,NULL,0,''),(82,40,42,NULL,NULL,0,'Our pizzas are lovingly made on our house-made crust, 10\" or 14\" sizes.'),(83,40,25,NULL,NULL,0,''),(112,38,45,'00:00:00','00:00:00',2,''),(111,38,44,NULL,NULL,1,''),(110,38,28,NULL,NULL,0,''),(87,39,28,NULL,NULL,0,'A great way to start off a delicious meal'),(88,39,6,NULL,NULL,0,'To support the local economy and protect our environment, we use the finest\r\nisland produce and organically grown ingredients whenever possible.'),(89,39,46,NULL,NULL,0,'All of our sandwiches are built on our homemade spent grain breads and served with Krinkle Cut Salt\r\nand Fresh Ground Pepper Kettle Chips. Substitute a side Caesar or mixed green salad for 3.'),(90,39,25,NULL,NULL,0,'Save room for something sweet!'),(91,41,47,NULL,NULL,0,''),(92,41,6,NULL,NULL,0,''),(93,41,48,NULL,NULL,0,'All served huge with Mr. Smiley fries!'),(94,41,49,NULL,NULL,0,''),(95,41,50,NULL,NULL,0,'Served w/ fries'),(96,41,37,NULL,NULL,0,'Served with Mr. Smiley fries, soda, & prize!'),(121,42,64,NULL,NULL,0,''),(98,41,25,NULL,NULL,0,''),(99,37,51,NULL,NULL,1,'Choose from ham, bacon, Portuguese sausage, spam,\r\ntomatoes, onions, bell peppers, mushrooms & cheese.\r\nServed with white rice or fried rice & toast.'),(100,34,47,NULL,NULL,0,''),(101,34,6,NULL,NULL,0,''),(102,34,33,NULL,NULL,0,''),(103,34,52,NULL,NULL,0,''),(104,34,53,NULL,NULL,0,''),(105,34,54,NULL,NULL,0,'Select a garden fresh vegetable and meat so our chef can create your gourmet treat. Choose from beef, chicken, pork, shrimp, scallops, or squid.'),(106,34,55,NULL,NULL,0,''),(107,34,25,NULL,NULL,0,''),(108,34,13,NULL,NULL,0,''),(122,42,65,NULL,NULL,9,''),(130,32,36,NULL,NULL,0,''),(131,50,13,NULL,NULL,5,''),(132,50,1,NULL,NULL,0,'Sandwiches served on toasted 10\" French roll'),(133,50,5,NULL,NULL,4,''),(134,50,6,NULL,NULL,2,''),(135,50,66,NULL,NULL,3,''),(139,51,6,NULL,NULL,0,'Choice of Dressing: House, Italian, or Ranch'),(140,51,67,NULL,NULL,1,'Served with Garlic Bread & Salad'),(137,50,2,NULL,NULL,1,''),(146,52,2,NULL,NULL,0,''),(141,51,1,NULL,NULL,2,'Hot or Cold on Request\r\n'),(142,51,35,NULL,NULL,3,'All Served with Fries & Salad'),(143,51,5,NULL,NULL,5,''),(144,51,13,NULL,NULL,6,''),(145,51,25,NULL,NULL,7,''),(147,52,47,NULL,NULL,0,''),(148,52,1,NULL,NULL,0,''),(149,52,6,NULL,NULL,0,''),(150,52,25,NULL,NULL,0,''),(151,51,66,NULL,NULL,4,'');
/*!40000 ALTER TABLE `locations_cats` ENABLE KEYS */;
UNLOCK TABLES;

--
-- Table structure for table `locations_cats_options`
--

DROP TABLE IF EXISTS `locations_cats_options`;
/*!40101 SET @saved_cs_client     = @@character_set_client */;
/*!40101 SET character_set_client = utf8 */;
CREATE TABLE `locations_cats_options` (
  `id` int(8) NOT NULL AUTO_INCREMENT,
  `locations_cat_id` int(8) NOT NULL,
  `add_group_id` int(3) NOT NULL DEFAULT '0',
  `add_group_limit` int(3) NOT NULL DEFAULT '0',
  `label` varchar(255) NOT NULL,
  `additional_price` float NOT NULL DEFAULT '0',
  PRIMARY KEY (`id`)
) ENGINE=MyISAM AUTO_INCREMENT=136 DEFAULT CHARSET=latin1;
/*!40101 SET character_set_client = @saved_cs_client */;

--
-- Dumping data for table `locations_cats_options`
--

LOCK TABLES `locations_cats_options` WRITE;
/*!40000 ALTER TABLE `locations_cats_options` DISABLE KEYS */;
INSERT INTO `locations_cats_options` VALUES (2,38,1,1,'French Fries',0),(3,38,1,1,'Pineapple Coleslaw',0),(4,38,1,1,'Potato Macaroni Salad',0),(7,39,1,1,'White Rice',0),(8,39,1,1,'Brown Rice',0),(9,39,1,1,'Garlic Mashed Potatoes',0),(10,39,1,1,'French Fries',0),(11,39,2,1,'Macaroni Salad',0),(12,39,2,1,'SautÃ©d Vegetables',0),(13,40,1,1,'White Rice',0),(14,40,1,1,'Brown Rice',0),(15,40,1,1,'Garlic Mashed Potatoes',0),(16,40,1,1,'French Fries',0),(17,42,1,1,'White Rice',0),(18,42,1,1,'Brown Rice',0),(19,42,1,1,'Garlic Mashed Potatoes',0),(20,42,1,1,'French Fries',0),(21,42,2,1,'Today\'s Soup',0),(22,42,2,1,'House Salad',0),(23,43,1,1,'Today\'s Soup',0),(24,43,1,1,'Tossed Green Salad',0),(37,57,1,1,'Honey Mustard',0),(36,57,1,1,'Papaya Poppy Seed',0),(35,57,1,1,'Blue Cheese',0),(34,57,1,1,'Oil & Vinegar',0),(33,57,1,1,'Ranch',0),(32,57,1,1,'Caesar',0),(38,57,1,1,'House Italian',0),(39,57,0,0,'Extra Honey Mustard Dressing',0.5),(40,57,0,0,'Extra Papaya Poppy Seed Dressing',0.5),(41,57,0,0,'Extra Blue Cheese Dressing',0.5),(42,57,0,0,'Extra Oil & Vinegar Dressing',0.5),(43,57,0,0,'Extra Ranch Dressing',0.5),(44,57,0,0,'Extra Caesar Dressing',0.5),(46,57,0,0,'Extra House Italian Dressing',0.5),(47,57,0,0,'Add Lemon Citrus Chicken',5),(48,57,0,0,'Add 5 Jumbo Marinated & Grilled Shrimp',7),(49,57,0,0,'Add Seasoned Grilled MahiMahi',8),(50,57,0,0,'Add Seasoned Grilled Salmon',8),(51,48,0,0,'Add Two Homemade Meatballs (in marinara)',5),(52,48,0,0,'Add Two Italian Sausages',5),(54,49,0,0,'Substitute Sauce for Seasoned Meat Sauce',3),(55,49,0,0,'Add Side Order of Vegetable Medley',3),(56,49,0,0,'Add Side of Fettuccine w/ marinara',5),(57,49,0,0,'Add Side of Linguine w/ marinara',5),(58,49,0,0,'Add Side of Angel Hair Pasta w/ marinara',5),(60,49,0,0,'Substitute sauce for Boston Basilâ€™s famous made-to-order â€œpinkâ€ tomato cream sauce.',2),(61,48,0,0,'Substitute my Caesar Salad with a Garden Salad',2),(62,49,0,0,'Substitute **Healthy Choice** Steamed Vegetable Medley for Pasta',2),(63,49,0,0,'Substitute Caesar Salad w/ a Garden Salad',2),(64,50,0,0,'Substitute Caesar Salad with a Garden Salad ',2),(65,50,0,0,'Substitute **Healthy Choice** Steamed Vegetable Medley for Pasta',2),(66,52,0,0,'Substitute French Fries w/ Onion Rings',2),(67,52,0,0,'Add a Basket of French Fries',5),(68,52,0,0,'Add a Basket of Beer Battered Onion Rings',7),(69,53,0,0,'Substitute French Fries w/ Onion Rings',2),(70,53,0,0,'Add a Basket of French Fries',5),(71,53,0,0,'Add a Bastet of Beer Battered Onion Rings',7),(72,55,0,0,'Add a Scoop of Vanilla Ice Cream',2),(73,59,1,1,'Lemon Butter Sauce',0),(74,59,1,1,'Cocktail Sauce',0),(75,61,1,2,'Southern Style Cole Slaw',0),(76,61,1,2,'Local Style Potato/Mac Salad',0),(77,61,1,2,'Vegetable Medley',0),(78,61,1,2,'Beans',0),(79,61,1,2,'Rice',0),(80,61,1,2,'Potato Chips',0),(81,61,1,2,'Corn Tortilla Chips',0),(82,61,1,2,'Caesar Salad',1.95),(83,61,1,2,'Green Salad',1.95),(84,61,1,2,'Cup of Soup',1.95),(85,66,1,2,'Southern Style Cole Slaw',0),(86,66,1,2,'Local Style Potato/Mac salad',0),(87,66,1,2,'Vegetable Medley',0),(88,66,1,2,'Beans',0),(89,66,1,2,'Rice',0),(90,66,1,2,'Potato Chips',0),(91,66,1,2,'Corn Tortilla Chips',0),(92,66,1,2,'Caesar Salad',1.95),(93,66,1,2,'Green Salad',1.95),(94,66,1,2,'Cup of Soup',1.95),(95,71,1,1,'White Rice',0),(96,71,1,1,'Brown Rice',0),(97,71,1,1,'Fried Rice',0),(98,71,1,1,'Mashed Potatoes',0),(99,71,2,1,'Tuna Macaroni Salad',0),(100,71,2,1,'Tossed Green Salad',0),(101,72,1,1,'Ranch',0),(102,72,1,1,'Oriental',0),(103,72,1,1,'Thousand Island',0),(104,72,1,1,'Italian',0),(105,73,1,1,'French Fries',0),(106,73,1,1,'Tuna Macaroni Salad',0),(107,73,1,1,'Tossed Green Salad (w/ Ranch Dressing)',0),(108,73,1,1,'Tossed Green Salad (w/ Oriental Dressing)',0),(109,73,1,1,'Tossed Green Salad (w/ 1000 Island Dressing)',0),(110,73,1,1,'Tossed Green Salad (w/ Italian Dressing)',0),(111,62,0,0,'Add Lobster Tail',8),(112,71,0,0,'Mini Size Plate',-2),(113,99,1,1,'White Rice',0),(114,99,1,1,'Fried Rice',0),(115,89,0,0,'Substitute Kettle Chips for a side Caesar salad',3),(116,89,0,0,'Substitute Kettle Chips for a mixed green salad',3),(117,110,1,1,'French Fries',0),(118,110,1,1,'Green Salad',1),(119,110,0,0,'Add Cup of Soup',2),(121,105,1,1,'Beef',0),(122,105,1,1,'Chicken ',0),(123,105,1,1,'Pork',0),(124,105,1,1,'Shrimp',2),(125,105,1,1,'Scallops',2),(126,105,1,1,'Squid',2),(127,95,1,1,'Beef Patty',0),(128,95,1,1,'Grilled Chicken Breast',0),(129,95,1,1,'Garden Burger',0),(130,141,0,0,'Add Fries and Salad',0.99),(131,141,0,0,'American Cheese',0.5),(132,141,0,0,'Swiss Cheese',0.5),(133,141,0,0,'Bacon',0.5),(134,139,0,0,'2 oz Dressing',0.5),(135,148,0,0,'Add Fries & Salad',2);
/*!40000 ALTER TABLE `locations_cats_options` ENABLE KEYS */;
UNLOCK TABLES;

--
-- Table structure for table `locations_crusts`
--

DROP TABLE IF EXISTS `locations_crusts`;
/*!40101 SET @saved_cs_client     = @@character_set_client */;
/*!40101 SET character_set_client = utf8 */;
CREATE TABLE `locations_crusts` (
  `id` int(10) NOT NULL AUTO_INCREMENT,
  `crust_id` int(3) NOT NULL,
  `location_id` int(8) NOT NULL,
  `price` float NOT NULL DEFAULT '0',
  `order` int(3) NOT NULL DEFAULT '0',
  PRIMARY KEY (`id`)
) ENGINE=MyISAM AUTO_INCREMENT=26 DEFAULT CHARSET=latin1;
/*!40101 SET character_set_client = @saved_cs_client */;

--
-- Dumping data for table `locations_crusts`
--

LOCK TABLES `locations_crusts` WRITE;
/*!40000 ALTER TABLE `locations_crusts` DISABLE KEYS */;
INSERT INTO `locations_crusts` VALUES (19,3,33,2,0),(18,8,33,0,0),(23,8,50,0,0),(24,8,51,0,0),(25,8,52,0,0);
/*!40000 ALTER TABLE `locations_crusts` ENABLE KEYS */;
UNLOCK TABLES;

--
-- Table structure for table `locations_discount_codes`
--

DROP TABLE IF EXISTS `locations_discount_codes`;
/*!40101 SET @saved_cs_client     = @@character_set_client */;
/*!40101 SET character_set_client = utf8 */;
CREATE TABLE `locations_discount_codes` (
  `id` int(8) NOT NULL AUTO_INCREMENT,
  `location_id` int(8) NOT NULL,
  `discount_code_id` int(8) NOT NULL,
  PRIMARY KEY (`id`)
) ENGINE=MyISAM AUTO_INCREMENT=15 DEFAULT CHARSET=latin1;
/*!40101 SET character_set_client = @saved_cs_client */;

--
-- Dumping data for table `locations_discount_codes`
--

LOCK TABLES `locations_discount_codes` WRITE;
/*!40000 ALTER TABLE `locations_discount_codes` DISABLE KEYS */;
INSERT INTO `locations_discount_codes` VALUES (13,32,11),(14,33,11);
/*!40000 ALTER TABLE `locations_discount_codes` ENABLE KEYS */;
UNLOCK TABLES;

--
-- Table structure for table `locations_month_totals`
--

DROP TABLE IF EXISTS `locations_month_totals`;
/*!40101 SET @saved_cs_client     = @@character_set_client */;
/*!40101 SET character_set_client = utf8 */;
CREATE TABLE `locations_month_totals` (
  `id` int(10) NOT NULL AUTO_INCREMENT,
  `location_id` int(8) DEFAULT NULL,
  `cc_orders` int(6) NOT NULL,
  `cash_orders` int(6) NOT NULL,
  `sent_sms` int(6) NOT NULL,
  `sent_fax` int(6) NOT NULL,
  `paid_adspaces` tinyint(1) NOT NULL,
  `refund_amt` float NOT NULL,
  `per_order_charge_total` float NOT NULL,
  `process_type` varchar(6) NOT NULL,
  `process_amt` float NOT NULL,
  `processed` tinyint(1) NOT NULL DEFAULT '0',
  PRIMARY KEY (`id`)
) ENGINE=MyISAM DEFAULT CHARSET=latin1;
/*!40101 SET character_set_client = @saved_cs_client */;

--
-- Dumping data for table `locations_month_totals`
--

LOCK TABLES `locations_month_totals` WRITE;
/*!40000 ALTER TABLE `locations_month_totals` DISABLE KEYS */;
/*!40000 ALTER TABLE `locations_month_totals` ENABLE KEYS */;
UNLOCK TABLES;

--
-- Table structure for table `locations_times`
--

DROP TABLE IF EXISTS `locations_times`;
/*!40101 SET @saved_cs_client     = @@character_set_client */;
/*!40101 SET character_set_client = utf8 */;
CREATE TABLE `locations_times` (
  `id` int(8) NOT NULL AUTO_INCREMENT,
  `location_id` int(8) NOT NULL,
  `day` varchar(4) NOT NULL,
  `order` tinyint(1) NOT NULL DEFAULT '1',
  `time_open` time DEFAULT NULL,
  `time_closed` time DEFAULT NULL,
  `time_open2` time DEFAULT NULL,
  `time_closed2` time DEFAULT NULL,
  `delivery_start` time DEFAULT NULL,
  `delivery_end` time DEFAULT NULL,
  `closed` tinyint(1) NOT NULL DEFAULT '0',
  PRIMARY KEY (`id`)
) ENGINE=MyISAM AUTO_INCREMENT=177 DEFAULT CHARSET=latin1;
/*!40101 SET character_set_client = @saved_cs_client */;

--
-- Dumping data for table `locations_times`
--

LOCK TABLES `locations_times` WRITE;
/*!40000 ALTER TABLE `locations_times` DISABLE KEYS */;
INSERT INTO `locations_times` VALUES (23,32,'Mon',1,'03:00:00','19:00:00',NULL,NULL,NULL,NULL,0),(24,32,'Tues',2,'05:00:00','21:00:00',NULL,NULL,NULL,NULL,0),(25,32,'Wed',3,'05:00:00','20:00:00',NULL,NULL,NULL,NULL,0),(26,32,'Thur',4,'05:00:00','21:00:00',NULL,NULL,NULL,NULL,0),(27,32,'Fri',5,'05:00:00','21:00:00',NULL,NULL,NULL,NULL,0),(28,32,'Sat',6,'05:00:00','21:00:00',NULL,NULL,NULL,NULL,0),(29,32,'Sun',7,'05:00:00','21:00:00',NULL,NULL,NULL,NULL,0),(30,33,'Mon',1,'05:00:00','22:30:00',NULL,NULL,NULL,NULL,0),(31,33,'Tues',1,'05:00:00','22:30:00',NULL,NULL,NULL,NULL,0),(32,33,'Wed',1,'05:00:00','22:30:00',NULL,NULL,NULL,NULL,0),(33,33,'Thur',1,'05:00:00','22:30:00',NULL,NULL,NULL,NULL,0),(34,33,'Fri',1,'05:00:00','22:30:00',NULL,NULL,NULL,NULL,0),(35,33,'Sat',1,'05:00:00','22:30:00',NULL,NULL,NULL,NULL,0),(36,33,'Sun',1,'05:00:00','22:30:00',NULL,NULL,NULL,NULL,0),(37,34,'Mon',1,'05:00:00','21:00:00',NULL,NULL,NULL,NULL,0),(38,34,'Tues',1,'05:00:00','21:00:00',NULL,NULL,NULL,NULL,0),(39,34,'Wed',1,'05:00:00','21:00:00',NULL,NULL,NULL,NULL,0),(40,34,'Thur',1,'05:00:00','21:00:00',NULL,NULL,NULL,NULL,0),(41,34,'Fri',1,'05:00:00','21:00:00',NULL,NULL,NULL,NULL,0),(42,34,'Sat',1,'05:00:00','21:00:00',NULL,NULL,NULL,NULL,0),(43,34,'Sun',1,'05:00:00','21:00:00',NULL,NULL,NULL,NULL,0),(44,35,'Mon',1,'05:00:00','21:00:00',NULL,NULL,NULL,NULL,0),(45,35,'Tues',1,'05:00:00','21:00:00',NULL,NULL,NULL,NULL,0),(46,35,'Wed',1,'05:00:00','21:00:00',NULL,NULL,NULL,NULL,0),(47,35,'Thur',1,'05:00:00','21:00:00',NULL,NULL,NULL,NULL,0),(48,35,'Fri',1,'05:00:00','21:00:00',NULL,NULL,NULL,NULL,0),(49,35,'Sat',1,'05:00:00','21:00:00',NULL,NULL,NULL,NULL,0),(50,35,'Sun',1,'05:00:00','21:00:00',NULL,NULL,NULL,NULL,0),(51,36,'Mon',1,'05:00:00','21:00:00',NULL,NULL,NULL,NULL,0),(52,36,'Tues',1,'05:00:00','21:00:00',NULL,NULL,NULL,NULL,0),(53,36,'Wed',1,'05:00:00','21:00:00',NULL,NULL,NULL,NULL,0),(54,36,'Thur',1,'05:00:00','21:00:00',NULL,NULL,NULL,NULL,0),(55,36,'Fri',1,'05:00:00','21:00:00',NULL,NULL,NULL,NULL,0),(56,36,'Sat',1,'05:00:00','21:00:00',NULL,NULL,NULL,NULL,0),(57,36,'Sun',1,'05:00:00','21:00:00',NULL,NULL,NULL,NULL,0),(58,37,'Mon',1,'05:00:00','21:00:00',NULL,NULL,NULL,NULL,0),(59,37,'Tues',1,'05:00:00','21:00:00',NULL,NULL,NULL,NULL,0),(60,37,'Wed',1,'05:00:00','21:00:00',NULL,NULL,NULL,NULL,0),(61,37,'Thur',1,'05:00:00','21:00:00',NULL,NULL,NULL,NULL,0),(62,37,'Fri',1,'05:00:00','21:00:00',NULL,NULL,NULL,NULL,0),(63,37,'Sat',1,'05:00:00','21:00:00',NULL,NULL,NULL,NULL,0),(64,37,'Sun',1,'05:00:00','21:00:00',NULL,NULL,NULL,NULL,0),(65,38,'Mon',1,'05:00:00','21:00:00',NULL,NULL,NULL,NULL,0),(66,38,'Tues',1,'05:00:00','21:00:00',NULL,NULL,NULL,NULL,0),(67,38,'Wed',1,'05:00:00','21:00:00',NULL,NULL,NULL,NULL,0),(68,38,'Thur',1,'05:00:00','21:00:00',NULL,NULL,NULL,NULL,0),(69,38,'Fri',1,'05:00:00','21:00:00',NULL,NULL,NULL,NULL,0),(70,38,'Sat',1,'05:00:00','21:00:00',NULL,NULL,NULL,NULL,0),(71,38,'Sun',1,'05:00:00','21:00:00',NULL,NULL,NULL,NULL,0),(72,39,'Mon',1,'05:00:00','21:00:00',NULL,NULL,NULL,NULL,0),(73,39,'Tues',1,'05:00:00','21:00:00',NULL,NULL,NULL,NULL,0),(74,39,'Wed',1,'05:00:00','21:00:00',NULL,NULL,NULL,NULL,0),(75,39,'Thur',1,'05:00:00','21:00:00',NULL,NULL,NULL,NULL,0),(76,39,'Fri',1,'05:00:00','21:00:00',NULL,NULL,NULL,NULL,0),(77,39,'Sat',1,'05:00:00','21:00:00',NULL,NULL,NULL,NULL,0),(78,39,'Sun',1,'05:00:00','21:00:00',NULL,NULL,NULL,NULL,0),(79,40,'Mon',1,'05:00:00','21:00:00',NULL,NULL,NULL,NULL,0),(80,40,'Tues',1,'05:00:00','21:00:00',NULL,NULL,NULL,NULL,0),(81,40,'Wed',1,'05:00:00','21:00:00',NULL,NULL,NULL,NULL,0),(82,40,'Thur',1,'05:00:00','21:00:00',NULL,NULL,NULL,NULL,0),(83,40,'Fri',1,'05:00:00','21:00:00',NULL,NULL,NULL,NULL,0),(84,40,'Sat',1,'05:00:00','21:00:00',NULL,NULL,NULL,NULL,0),(85,40,'Sun',1,'05:00:00','21:00:00',NULL,NULL,NULL,NULL,0),(86,41,'Mon',1,'05:00:00','21:00:00',NULL,NULL,NULL,NULL,0),(87,41,'Tues',1,'05:00:00','21:00:00',NULL,NULL,NULL,NULL,0),(88,41,'Wed',1,'05:00:00','21:00:00',NULL,NULL,NULL,NULL,0),(89,41,'Thur',1,'05:00:00','21:00:00',NULL,NULL,NULL,NULL,0),(90,41,'Fri',1,'05:00:00','21:00:00',NULL,NULL,NULL,NULL,0),(91,41,'Sat',1,'05:00:00','21:00:00',NULL,NULL,NULL,NULL,0),(92,41,'Sun',1,'05:00:00','21:00:00',NULL,NULL,NULL,NULL,0),(93,42,'Mon',1,'05:00:00','21:00:00',NULL,NULL,NULL,NULL,0),(94,42,'Tues',1,'05:00:00','21:00:00',NULL,NULL,NULL,NULL,0),(95,42,'Wed',1,'05:00:00','21:00:00',NULL,NULL,NULL,NULL,0),(96,42,'Thur',1,'05:00:00','21:00:00',NULL,NULL,NULL,NULL,0),(97,42,'Fri',1,'05:00:00','21:00:00',NULL,NULL,NULL,NULL,0),(98,42,'Sat',1,'05:00:00','21:00:00',NULL,NULL,NULL,NULL,0),(99,42,'Sun',1,'05:00:00','21:00:00',NULL,NULL,NULL,NULL,0),(100,43,'Mon',1,'05:00:00','21:00:00',NULL,NULL,NULL,NULL,0),(101,43,'Tues',1,'05:00:00','21:00:00',NULL,NULL,NULL,NULL,0),(102,43,'Wed',1,'05:00:00','21:00:00',NULL,NULL,NULL,NULL,0),(103,43,'Thur',1,'05:00:00','21:00:00',NULL,NULL,NULL,NULL,0),(104,43,'Fri',1,'05:00:00','21:00:00',NULL,NULL,NULL,NULL,0),(105,43,'Sat',1,'05:00:00','21:00:00',NULL,NULL,NULL,NULL,0),(106,43,'Sun',1,'05:00:00','21:00:00',NULL,NULL,NULL,NULL,0),(107,44,'Mon',1,'05:00:00','21:00:00',NULL,NULL,NULL,NULL,0),(108,44,'Tues',1,'05:00:00','21:00:00',NULL,NULL,NULL,NULL,0),(109,44,'Wed',1,'05:00:00','21:00:00',NULL,NULL,NULL,NULL,0),(110,44,'Thur',1,'05:00:00','21:00:00',NULL,NULL,NULL,NULL,0),(111,44,'Fri',1,'05:00:00','21:00:00',NULL,NULL,NULL,NULL,0),(112,44,'Sat',1,'05:00:00','21:00:00',NULL,NULL,NULL,NULL,0),(113,44,'Sun',1,'05:00:00','21:00:00',NULL,NULL,NULL,NULL,0),(114,45,'Mon',1,'05:00:00','21:00:00',NULL,NULL,NULL,NULL,0),(115,45,'Tues',1,'05:00:00','21:00:00',NULL,NULL,NULL,NULL,0),(116,45,'Wed',1,'05:00:00','21:00:00',NULL,NULL,NULL,NULL,0),(117,45,'Thur',1,'05:00:00','21:00:00',NULL,NULL,NULL,NULL,0),(118,45,'Fri',1,'05:00:00','21:00:00',NULL,NULL,NULL,NULL,0),(119,45,'Sat',1,'05:00:00','21:00:00',NULL,NULL,NULL,NULL,0),(120,45,'Sun',1,'05:00:00','21:00:00',NULL,NULL,NULL,NULL,0),(121,46,'Mon',1,'05:00:00','21:00:00',NULL,NULL,NULL,NULL,0),(122,46,'Tues',1,'05:00:00','21:00:00',NULL,NULL,NULL,NULL,0),(123,46,'Wed',1,'05:00:00','21:00:00',NULL,NULL,NULL,NULL,0),(124,46,'Thur',1,'05:00:00','21:00:00',NULL,NULL,NULL,NULL,0),(125,46,'Fri',1,'05:00:00','21:00:00',NULL,NULL,NULL,NULL,0),(126,46,'Sat',1,'05:00:00','21:00:00',NULL,NULL,NULL,NULL,0),(127,46,'Sun',1,'05:00:00','21:00:00',NULL,NULL,NULL,NULL,0),(140,48,'Sat',1,'05:00:00','22:00:00',NULL,NULL,NULL,NULL,0),(139,48,'Fri',1,'05:00:00','22:00:00',NULL,NULL,NULL,NULL,0),(138,48,'Thur',1,'05:00:00','22:00:00',NULL,NULL,NULL,NULL,0),(137,48,'Wed',1,'05:00:00','22:00:00',NULL,NULL,NULL,NULL,0),(136,48,'Tues',1,'05:00:00','22:00:00',NULL,NULL,NULL,NULL,0),(135,48,'Mon',1,'05:00:00','22:00:00',NULL,NULL,NULL,NULL,0),(141,48,'Sun',1,'05:00:00','22:00:00',NULL,NULL,NULL,NULL,0),(142,49,'Mon',1,NULL,NULL,NULL,NULL,NULL,NULL,1),(143,49,'Tues',1,NULL,NULL,NULL,NULL,NULL,NULL,1),(144,49,'Wed',1,NULL,NULL,NULL,NULL,NULL,NULL,1),(145,49,'Thur',1,NULL,NULL,NULL,NULL,NULL,NULL,1),(146,49,'Fri',1,NULL,NULL,NULL,NULL,NULL,NULL,1),(147,49,'Sat',1,NULL,NULL,NULL,NULL,NULL,NULL,1),(148,49,'Sun',1,'02:00:00','03:00:00',NULL,NULL,NULL,NULL,0),(149,50,'Mon',1,'16:00:00','21:00:00',NULL,NULL,NULL,NULL,0),(150,50,'Tues',1,'16:00:00','21:00:00',NULL,NULL,NULL,NULL,0),(151,50,'Wed',1,'16:00:00','21:00:00',NULL,NULL,NULL,NULL,0),(152,50,'Thur',1,'16:00:00','21:00:00',NULL,NULL,NULL,NULL,0),(153,50,'Fri',1,'04:00:00','21:00:00',NULL,NULL,NULL,NULL,0),(154,50,'Sat',1,'16:00:00','21:00:00',NULL,NULL,NULL,NULL,0),(155,50,'Sun',1,'16:00:00','21:00:00',NULL,NULL,NULL,NULL,0),(156,51,'Mon',1,'11:00:00','22:00:00',NULL,NULL,NULL,NULL,0),(157,51,'Tues',1,'11:00:00','22:00:00',NULL,NULL,NULL,NULL,0),(158,51,'Wed',1,'11:00:00','22:00:00',NULL,NULL,NULL,NULL,0),(159,51,'Thur',1,'11:00:00','22:00:00',NULL,NULL,NULL,NULL,0),(160,51,'Fri',1,'11:00:00','22:00:00',NULL,NULL,NULL,NULL,0),(161,51,'Sat',1,'11:00:00','22:00:00',NULL,NULL,NULL,NULL,0),(162,51,'Sun',1,'11:00:00','22:00:00',NULL,NULL,NULL,NULL,0),(163,52,'Mon',1,'11:00:00','21:00:00',NULL,NULL,NULL,NULL,0),(164,52,'Tues',1,'11:00:00','21:00:00',NULL,NULL,NULL,NULL,0),(165,52,'Wed',1,'11:00:00','21:00:00',NULL,NULL,NULL,NULL,0),(166,52,'Thur',1,'11:00:00','21:00:00',NULL,NULL,NULL,NULL,0),(167,52,'Fri',1,'11:00:00','22:00:00',NULL,NULL,NULL,NULL,0),(168,52,'Sat',1,'11:00:00','22:00:00',NULL,NULL,NULL,NULL,0),(169,52,'Sun',1,'11:00:00','21:00:00',NULL,NULL,NULL,NULL,0),(170,53,'Mon',1,'05:00:00','05:00:00',NULL,NULL,NULL,NULL,0),(171,53,'Tues',1,'05:00:00','05:00:00',NULL,NULL,NULL,NULL,0),(172,53,'Wed',1,'05:00:00','05:00:00',NULL,NULL,NULL,NULL,0),(173,53,'Thur',1,'05:00:00','05:00:00',NULL,NULL,NULL,NULL,0),(174,53,'Fri',1,'05:00:00','05:00:00',NULL,NULL,NULL,NULL,0),(175,53,'Sat',1,'05:00:00','05:00:00',NULL,NULL,NULL,NULL,0),(176,53,'Sun',1,'05:00:00','05:00:00',NULL,NULL,NULL,NULL,0);
/*!40000 ALTER TABLE `locations_times` ENABLE KEYS */;
UNLOCK TABLES;

--
-- Table structure for table `locations_toppings`
--

DROP TABLE IF EXISTS `locations_toppings`;
/*!40101 SET @saved_cs_client     = @@character_set_client */;
/*!40101 SET character_set_client = utf8 */;
CREATE TABLE `locations_toppings` (
  `id` int(10) NOT NULL AUTO_INCREMENT,
  `location_id` int(10) NOT NULL,
  `topping_type_id` int(4) NOT NULL DEFAULT '1',
  `topping_id` int(10) NOT NULL,
  `order` int(2) NOT NULL DEFAULT '1',
  `price_alter` float DEFAULT NULL,
  PRIMARY KEY (`id`)
) ENGINE=MyISAM AUTO_INCREMENT=284 DEFAULT CHARSET=latin1;
/*!40101 SET character_set_client = @saved_cs_client */;

--
-- Dumping data for table `locations_toppings`
--

LOCK TABLES `locations_toppings` WRITE;
/*!40000 ALTER TABLE `locations_toppings` DISABLE KEYS */;
INSERT INTO `locations_toppings` VALUES (220,39,3,18,1,NULL),(230,39,3,37,1,NULL),(229,39,3,19,1,NULL),(228,39,3,17,1,NULL),(227,39,3,58,1,NULL),(226,39,3,35,1,NULL),(225,39,3,57,1,NULL),(224,39,3,56,1,NULL),(223,39,3,55,1,NULL),(222,39,3,54,1,NULL),(187,33,2,16,1,0),(190,33,3,35,1,NULL),(191,33,3,36,1,NULL),(192,33,3,18,1,NULL),(193,33,3,37,1,NULL),(194,33,4,1,1,NULL),(195,33,4,38,1,NULL),(196,33,4,39,1,NULL),(197,33,4,40,1,NULL),(198,33,4,33,1,NULL),(199,33,4,5,1,NULL),(200,33,4,41,1,NULL),(201,33,5,42,1,NULL),(202,33,5,43,1,NULL),(203,33,5,44,1,NULL),(204,33,5,6,1,NULL),(205,33,5,45,1,NULL),(206,33,5,46,1,NULL),(207,33,5,47,1,NULL),(208,33,5,48,1,NULL),(209,33,5,49,1,NULL),(210,33,5,11,1,NULL),(211,33,5,12,1,NULL),(212,33,5,7,1,NULL),(213,33,5,50,1,NULL),(214,33,5,9,1,NULL),(215,33,5,51,1,NULL),(216,33,5,52,1,NULL),(217,33,4,25,1,0),(218,33,5,8,1,0),(219,33,4,13,1,0),(231,50,1,50,1,0),(243,50,1,66,1,0),(246,50,1,65,1,NULL),(234,50,1,8,1,0),(247,50,1,64,1,NULL),(236,50,1,14,1,0),(237,50,1,6,1,0),(238,50,1,3,1,0),(239,50,1,10,1,0),(240,50,1,16,1,0),(241,50,1,9,1,0),(242,50,1,12,1,0),(244,50,1,4,1,NULL),(245,50,1,1,1,NULL),(248,50,1,63,1,NULL),(249,50,1,48,1,NULL),(250,50,1,62,1,NULL),(251,50,1,61,1,NULL),(252,50,1,60,1,NULL),(253,51,1,1,1,NULL),(254,51,1,64,1,NULL),(255,51,1,65,1,NULL),(256,51,1,6,1,NULL),(257,51,1,9,1,NULL),(258,51,1,8,1,NULL),(259,51,1,16,1,NULL),(260,51,1,4,1,NULL),(261,51,1,68,1,NULL),(262,51,1,66,1,NULL),(263,51,1,12,1,NULL),(264,51,1,69,1,NULL),(265,51,1,70,1,NULL),(266,51,1,14,1,NULL),(267,51,1,35,1,NULL),(268,51,1,13,1,0),(269,51,1,63,1,0),(270,52,1,1,1,0),(271,52,1,64,1,0),(272,52,1,9,1,0),(273,52,1,16,1,0),(274,52,1,71,1,0),(275,52,1,7,1,0),(276,52,1,6,1,0),(277,52,1,66,1,0),(278,52,1,12,1,0),(279,52,1,3,1,0),(280,52,1,40,1,0),(281,52,1,14,1,0),(282,52,1,13,1,0),(283,52,1,69,1,0);
/*!40000 ALTER TABLE `locations_toppings` ENABLE KEYS */;
UNLOCK TABLES;

--
-- Table structure for table `orders`
--

DROP TABLE IF EXISTS `orders`;
/*!40101 SET @saved_cs_client     = @@character_set_client */;
/*!40101 SET character_set_client = utf8 */;
CREATE TABLE `orders` (
  `id` int(10) NOT NULL AUTO_INCREMENT,
  `location_id` int(10) NOT NULL,
  `user_id` int(10) NOT NULL,
  `users_addr_id` int(10) DEFAULT NULL,
  `users_payment_profile_id` int(10) DEFAULT NULL,
  `transaction_id` varchar(12) DEFAULT NULL,
  `notify_fax` tinyint(1) NOT NULL DEFAULT '0',
  `notify_sms` tinyint(1) NOT NULL DEFAULT '0',
  `success_fax` tinyint(1) DEFAULT '0',
  `success_sms` tinyint(1) DEFAULT '0',
  `success_email` tinyint(1) DEFAULT '0',
  `timestamp` datetime DEFAULT NULL,
  `filename` varchar(40) DEFAULT NULL,
  `subtotal` float NOT NULL DEFAULT '0',
  `tax` float NOT NULL DEFAULT '0',
  `tax_rate` float DEFAULT NULL,
  `delivery_charge` float NOT NULL DEFAULT '0',
  `oas_charge` float NOT NULL DEFAULT '1.99',
  `discount_code_id` int(8) DEFAULT NULL,
  `discount_amt` float NOT NULL DEFAULT '0',
  `total` float NOT NULL DEFAULT '0',
  `order_method` varchar(8) NOT NULL DEFAULT 'Delivery',
  `is_cim_transaction` tinyint(1) NOT NULL DEFAULT '1',
  `masked_cc` varchar(8) DEFAULT NULL,
  `refunded` tinyint(1) NOT NULL DEFAULT '0',
  `refunded_timestamp` datetime DEFAULT NULL,
  `refund_transaction_id` varchar(12) DEFAULT NULL,
  `confirm_hash` varchar(40) DEFAULT NULL,
  `admin_manual_confirm` tinyint(1) NOT NULL DEFAULT '0',
  `order_started` tinyint(1) NOT NULL DEFAULT '0',
  `order_started_timestamp` datetime DEFAULT NULL,
  `order_started_by` varchar(20) DEFAULT NULL,
  `order_cooking` tinyint(1) NOT NULL DEFAULT '0',
  `order_cooking_timestamp` datetime DEFAULT NULL,
  `order_cooking_by` varchar(20) DEFAULT NULL,
  `order_delivering` tinyint(1) NOT NULL DEFAULT '0',
  `order_delivering_timestamp` datetime DEFAULT NULL,
  `order_delivering_by` varchar(20) DEFAULT NULL,
  `complete` tinyint(1) NOT NULL DEFAULT '0',
  PRIMARY KEY (`id`)
) ENGINE=MyISAM AUTO_INCREMENT=17 DEFAULT CHARSET=latin1;
/*!40101 SET character_set_client = @saved_cs_client */;

--
-- Dumping data for table `orders`
--

LOCK TABLES `orders` WRITE;
/*!40000 ALTER TABLE `orders` DISABLE KEYS */;
INSERT INTO `orders` VALUES (2,33,8,23,13,'3885291918',0,0,0,0,1,'2011-09-29 08:33:32',NULL,34,2.89,8.5,5.99,1,11,33.66,10.22,'Delivery',1,NULL,0,NULL,NULL,'8tWRkd3cA0q53Hw7jp4qPAVfHampfh22XfIUWwzA',0,1,'2011-09-29 14:17:53',NULL,0,NULL,NULL,0,NULL,NULL,1),(3,33,8,23,13,'3892559506',0,0,1,0,1,'2011-10-02 06:36:05',NULL,62,5.27,8.5,5.99,1,NULL,0,74.26,'Delivery',1,NULL,0,NULL,NULL,'Mj4rYg88fk8DVI9cpvLmGfWSK1vOHFbTfDJQO2SD',1,1,'2011-11-25 08:37:05',NULL,0,NULL,NULL,0,NULL,NULL,1),(4,32,8,NULL,NULL,NULL,0,0,0,0,0,'2011-11-07 14:40:56',NULL,35.45,0,NULL,0,1,NULL,0,0,'Delivery',1,NULL,0,NULL,NULL,NULL,0,0,NULL,NULL,0,NULL,NULL,0,NULL,NULL,0),(5,32,8,NULL,NULL,NULL,0,0,0,0,0,'2011-11-08 13:27:11',NULL,32,0,NULL,0,1,NULL,0,0,'Delivery',1,NULL,0,NULL,NULL,NULL,0,0,NULL,NULL,0,NULL,NULL,0,NULL,NULL,0),(6,33,8,NULL,NULL,NULL,0,0,0,0,0,'2011-11-23 12:58:40',NULL,0,0,NULL,0,1,NULL,0,0,'Delivery',1,NULL,0,NULL,NULL,NULL,0,0,NULL,NULL,0,NULL,NULL,0,NULL,NULL,0),(7,33,8,23,20,'4001011477',0,0,1,0,1,'2011-11-25 07:26:00',NULL,54,4.59,8.5,5.99,1,11,53.46,12.12,'Delivery',1,NULL,1,'2011-11-25 08:54:26','4001011477','235',0,0,NULL,NULL,0,NULL,NULL,0,NULL,NULL,1),(8,33,8,23,20,'4002722295',0,0,1,0,1,'2011-11-26 06:39:31',NULL,30,2.55,8.5,5.99,1,11,29.7,9.84,'Delivery',1,NULL,1,'2011-11-26 06:57:13','4002722295','447',0,0,NULL,NULL,0,NULL,NULL,0,NULL,NULL,1),(9,33,8,23,20,'4002846835',0,0,1,0,1,'2011-11-26 08:10:10',NULL,30,2.55,8.5,5.99,1,11,29.7,9.84,'Delivery',1,NULL,1,'2011-11-26 08:14:45','4002846835','982',0,0,NULL,NULL,0,NULL,NULL,0,NULL,NULL,1),(10,33,8,23,20,'4006537956',0,0,1,0,1,'2011-11-28 09:13:55',NULL,34,2.89,8.5,5.99,1,11,33.66,10.22,'Delivery',1,NULL,0,NULL,NULL,'580',0,1,'2011-11-28 12:21:30',NULL,0,NULL,NULL,0,NULL,NULL,1),(12,32,8,23,20,'4036536089',0,0,0,0,1,'2011-12-09 14:28:43',NULL,35.85,1.49351,4.166,5.99,1,NULL,0,44.3335,'Delivery',1,NULL,0,NULL,NULL,'BQDQQqb3YBMnvdJPccF2jAU50JbcaprsAaLkFL2X',0,0,NULL,NULL,0,NULL,NULL,0,NULL,NULL,1),(13,33,8,NULL,NULL,NULL,0,0,0,0,0,'2011-12-15 15:16:16',NULL,0,0,NULL,0,1,NULL,0,0,'Delivery',1,NULL,0,NULL,NULL,NULL,0,0,NULL,NULL,0,NULL,NULL,0,NULL,NULL,0),(14,50,8,23,20,'4053726881',0,0,0,0,1,'2011-12-16 13:22:21',NULL,35.99,3.14913,8.75,1.5,1,NULL,0,41.6391,'Delivery',1,NULL,1,'2011-12-16 14:00:11','4053726881','CM1q7kfdyO9jOdgVHkQrM7w6QCddMrO3mPqKpACd',0,0,NULL,NULL,0,NULL,NULL,0,NULL,NULL,1),(16,32,8,NULL,NULL,NULL,0,0,0,0,0,'2014-07-18 09:35:56',NULL,19.9,0,NULL,0,1.99,NULL,0,0,'Delivery',1,NULL,0,NULL,NULL,NULL,0,0,NULL,NULL,0,NULL,NULL,0,NULL,NULL,0);
/*!40000 ALTER TABLE `orders` ENABLE KEYS */;
UNLOCK TABLES;

--
-- Table structure for table `orders_combos`
--

DROP TABLE IF EXISTS `orders_combos`;
/*!40101 SET @saved_cs_client     = @@character_set_client */;
/*!40101 SET character_set_client = utf8 */;
CREATE TABLE `orders_combos` (
  `id` int(8) NOT NULL AUTO_INCREMENT,
  `order_id` int(8) NOT NULL,
  `combo_id` int(8) NOT NULL,
  `price` float NOT NULL,
  `qty` int(2) NOT NULL DEFAULT '1',
  `additional_opts_price` float NOT NULL DEFAULT '0',
  `total` float NOT NULL,
  `comments` text,
  PRIMARY KEY (`id`)
) ENGINE=MyISAM AUTO_INCREMENT=71 DEFAULT CHARSET=latin1;
/*!40101 SET character_set_client = @saved_cs_client */;

--
-- Dumping data for table `orders_combos`
--

LOCK TABLES `orders_combos` WRITE;
/*!40000 ALTER TABLE `orders_combos` DISABLE KEYS */;
INSERT INTO `orders_combos` VALUES (70,5,23,20,1,9.5,29.5,''),(69,4,23,20,1,3.5,23.5,'');
/*!40000 ALTER TABLE `orders_combos` ENABLE KEYS */;
UNLOCK TABLES;

--
-- Table structure for table `orders_combos_items`
--

DROP TABLE IF EXISTS `orders_combos_items`;
/*!40101 SET @saved_cs_client     = @@character_set_client */;
/*!40101 SET character_set_client = utf8 */;
CREATE TABLE `orders_combos_items` (
  `id` int(8) NOT NULL AUTO_INCREMENT,
  `orders_combo_id` int(8) NOT NULL,
  `item_id` int(8) NOT NULL,
  `comments` text,
  PRIMARY KEY (`id`)
) ENGINE=MyISAM AUTO_INCREMENT=196 DEFAULT CHARSET=latin1;
/*!40101 SET character_set_client = @saved_cs_client */;

--
-- Dumping data for table `orders_combos_items`
--

LOCK TABLES `orders_combos_items` WRITE;
/*!40000 ALTER TABLE `orders_combos_items` DISABLE KEYS */;
INSERT INTO `orders_combos_items` VALUES (195,70,109,''),(194,70,108,''),(193,70,108,''),(192,70,109,''),(191,70,106,''),(186,69,106,''),(187,69,106,''),(188,69,108,''),(189,69,108,''),(190,69,109,'');
/*!40000 ALTER TABLE `orders_combos_items` ENABLE KEYS */;
UNLOCK TABLES;

--
-- Table structure for table `orders_combos_items_items_options`
--

DROP TABLE IF EXISTS `orders_combos_items_items_options`;
/*!40101 SET @saved_cs_client     = @@character_set_client */;
/*!40101 SET character_set_client = utf8 */;
CREATE TABLE `orders_combos_items_items_options` (
  `id` int(8) NOT NULL AUTO_INCREMENT,
  `orders_combos_item_id` int(8) NOT NULL,
  `items_option_id` int(8) NOT NULL,
  `price` float NOT NULL DEFAULT '0',
  PRIMARY KEY (`id`)
) ENGINE=MyISAM AUTO_INCREMENT=277 DEFAULT CHARSET=latin1;
/*!40101 SET character_set_client = @saved_cs_client */;

--
-- Dumping data for table `orders_combos_items_items_options`
--

LOCK TABLES `orders_combos_items_items_options` WRITE;
/*!40000 ALTER TABLE `orders_combos_items_items_options` DISABLE KEYS */;
INSERT INTO `orders_combos_items_items_options` VALUES (274,193,212,1.25),(273,193,213,1.25),(272,193,214,1.25),(271,193,226,1.75),(270,191,227,0),(276,194,215,2.25),(275,194,226,1.75),(266,186,227,0),(267,187,227,0),(268,188,226,1.75),(269,189,226,1.75);
/*!40000 ALTER TABLE `orders_combos_items_items_options` ENABLE KEYS */;
UNLOCK TABLES;

--
-- Table structure for table `orders_combos_items_locations_cats_options`
--

DROP TABLE IF EXISTS `orders_combos_items_locations_cats_options`;
/*!40101 SET @saved_cs_client     = @@character_set_client */;
/*!40101 SET character_set_client = utf8 */;
CREATE TABLE `orders_combos_items_locations_cats_options` (
  `id` int(8) NOT NULL AUTO_INCREMENT,
  `orders_combos_item_id` int(8) NOT NULL,
  `locations_cats_option_id` int(8) NOT NULL,
  `price` float NOT NULL DEFAULT '0',
  PRIMARY KEY (`id`)
) ENGINE=MyISAM AUTO_INCREMENT=186 DEFAULT CHARSET=latin1;
/*!40101 SET character_set_client = @saved_cs_client */;

--
-- Dumping data for table `orders_combos_items_locations_cats_options`
--

LOCK TABLES `orders_combos_items_locations_cats_options` WRITE;
/*!40000 ALTER TABLE `orders_combos_items_locations_cats_options` DISABLE KEYS */;
INSERT INTO `orders_combos_items_locations_cats_options` VALUES (184,194,2,0),(183,193,2,0),(182,192,2,0),(181,191,2,0),(185,195,2,0),(176,186,2,0),(177,187,2,0),(178,188,2,0),(179,189,2,0),(180,190,2,0);
/*!40000 ALTER TABLE `orders_combos_items_locations_cats_options` ENABLE KEYS */;
UNLOCK TABLES;

--
-- Table structure for table `orders_combos_pizzas`
--

DROP TABLE IF EXISTS `orders_combos_pizzas`;
/*!40101 SET @saved_cs_client     = @@character_set_client */;
/*!40101 SET character_set_client = utf8 */;
CREATE TABLE `orders_combos_pizzas` (
  `id` int(8) NOT NULL AUTO_INCREMENT,
  `orders_combo_id` int(8) NOT NULL,
  `combos_pizza_id` int(8) NOT NULL,
  `locations_crust_id` int(4) NOT NULL,
  `sauce` varchar(15) NOT NULL,
  `sauce_price` float NOT NULL DEFAULT '0',
  `cheese` varchar(15) NOT NULL,
  `cheese_price` float NOT NULL DEFAULT '0',
  `crust_price` float NOT NULL DEFAULT '0',
  `topping_price` float NOT NULL DEFAULT '0',
  `total_price_adj` float NOT NULL DEFAULT '0',
  `comments` text,
  PRIMARY KEY (`id`)
) ENGINE=MyISAM AUTO_INCREMENT=29 DEFAULT CHARSET=latin1;
/*!40101 SET character_set_client = @saved_cs_client */;

--
-- Dumping data for table `orders_combos_pizzas`
--

LOCK TABLES `orders_combos_pizzas` WRITE;
/*!40000 ALTER TABLE `orders_combos_pizzas` DISABLE KEYS */;
/*!40000 ALTER TABLE `orders_combos_pizzas` ENABLE KEYS */;
UNLOCK TABLES;

--
-- Table structure for table `orders_combos_pizzas_toppings`
--

DROP TABLE IF EXISTS `orders_combos_pizzas_toppings`;
/*!40101 SET @saved_cs_client     = @@character_set_client */;
/*!40101 SET character_set_client = utf8 */;
CREATE TABLE `orders_combos_pizzas_toppings` (
  `id` int(10) NOT NULL AUTO_INCREMENT,
  `orders_combos_pizza_id` int(8) NOT NULL,
  `topping_id` int(8) NOT NULL,
  `placement` varchar(10) NOT NULL DEFAULT 'Whole',
  `price` float NOT NULL DEFAULT '0',
  PRIMARY KEY (`id`)
) ENGINE=MyISAM AUTO_INCREMENT=53 DEFAULT CHARSET=latin1;
/*!40101 SET character_set_client = @saved_cs_client */;

--
-- Dumping data for table `orders_combos_pizzas_toppings`
--

LOCK TABLES `orders_combos_pizzas_toppings` WRITE;
/*!40000 ALTER TABLE `orders_combos_pizzas_toppings` DISABLE KEYS */;
/*!40000 ALTER TABLE `orders_combos_pizzas_toppings` ENABLE KEYS */;
UNLOCK TABLES;

--
-- Table structure for table `orders_combos_specials_sizes`
--

DROP TABLE IF EXISTS `orders_combos_specials_sizes`;
/*!40101 SET @saved_cs_client     = @@character_set_client */;
/*!40101 SET character_set_client = utf8 */;
CREATE TABLE `orders_combos_specials_sizes` (
  `id` int(8) NOT NULL AUTO_INCREMENT,
  `specials_size_id` int(8) NOT NULL,
  `orders_combo_id` int(8) NOT NULL,
  `locations_crust_id` int(8) NOT NULL,
  `sauce` varchar(15) NOT NULL,
  `sauce_price` float NOT NULL DEFAULT '0',
  `cheese` varchar(15) NOT NULL,
  `cheese_price` float NOT NULL DEFAULT '0',
  `crust_price` float NOT NULL DEFAULT '0',
  `topping_price` float NOT NULL DEFAULT '0',
  `total_price_adj` float NOT NULL DEFAULT '0',
  `comments` text,
  PRIMARY KEY (`id`)
) ENGINE=MyISAM AUTO_INCREMENT=29 DEFAULT CHARSET=latin1;
/*!40101 SET character_set_client = @saved_cs_client */;

--
-- Dumping data for table `orders_combos_specials_sizes`
--

LOCK TABLES `orders_combos_specials_sizes` WRITE;
/*!40000 ALTER TABLE `orders_combos_specials_sizes` DISABLE KEYS */;
/*!40000 ALTER TABLE `orders_combos_specials_sizes` ENABLE KEYS */;
UNLOCK TABLES;

--
-- Table structure for table `orders_combos_specials_sizes_toppings`
--

DROP TABLE IF EXISTS `orders_combos_specials_sizes_toppings`;
/*!40101 SET @saved_cs_client     = @@character_set_client */;
/*!40101 SET character_set_client = utf8 */;
CREATE TABLE `orders_combos_specials_sizes_toppings` (
  `id` int(8) NOT NULL AUTO_INCREMENT,
  `orders_combos_specials_size_id` int(8) NOT NULL,
  `topping_id` int(8) NOT NULL,
  `placement` varchar(10) NOT NULL DEFAULT 'Whole',
  PRIMARY KEY (`id`)
) ENGINE=MyISAM DEFAULT CHARSET=latin1;
/*!40101 SET character_set_client = @saved_cs_client */;

--
-- Dumping data for table `orders_combos_specials_sizes_toppings`
--

LOCK TABLES `orders_combos_specials_sizes_toppings` WRITE;
/*!40000 ALTER TABLE `orders_combos_specials_sizes_toppings` DISABLE KEYS */;
/*!40000 ALTER TABLE `orders_combos_specials_sizes_toppings` ENABLE KEYS */;
UNLOCK TABLES;

--
-- Table structure for table `orders_combos_text_items`
--

DROP TABLE IF EXISTS `orders_combos_text_items`;
/*!40101 SET @saved_cs_client     = @@character_set_client */;
/*!40101 SET character_set_client = utf8 */;
CREATE TABLE `orders_combos_text_items` (
  `id` int(8) NOT NULL AUTO_INCREMENT,
  `orders_combo_id` int(8) NOT NULL,
  `combos_text_item_id` int(8) NOT NULL,
  `comments` text,
  PRIMARY KEY (`id`)
) ENGINE=MyISAM AUTO_INCREMENT=5 DEFAULT CHARSET=latin1;
/*!40101 SET character_set_client = @saved_cs_client */;

--
-- Dumping data for table `orders_combos_text_items`
--

LOCK TABLES `orders_combos_text_items` WRITE;
/*!40000 ALTER TABLE `orders_combos_text_items` DISABLE KEYS */;
INSERT INTO `orders_combos_text_items` VALUES (4,70,6,'extra comments about the salad.'),(3,69,6,'stuff');
/*!40000 ALTER TABLE `orders_combos_text_items` ENABLE KEYS */;
UNLOCK TABLES;

--
-- Table structure for table `orders_items`
--

DROP TABLE IF EXISTS `orders_items`;
/*!40101 SET @saved_cs_client     = @@character_set_client */;
/*!40101 SET character_set_client = utf8 */;
CREATE TABLE `orders_items` (
  `id` int(10) NOT NULL AUTO_INCREMENT,
  `item_id` int(10) NOT NULL,
  `order_id` int(10) NOT NULL,
  `price` float NOT NULL DEFAULT '1',
  `qty` int(2) NOT NULL,
  `additional_opts_price` float NOT NULL DEFAULT '0' COMMENT 'Total amount of any chosen item options that cost more than the base item price.',
  `total` float NOT NULL,
  `comments` text,
  PRIMARY KEY (`id`)
) ENGINE=MyISAM AUTO_INCREMENT=90 DEFAULT CHARSET=latin1;
/*!40101 SET character_set_client = @saved_cs_client */;

--
-- Dumping data for table `orders_items`
--

LOCK TABLES `orders_items` WRITE;
/*!40000 ALTER TABLE `orders_items` DISABLE KEYS */;
INSERT INTO `orders_items` VALUES (82,190,3,17,1,7,24,'No Ricotta Cheese please.'),(83,236,3,7,1,2,9,''),(84,107,4,11.95,1,0,11.95,''),(85,131,5,2.5,1,0,2.5,''),(86,166,8,10,3,0,30,''),(87,166,9,10,3,0,30,''),(88,107,12,11.95,3,0,35.85,''),(89,106,16,9.95,2,0,19.9,'');
/*!40000 ALTER TABLE `orders_items` ENABLE KEYS */;
UNLOCK TABLES;

--
-- Table structure for table `orders_items_items_options`
--

DROP TABLE IF EXISTS `orders_items_items_options`;
/*!40101 SET @saved_cs_client     = @@character_set_client */;
/*!40101 SET character_set_client = utf8 */;
CREATE TABLE `orders_items_items_options` (
  `id` int(8) NOT NULL AUTO_INCREMENT,
  `orders_item_id` int(8) NOT NULL,
  `items_option_id` int(8) NOT NULL,
  `price` float NOT NULL DEFAULT '0',
  PRIMARY KEY (`id`)
) ENGINE=MyISAM AUTO_INCREMENT=33 DEFAULT CHARSET=latin1;
/*!40101 SET character_set_client = @saved_cs_client */;

--
-- Dumping data for table `orders_items_items_options`
--

LOCK TABLES `orders_items_items_options` WRITE;
/*!40000 ALTER TABLE `orders_items_items_options` DISABLE KEYS */;
INSERT INTO `orders_items_items_options` VALUES (28,84,230,0),(29,86,693,0),(30,87,692,0),(31,88,230,0),(32,89,227,0);
/*!40000 ALTER TABLE `orders_items_items_options` ENABLE KEYS */;
UNLOCK TABLES;

--
-- Table structure for table `orders_items_locations_cats_options`
--

DROP TABLE IF EXISTS `orders_items_locations_cats_options`;
/*!40101 SET @saved_cs_client     = @@character_set_client */;
/*!40101 SET character_set_client = utf8 */;
CREATE TABLE `orders_items_locations_cats_options` (
  `id` int(8) NOT NULL AUTO_INCREMENT,
  `orders_item_id` int(8) NOT NULL,
  `locations_cats_option_id` int(8) NOT NULL,
  `price` float NOT NULL DEFAULT '0',
  PRIMARY KEY (`id`)
) ENGINE=MyISAM AUTO_INCREMENT=33 DEFAULT CHARSET=latin1;
/*!40101 SET character_set_client = @saved_cs_client */;

--
-- Dumping data for table `orders_items_locations_cats_options`
--

LOCK TABLES `orders_items_locations_cats_options` WRITE;
/*!40000 ALTER TABLE `orders_items_locations_cats_options` DISABLE KEYS */;
INSERT INTO `orders_items_locations_cats_options` VALUES (27,82,52,5),(28,82,61,2),(29,83,72,2),(30,84,2,0),(31,88,2,0),(32,89,3,0);
/*!40000 ALTER TABLE `orders_items_locations_cats_options` ENABLE KEYS */;
UNLOCK TABLES;

--
-- Table structure for table `orders_specials_sizes`
--

DROP TABLE IF EXISTS `orders_specials_sizes`;
/*!40101 SET @saved_cs_client     = @@character_set_client */;
/*!40101 SET character_set_client = utf8 */;
CREATE TABLE `orders_specials_sizes` (
  `id` int(10) NOT NULL AUTO_INCREMENT,
  `order_id` int(10) NOT NULL,
  `locations_crust_id` int(4) NOT NULL,
  `specials_size_id` int(10) NOT NULL,
  `base_price` float NOT NULL,
  `crust_price` float NOT NULL DEFAULT '0',
  `topping_price` float NOT NULL DEFAULT '0',
  `sauce` varchar(15) NOT NULL,
  `sauce_price` float NOT NULL DEFAULT '0',
  `cheese` varchar(15) NOT NULL,
  `cheese_price` float NOT NULL DEFAULT '0',
  `qty` int(2) NOT NULL DEFAULT '1',
  `total` float NOT NULL,
  `comments` text,
  PRIMARY KEY (`id`)
) ENGINE=MyISAM AUTO_INCREMENT=61 DEFAULT CHARSET=latin1;
/*!40101 SET character_set_client = @saved_cs_client */;

--
-- Dumping data for table `orders_specials_sizes`
--

LOCK TABLES `orders_specials_sizes` WRITE;
/*!40000 ALTER TABLE `orders_specials_sizes` DISABLE KEYS */;
INSERT INTO `orders_specials_sizes` VALUES (56,2,19,375,32,2,0,'Regular Sauce',0,'Regular Cheese',0,1,34,''),(57,3,19,357,17,2,6,'Extra Sauce',2,'Extra Cheese',2,1,29,'Cut into squares please!'),(58,10,19,375,32,2,0,'Regular Sauce',0,'Regular Cheese',0,1,34,''),(60,14,23,423,26.99,0,4.5,'Extra Sauce',2.25,'Extra Cheese',2.25,1,35.99,'');
/*!40000 ALTER TABLE `orders_specials_sizes` ENABLE KEYS */;
UNLOCK TABLES;

--
-- Table structure for table `orders_specials_sizes_toppings`
--

DROP TABLE IF EXISTS `orders_specials_sizes_toppings`;
/*!40101 SET @saved_cs_client     = @@character_set_client */;
/*!40101 SET character_set_client = utf8 */;
CREATE TABLE `orders_specials_sizes_toppings` (
  `id` int(10) NOT NULL AUTO_INCREMENT,
  `orders_specials_size_id` int(10) NOT NULL,
  `topping_id` int(8) NOT NULL,
  `price` float NOT NULL,
  `placement` varchar(10) NOT NULL DEFAULT 'Whole',
  PRIMARY KEY (`id`)
) ENGINE=MyISAM AUTO_INCREMENT=73 DEFAULT CHARSET=latin1;
/*!40101 SET character_set_client = @saved_cs_client */;

--
-- Dumping data for table `orders_specials_sizes_toppings`
--

LOCK TABLES `orders_specials_sizes_toppings` WRITE;
/*!40000 ALTER TABLE `orders_specials_sizes_toppings` DISABLE KEYS */;
INSERT INTO `orders_specials_sizes_toppings` VALUES (66,57,5,2,'Left'),(67,57,1,2,'Whole'),(68,57,41,2,'Right'),(72,60,65,2.25,'Whole'),(71,60,50,2.25,'Whole');
/*!40000 ALTER TABLE `orders_specials_sizes_toppings` ENABLE KEYS */;
UNLOCK TABLES;

--
-- Table structure for table `pizzas`
--

DROP TABLE IF EXISTS `pizzas`;
/*!40101 SET @saved_cs_client     = @@character_set_client */;
/*!40101 SET character_set_client = utf8 */;
CREATE TABLE `pizzas` (
  `id` int(10) NOT NULL AUTO_INCREMENT,
  `locations_crust_id` int(4) NOT NULL,
  `size_id` int(4) NOT NULL,
  `order_id` int(10) NOT NULL,
  `sauce` varchar(15) NOT NULL,
  `sauce_price` float NOT NULL DEFAULT '0',
  `cheese` varchar(15) NOT NULL,
  `cheese_price` float NOT NULL,
  `crust_price` float NOT NULL DEFAULT '0',
  `topping_price` float NOT NULL DEFAULT '0',
  `base_price` float NOT NULL,
  `topping_price_alter` float DEFAULT NULL,
  `total` float NOT NULL DEFAULT '0',
  `qty` int(2) NOT NULL DEFAULT '1',
  `comments` text,
  PRIMARY KEY (`id`)
) ENGINE=MyISAM AUTO_INCREMENT=37 DEFAULT CHARSET=latin1;
/*!40101 SET character_set_client = @saved_cs_client */;

--
-- Dumping data for table `pizzas`
--

LOCK TABLES `pizzas` WRITE;
/*!40000 ALTER TABLE `pizzas` DISABLE KEYS */;
INSERT INTO `pizzas` VALUES (35,19,29,7,'Extra Sauce',2,'Extra Cheese',2,2,4,17,NULL,54,2,'cut in squares');
/*!40000 ALTER TABLE `pizzas` ENABLE KEYS */;
UNLOCK TABLES;

--
-- Table structure for table `pizzas_toppings`
--

DROP TABLE IF EXISTS `pizzas_toppings`;
/*!40101 SET @saved_cs_client     = @@character_set_client */;
/*!40101 SET character_set_client = utf8 */;
CREATE TABLE `pizzas_toppings` (
  `id` int(10) NOT NULL AUTO_INCREMENT,
  `pizza_id` int(10) NOT NULL,
  `topping_id` int(10) NOT NULL,
  `placement` varchar(10) NOT NULL DEFAULT 'Whole',
  `price` float NOT NULL,
  PRIMARY KEY (`id`)
) ENGINE=MyISAM AUTO_INCREMENT=87 DEFAULT CHARSET=latin1;
/*!40101 SET character_set_client = @saved_cs_client */;

--
-- Dumping data for table `pizzas_toppings`
--

LOCK TABLES `pizzas_toppings` WRITE;
/*!40000 ALTER TABLE `pizzas_toppings` DISABLE KEYS */;
INSERT INTO `pizzas_toppings` VALUES (82,35,39,'Whole',2),(83,35,50,'Left',2);
/*!40000 ALTER TABLE `pizzas_toppings` ENABLE KEYS */;
UNLOCK TABLES;

--
-- Table structure for table `prospects`
--

DROP TABLE IF EXISTS `prospects`;
/*!40101 SET @saved_cs_client     = @@character_set_client */;
/*!40101 SET character_set_client = utf8 */;
CREATE TABLE `prospects` (
  `id` int(8) NOT NULL AUTO_INCREMENT,
  `name` varchar(255) NOT NULL,
  `contact_fname` varchar(40) DEFAULT NULL,
  `contact_lname` varchar(40) DEFAULT NULL,
  `contact_title` varchar(20) DEFAULT NULL,
  `phone` varchar(10) NOT NULL,
  `fax` varchar(10) DEFAULT NULL,
  `website` varchar(255) DEFAULT NULL,
  `address` varchar(255) DEFAULT NULL,
  `city` varchar(40) NOT NULL,
  `state_id` int(3) NOT NULL,
  `zip_code_id` int(5) DEFAULT NULL,
  `region_id` int(4) NOT NULL DEFAULT '1',
  `latitude` float NOT NULL,
  `longitude` float NOT NULL,
  `sic_desc` varchar(80) DEFAULT 'Pizza Restaurants' COMMENT 'Restaurant Type Description',
  `lead_source` varchar(7) NOT NULL DEFAULT 'Import' COMMENT 'Import; Website; Manual',
  `owner_type` varchar(10) DEFAULT NULL,
  `contacted` tinyint(1) NOT NULL DEFAULT '0',
  `contacted_timestamp` datetime DEFAULT NULL,
  `response_notes` text,
  `timestamp` datetime NOT NULL,
  PRIMARY KEY (`id`)
) ENGINE=MyISAM AUTO_INCREMENT=282 DEFAULT CHARSET=latin1;
/*!40101 SET character_set_client = @saved_cs_client */;

--
-- Dumping data for table `prospects`
--

LOCK TABLES `prospects` WRITE;
/*!40000 ALTER TABLE `prospects` DISABLE KEYS */;
INSERT INTO `prospects` VALUES (1,'Alexanders Pizza Incorporated','Carolyn','DeoAgrave','Manager','6194355747','',NULL,'849 Orange Ave','Coronado',5,92118,1,32.6878,-117.179,'Pizza Parlors','Import','C',0,NULL,NULL,'2011-10-18 09:18:45'),(2,'Allens New York Pizza','Allen','','Owner','7609189999','',NULL,'6943 El Camino Real Ste 101','Carlsbad',5,92009,1,33.1039,-117.267,'Pizza Parlors','Import','S',0,NULL,NULL,'2011-10-18 09:18:45'),(3,'Asaggio Pizza','Jerry','Bishop','Owner','6192342407','',NULL,'879 W Harbor Dr Ste C','San Diego',5,92101,1,32.7114,-117.171,'Pizza Parlors','Import','S',0,NULL,NULL,'2011-10-18 09:18:45'),(4,'Balboa Pizza Place','George','Christokas','Owner','8585601961','',NULL,'4421 Genesee Ave','San Diego',5,92117,1,32.8244,-117.184,'Pizza Parlors','Import','S',0,NULL,NULL,'2011-10-18 09:18:45'),(5,'Bellisarios Rotisserie','Carol','Edenbaum','Partner','8587553053','8587556356',NULL,'2648 Del Mar Heights Rd','Del Mar',5,92014,1,32.9488,-117.247,'Pizza Parlors','Import','P',0,NULL,NULL,'2011-10-18 09:18:45'),(6,'Besta Wan Pizza House','Rebecca','Sanchez','Partner','7607536707','7607536707',NULL,'148 Aberdeen Dr','Cardiff By The Sea',5,92007,1,33.0207,-117.281,'Pizza Parlors','Import','P',0,NULL,NULL,'2011-10-18 09:18:45'),(7,'Big Kahunas Pizza','Paul','Fatta','Owner','8582709200','8582709204',NULL,'3780 Ingraham St','San Diego',5,92109,1,32.7885,-117.237,'Pizza Parlors','Import','S',0,NULL,NULL,'2011-10-18 09:18:45'),(8,'Blue Ribbon Artizan Pizzaria','','','','7606347671','',NULL,'897 S Coast Highway 101','Encinitas',5,92024,1,33.0408,-117.293,'Pizza Restaurants','Import','U',0,NULL,NULL,'2011-10-18 09:18:45'),(9,'Bongiornos New York Pizzaria','Mike','Bongiorno','Owner','8587552646','',NULL,'524 Stevens Ave Ste 11','Solana Beach',5,92075,1,32.9905,-117.261,'Pizza Parlors','Import','S',0,NULL,NULL,'2011-10-18 09:18:45'),(10,'Bottle Shop Pizza','Pete','Gargano','Owner','6194698410','',NULL,'2447 Fletcher Pkwy','El Cajon',5,92020,1,32.8022,-116.998,'Pizza Parlors','Import','S',0,NULL,NULL,'2011-10-18 09:18:45'),(11,'Bronx Pizza','Matt','Gardener','Manager','6192913341','',NULL,'111 Washington St','San Diego',5,92103,1,32.7498,-117.164,'Pizza Parlors','Import','S',0,NULL,NULL,'2011-10-18 09:18:45'),(12,'Buds Louisiana Food Shop','Bud','Deslatte','President','6192394210','',NULL,'1865 Mendota St','San Diego',5,92106,1,32.7346,-117.231,'Pizza Parlors','Import','C',0,NULL,NULL,'2011-10-18 09:18:45'),(13,'California Pizza Kitchen','Maris','Laipenieks','Manager','8584574222','8584570382',NULL,'3363 Nobel Dr','La Jolla',5,92037,1,32.868,-117.231,'Pizza Parlors','Import','C',0,NULL,NULL,'2011-10-18 09:18:45'),(14,'Capri Pizza & Pasta','','','','8584888303','',NULL,'2911 Mission Blvd','San Diego',5,92109,1,32.7659,-117.251,'Pizza Parlors','Import','S',0,NULL,NULL,'2011-10-18 09:18:45'),(15,'Catalanos Pizzaria','Daniel','Garcia','Manager','6192319050','',NULL,'3002 Imperial Ave','San Diego',5,92102,1,32.7066,-117.129,'Pizza Parlors','Import','S',0,NULL,NULL,'2011-10-18 09:18:45'),(16,'Central Park Cafe & Pizzeria','Angelo','','Manager','8582727247','',NULL,'4286 Cass St','San Diego',5,92109,1,32.7943,-117.251,'Pizza Parlors','Import','S',0,NULL,NULL,'2011-10-18 09:18:45'),(17,'Cheese Pizza Company','','','','6195717999','',NULL,'5583 Clairemont Mesa Blvd','San Diego',5,92117,1,32.8334,-117.172,'Pizza Restaurants','Import','U',0,NULL,NULL,'2011-10-18 09:18:45'),(18,'Ciaos Pizza Restaurant','Joe','Seppie','Owner','7606307333','',NULL,'2016 E Vista Way','Vista',5,92084,1,33.2309,-117.226,'Pizza Parlors','Import','S',0,NULL,NULL,'2011-10-18 09:18:45'),(19,'Cirincione Ristorante & Pizza','Sal','Cirincione','Owner','7606303087','',NULL,'423 Chad Ct','Vista',5,92083,1,33.2208,-117.251,'Pizza Parlors','Import','S',0,NULL,NULL,'2011-10-18 09:18:45'),(20,'City Pizzeria','John','Crosser','Manager','6195310955','',NULL,'1125 6th Ave','San Diego',5,92101,1,32.7172,-117.159,'Pizza Parlors','Import','S',0,NULL,NULL,'2011-10-18 09:18:45'),(21,'Coney Island Pizza','Sunny','Trinio','Owner','8586683215','',NULL,'14034 Poway Rd','Poway',5,92064,1,32.957,-117.027,'Pizza Parlors','Import','S',0,NULL,NULL,'2011-10-18 09:18:45'),(22,'Cusimano Pizzaria','Francesco','Cusimano','Partner','7604141200','',NULL,'3809 Plaza Dr Ste 106','Oceanside',5,92056,1,33.1814,-117.293,'Pizza Parlors','Import','P',0,NULL,NULL,'2011-10-18 09:18:45'),(23,'Cusimano S Pizzeria','','','','7604141200','',NULL,'3809 Plaza Dr Ste 106','Oceanside',5,92056,1,33.1814,-117.293,'Pizza Restaurants','Import','U',0,NULL,NULL,'2011-10-18 09:18:45'),(24,'Da Giorgio Pizzeria','','','','7607282351','',NULL,'1125 S Mission Rd','Fallbrook',5,92028,1,33.3725,-117.253,'Pizza Restaurants','Import','U',0,NULL,NULL,'2011-10-18 09:18:45'),(25,'DA Ninos Pizza','Gaetano','Damato','Owner','6192754395','6192750356',NULL,'4101 Ashton St','San Diego',5,92110,1,32.7816,-117.207,'Pizza Parlors','Import','C',0,NULL,NULL,'2011-10-18 09:18:46'),(26,'De Lucas Pizza','Domenic','Deluca','Owner','6192800448','6194437451',NULL,'3226 Thorn St','San Diego',5,92104,1,32.7393,-117.124,'Pizza Parlors','Import','S',0,NULL,NULL,'2011-10-18 09:18:46'),(27,'Dehesa Giant Pizza & Deli','Sam','','Owner','6194459007','',NULL,'2025 Harbison Canyon Rd','El Cajon',5,92019,1,32.7922,-116.845,'Pizza Parlors','Import','S',1,'2011-10-26 16:05:14','Signup.','2011-10-18 09:18:46'),(28,'Dematos Pizza','Victoria','Damato','Owner','8582929111','8582929148',NULL,'3755 Murphy Canyon Rd Ste I','San Diego',5,92123,1,32.8106,-117.116,'Pizza Parlors','Import','S',0,NULL,NULL,'2011-10-18 09:18:46'),(29,'Denalis Pizza','','','','8585136396','',NULL,'13158 Poway Rd','Poway',5,92064,1,32.9566,-117.045,'Pizza Restaurants','Import','U',0,NULL,NULL,'2011-10-18 09:18:46'),(30,'Di Milles Italian Deli Pizza','Michael','Dimille','Partner','6192833153','6192806262',NULL,'3492 Adams Ave','San Diego',5,92116,1,32.7636,-117.118,'Pizza Parlors','Import','P',0,NULL,NULL,'2011-10-18 09:18:46'),(31,'Extreme Pizza','','','','8587808880','',NULL,'13859 Carmel Valley Rd','San Diego',5,92130,1,32.9704,-117.161,'Pizza Restaurants','Import','U',0,NULL,NULL,'2011-10-18 09:18:46'),(32,'Fallbrook Pizza Company','Enrique','Madrigal','Owner','7607288337','',NULL,'903 E Mission Rd','Fallbrook',5,92028,1,33.3859,-117.242,'Pizza Parlors','Import','S',0,NULL,NULL,'2011-10-18 09:18:46'),(33,'Fat Boyz Pizza','Charles','Fisher','Manager','8584882699','',NULL,'728 Ventura Pl Ste C','San Diego',5,92109,1,32.7721,-117.252,'Pizza Parlors','Import','S',0,NULL,NULL,'2011-10-18 09:18:46'),(34,'Fernandos Pizza','Fernando','Nunoz','Owner','6196704070','',NULL,'2778 Sweetwater Springs Blvd','Spring Valley',5,91977,1,32.728,-116.971,'Pizza Parlors','Import','S',0,NULL,NULL,'2011-10-18 09:18:46'),(35,'Filippis Pizza','Brenda','Wilson','Manager','7607472650','7607474530',NULL,'114 W Grand Ave','Escondido',5,92025,1,33.1217,-117.082,'Pizza Parlors','Import','C',0,NULL,NULL,'2011-10-18 09:18:46'),(36,'Filippis Pizza Grotto','Richard','Dephilippis','Owner','8584836222','',NULL,'962 Garnet Ave','San Diego',5,92109,1,32.7974,-117.252,'Pizza Parlors','Import','C',0,NULL,NULL,'2011-10-18 09:18:46'),(37,'Filippis Pizza Grotto','Richard','Dephilippis','Owner','8585860888','',NULL,'9969 Mira Mesa Blvd','San Diego',5,92131,1,32.9163,-117.112,'Pizza Parlors','Import','C',0,NULL,NULL,'2011-10-18 09:18:46'),(38,'Filippis Pizza Grotto','Vincent','De Philippis','Owner','8582797240','8582797520',NULL,'5353 Kearny Villa Rd','San Diego',5,92123,1,32.8305,-117.14,'Pizza Parlors','Import','C',0,NULL,NULL,'2011-10-18 09:18:46'),(39,'Flippin Pizza','','','','7606321497','',NULL,'215 S El Cmino Real Ste H','Encinitas',5,92024,1,33.0442,-117.259,'Pizza Restaurants','Import','U',0,NULL,NULL,'2011-10-18 09:18:46'),(40,'Formaggio Pizza','David','Middleman','Owner','6192395440','6192396320',NULL,'435 Horton Plz','San Diego',5,92101,1,32.7137,-117.162,'Pizza Parlors','Import','S',0,NULL,NULL,'2011-10-18 09:18:46'),(42,'Gabbiano Pizza','Viet','Vo','Owner','8584884010','',NULL,'2912 Mission Blvd','San Diego',5,92109,1,32.7658,-117.251,'Pizza Parlors','Import','S',0,NULL,NULL,'2011-10-18 09:18:46'),(43,'Gabbiano Pizza','Don','Vo','Owner','6192876991','',NULL,'5838 Montezuma Rd','San Diego',5,92115,1,32.7709,-117.071,'Pizza Parlors','Import','S',0,NULL,NULL,'2011-10-18 09:18:46'),(44,'Gaetanos Pizza Restaurant','Petros','Provadris','Owner','8585651665','8585651980',NULL,'10615 Tierrasanta Blvd Ste H','San Diego',5,92124,1,32.8229,-117.101,'Pizza Parlors','Import','S',0,NULL,NULL,'2011-10-18 09:18:46'),(45,'Gaslamp Pizza','Hader','Aschandar','Owner','6192317542','',NULL,'505 5th Ave','San Diego',5,92101,1,32.7106,-117.16,'Pizza Parlors','Import','C',0,NULL,NULL,'2011-10-18 09:18:46'),(46,'Giant New York Pizza','Mike','Hamama','Owner','8586790800','',NULL,'14149 Twin Peaks Rd Ste 7','Poway',5,92064,1,32.9779,-117.023,'Pizza Parlors','Import','S',0,NULL,NULL,'2011-10-18 09:18:46'),(47,'Giant New York Pizza','Wisam','Sam','Owner','6194298411','',NULL,'750 Beyer Way Ste 2','San Diego',5,92154,1,32.5817,-117.062,'Pizza Parlors','Import','S',0,NULL,NULL,'2011-10-18 09:18:46'),(48,'Giant New York Pizza','Louie','Yousif','Owner','6192632000','',NULL,'8 N Euclid Ave Ste B','National City',5,91950,1,32.6896,-117.085,'Pizza Parlors','Import','C',0,NULL,NULL,'2011-10-18 09:18:46'),(49,'Giant New York Pizza #13','Wadie','Yousif','Manager','7607245111','',NULL,'1250 S Santa Fe Ave','Vista',5,92084,1,33.1866,-117.224,'Pizza Parlors','Import','C',0,NULL,NULL,'2011-10-18 09:18:46'),(50,'Giant Pizza King','Waleed','Thomas','Owner','6195752622','6195752614',NULL,'1070 13th St Ste B','Imperial Beach',5,91932,1,32.5769,-117.106,'Pizza Parlors','Import','S',0,NULL,NULL,'2011-10-18 09:18:46'),(51,'Giant Pizza King','Frank','Stephan','Owner','6194773744','6194774549',NULL,'1903 Highland Ave','National City',5,91950,1,32.6686,-117.095,'Pizza Parlors','Import','S',0,NULL,NULL,'2011-10-18 09:18:46'),(52,'Giant Pizza King','Auday','Shamoon','Owner','6194277700','',NULL,'419 Telegraph Canyon Rd Unit A','Chula Vista',5,91910,1,32.6289,-117.045,'Pizza Parlors','Import','S',0,NULL,NULL,'2011-10-18 09:18:46'),(53,'Giant Pizza King','Nick','Thomas','Owner','6195624659','',NULL,'9614 Carlton Hills Blvd','Santee',5,92071,1,32.8529,-116.999,'Pizza Parlors','Import','S',1,'2011-11-02 16:48:57','','2011-10-18 09:18:46'),(54,'Giant Pizza King','Andy','Safarta','Owner','6195616550','',NULL,'9742 Winter Gardens Blvd','Lakeside',5,92040,1,32.855,-116.931,'Pizza Parlors','Import','S',1,'2011-10-26 16:04:06','Follow up. Talked to owner who will \"check it out\". Using Grubhub & Eat24hours already.','2011-10-18 09:18:46'),(55,'Giant Pizza King #9','Nouri','Akou','Owner','6192837651','',NULL,'3638 El Cajon Blvd','San Diego',5,92104,1,32.7555,-117.115,'Pizza Parlors','Import','S',0,NULL,NULL,'2011-10-18 09:18:46'),(56,'Giusepys Pizza','Louie','Michael','Manager','6192668128','',NULL,'220 Euclid Ave Ste 180','San Diego',5,92114,1,32.7064,-117.085,'Pizza Parlors','Import','S',0,NULL,NULL,'2011-10-18 09:18:46'),(57,'Godfathers Pizza','Allen','Kennedy','Manager','6196987990','6194646003',NULL,'7080 Broadway','Lemon Grove',5,91945,1,32.7428,-117.045,'Pizza Parlors','Import','C',0,NULL,NULL,'2011-10-18 09:18:46'),(58,'Godfathers Pizza','Allen','Crow','Manager','6194626580','6194626356',NULL,'685 Sweetwater Rd','Spring Valley',5,91977,1,32.7086,-117.011,'Pizza Parlors','Import','C',0,NULL,NULL,'2011-10-18 09:18:46'),(59,'Godfathers Pizza','Lalo','Gutierrez','Manager','6194256760','',NULL,'2385 Eastridge Loop','Chula Vista',5,91915,1,32.6438,-116.962,'Pizza Parlors','Import','C',0,NULL,NULL,'2011-10-18 09:18:46'),(60,'Grazianos Pizza Restaurant','Allen','Trepcyk','Owner','8584876606','',NULL,'12165 Alta Carmel Ct Ste 110','San Diego',5,92128,1,32.9932,-117.07,'Pizza Parlors','Import','S',0,NULL,NULL,'2011-10-18 09:18:46'),(61,'Hole In The Wall Pizza Shoppe','Adel','Zakaria','Owner','6195611692','',NULL,'8049 Winter Gardens Blvd','El Cajon',5,92021,1,32.8233,-116.933,'Pizza Parlors','Import','S',1,'2011-10-26 16:02:53',NULL,'2011-10-18 09:18:46'),(62,'Howies Hungry Pizza and Subs','','','','8584864795','',NULL,'14002 Tierra Bonita Rd','Poway',5,92064,1,32.9675,-117.028,'Pizza Restaurants','Import','U',0,NULL,NULL,'2011-10-18 09:18:46'),(63,'Hubble Bubbley Cafe And Grill','Walid','Jawdeh','Owner','7602332334','',NULL,'367 N Melrose Dr Unit H','Vista',5,92083,1,33.2021,-117.254,'Pizza Parlors','Import','S',0,NULL,NULL,'2011-10-18 09:18:46'),(65,'Italia Pizza','Frank','D\'Anna','Owner','6194478846','6194012705',NULL,'1438 Broadway','El Cajon',5,92021,1,32.808,-116.93,'Pizza Parlors','Import','S',1,'2011-10-26 16:03:37',NULL,'2011-10-18 09:18:46'),(66,'Knockout Pizzeria','James','Markum','Owner','7604344468','',NULL,'2959 Carlsbad Blvd','Carlsbad',5,92008,1,33.1587,-117.351,'Pizza Parlors','Import','S',0,NULL,NULL,'2011-10-18 09:18:46'),(67,'La Casa Pizza','Hay','Tran','Owner','7607221949','',NULL,'209 N Tremont St','Oceanside',5,92054,1,33.1957,-117.381,'Pizza Parlors','Import','S',0,NULL,NULL,'2011-10-18 09:18:46'),(68,'La Cosa Pizza','Tony','','Manager','8582720888','',NULL,'1858 Garnet Ave','San Diego',5,92109,1,32.8009,-117.236,'Pizza Parlors','Import','S',0,NULL,NULL,'2011-10-18 09:18:46'),(69,'La Pizza Nostra','Jim','Caceres','Manager','6192243635','',NULL,'Po Box 710812','San Diego',5,92171,1,32.7153,-117.157,'Pizza Parlors','Import','C',0,NULL,NULL,'2011-10-18 09:18:46'),(70,'Leftees Chicago Pizzeria','Brendon','Hodson','Owner','6192951720','',NULL,'3448 30th St','San Diego',5,92104,1,32.742,-117.13,'Pizza Inn Restaurants','Import','C',0,NULL,NULL,'2011-10-18 09:18:46'),(71,'Liberty Giant Pizza','Mansoor','Dawoog','Owner','6195853111','',NULL,'1419 Hilltop Dr Ste D','Chula Vista',5,91911,1,32.604,-117.051,'Pizza Parlors','Import','S',0,NULL,NULL,'2011-10-18 09:18:46'),(72,'Little Caesars Pizza','Phil','Brown','Owner','6192670500','',NULL,'6915 Paradise Valley Rd Ste 2','San Diego',5,92139,1,32.6893,-117.045,'Pizza Parlors','Import','C',0,NULL,NULL,'2011-10-18 09:18:47'),(73,'Little Caesars Pizza','Morrise','Beseiber','Manager','7609412880','',NULL,'1041 E Vista Way','Vista',5,92084,1,33.213,-117.229,'Pizza Parlors','Import','C',0,NULL,NULL,'2011-10-18 09:18:47'),(74,'Little Caesars Pizza','Glen','Doulas','Manager','7607379077','7607300313',NULL,'675 E Lincoln Ave Ste L','Escondido',5,92026,1,33.1359,-117.08,'Pizza Parlors','Import','C',0,NULL,NULL,'2011-10-18 09:18:47'),(75,'Little Caesars Pizza','','','Manager','8585767100','',NULL,'5950 Santo Rd Ste G','San Diego',5,92124,1,32.8394,-117.099,'Pizza Parlors','Import','C',0,NULL,NULL,'2011-10-18 09:18:47'),(76,'Little Caesars Pizza','Marie','Hallock','Manager','8585717700','8585711100',NULL,'4310 Genesee Ave','San Diego',5,92117,1,32.8215,-117.184,'Pizza Parlors','Import','C',0,NULL,NULL,'2011-10-18 09:18:47'),(77,'Little Caesars Pizza','Matt','','Manager','7606303551','',NULL,'443 College Blvd','Oceanside',5,92057,1,33.2472,-117.293,'Pizza Parlors','Import','S',0,NULL,NULL,'2011-10-18 09:18:47'),(78,'Little Caesars Pizza','Jose','Espinoza','Manager','7607411844','',NULL,'2405 E Valley Pkwy','Escondido',5,92027,1,33.0949,-117.112,'Pizza Parlors','Import','C',0,NULL,NULL,'2011-10-18 09:18:47'),(79,'Little Caesars Pizza','Timothy','White','Owner','7607288241','',NULL,'1061 S Main Ave','Fallbrook',5,92028,1,33.373,-117.252,'Pizza Parlors','Import','C',0,NULL,NULL,'2011-10-18 09:18:47'),(80,'Little Caesars Pizza','Jose','Andrade','Manager','6192846600','6192846482',NULL,'2810 El Cajon Blvd Ste E','San Diego',5,92104,1,32.7554,-117.134,'Pizza Parlors','Import','C',0,NULL,NULL,'2011-10-18 09:18:47'),(81,'Little Caesars Pizza','Wally','Nassar','Manager','8582707772','',NULL,'1662 Garnet Ave','San Diego',5,92109,1,32.8001,-117.24,'Pizza Parlors','Import','C',0,NULL,NULL,'2011-10-18 09:18:47'),(82,'Little Caesar\'s Pizza','Smita','Khatri','Manager','6194237777','',NULL,'1555 Palm Ave Ste E','San Diego',5,92154,1,32.5838,-117.1,'Pizza Parlors','Import','C',0,NULL,NULL,'2011-10-18 09:18:47'),(83,'Little Caesar\'s Pizza','Steve','Svenson','Manager','8585664500','',NULL,'9007 Mira Mesa Blvd','San Diego',5,92126,1,32.9147,-117.132,'Pizza Parlors','Import','C',0,NULL,NULL,'2011-10-18 09:18:47'),(84,'Little Ceasars Pizza','Thomas','Felch','Owner','7608063535','7608067920',NULL,'4170 Oceanside Blvd Ste 191','Oceanside',5,92056,1,33.2072,-117.286,'Pizza Parlors','Import','C',0,NULL,NULL,'2011-10-18 09:18:47'),(85,'Mama Mia Pizza','Fad','Ali','Manager','6192822211','',NULL,'3305 Adams Ave Ste 30','San Diego',5,92116,1,32.7634,-117.123,'Pizza Parlors','Import','C',0,NULL,NULL,'2011-10-18 09:18:47'),(86,'Mama N Papas Pizza Grotto','Fred','Mozzani','Partner','7609413900','7609410607',NULL,'988 Escondido Ave Ste A','Vista',5,92083,1,33.1908,-117.237,'Pizza Parlors','Import','P',0,NULL,NULL,'2011-10-18 09:18:47'),(87,'Marvins Pizza Place','Jose','Murrillo','Manager','7607279496','',NULL,'2202 S Santa Fe Ave','Vista',5,92084,1,33.1708,-117.207,'Pizza Parlors','Import','S',0,NULL,NULL,'2011-10-18 09:18:47'),(88,'Menic De Lucas Pizza','Diminic','Deluca','Principal','6192800448','',NULL,'3226 Thorn St','San Diego',5,92104,1,32.7393,-117.124,'Pizza Restaurants','Import','U',0,NULL,NULL,'2011-10-18 09:18:47'),(89,'Mikes Giant New York Pizza','Sam','Anton','Manager','6193903332','',NULL,'13326 Highway 8 Business','Lakeside',5,92040,1,32.8331,-116.905,'Pizza Parlors','Import','S',1,'2011-10-26 16:04:27',NULL,'2011-10-18 09:18:47'),(90,'Mikes Giant New York Pizza','Mike','Toma','Manager','6194707777','',NULL,'2357 Reo Dr','San Diego',5,92139,1,32.6757,-117.065,'Pizza Parlors','Import','S',0,NULL,NULL,'2011-10-18 09:18:47'),(91,'Milano Pizza & Broiled Chicken','Olga','Strum','Owner','8584590121','',NULL,'6830 La Jolla Blvd Ste 103','La Jolla',5,92037,1,32.8312,-117.276,'Pizza Parlors','Import','S',0,NULL,NULL,'2011-10-18 09:18:47'),(92,'Milos Pizzeria','Ed','Rose','President','6194626456','',NULL,'6686 El Cajon Blvd Ste D','San Diego',5,92115,1,32.7685,-117.054,'Pizza Parlors','Import','S',0,NULL,NULL,'2011-10-18 09:18:47'),(93,'Mountain Mikes Pizza','Tim','Brashear','Manager','6192756453','',NULL,'3089 Clairemont Dr Ste E','San Diego',5,92117,1,32.7967,-117.193,'Pizza Parlors','Import','C',0,NULL,NULL,'2011-10-18 09:18:47'),(94,'Mr Vs Giant Pizza','Al','Winkleman','Owner','6196916339','6196917602',NULL,'1090 3rd Ave Ste 11','Chula Vista',5,91911,1,32.6137,-117.07,'Pizza Parlors','Import','S',0,NULL,NULL,'2011-10-18 09:18:47'),(95,'My Fathers Pizza','Mike','Strickland','Owner','7604809956','',NULL,'605 N Broadway','Escondido',5,92025,1,33.1271,-117.084,'Pizza Parlors','Import','S',0,NULL,NULL,'2011-10-18 09:18:47'),(96,'Naked Pizza','','','','6192600101','',NULL,'3803 5th Ave','San Diego',5,92103,1,32.7471,-117.16,'Pizza Restaurants','Import','U',0,NULL,NULL,'2011-10-18 09:18:47'),(97,'Napoleone Pizza House','Salvatore','Crivello','Owner','6194742888','',NULL,'619 National City Blvd','National City',5,91950,1,11.5825,122.437,'Pizza Parlors','Import','S',0,NULL,NULL,'2011-10-18 09:18:47'),(98,'New York Deli & Pizza','Tom','Jadan','Owner','6192643144','',NULL,'6230 Federal Blvd','San Diego',5,92114,1,32.7294,-117.063,'Pizza Parlors','Import','S',0,NULL,NULL,'2011-10-18 09:18:47'),(99,'New York Giant Pizza','Shimon','Malakha','Manager','6195937777','',NULL,'356 N Magnolia Ave','El Cajon',5,92020,1,32.7985,-116.962,'Pizza Parlors','Import','S',1,'2011-11-02 16:50:04',NULL,'2011-10-18 09:18:47'),(100,'New York Giant Pizza','Firaf','Sadik','Owner','6194646000','',NULL,'9083 Dallas St','La Mesa',5,91942,1,32.7924,-117.003,'Pizza Parlors','Import','S',0,NULL,NULL,'2011-10-18 09:18:47'),(101,'New York Pizza','Joseph','Bahriz','Owner','6196924100','',NULL,'2358 University Ave','San Diego',5,92104,1,32.7485,-117.139,'Pizza Parlors','Import','S',0,NULL,NULL,'2011-10-18 09:18:47'),(102,'New York Pizza','Yasen','Ghaensen','Owner','8582729111','',NULL,'3875 Clairemont Dr','San Diego',5,92117,1,32.8111,-117.201,'Pizza Parlors','Import','C',0,NULL,NULL,'2011-10-18 09:18:47'),(103,'New York Pizza','Larry','Manno','Owner','7607290785','',NULL,'3067 Roosevelt St','Carlsbad',5,92008,1,33.1593,-117.347,'Pizza Parlors','Import','S',0,NULL,NULL,'2011-10-18 09:18:47'),(104,'New York Pizza Department','Marsha','Nappi','Partner','6192960911','',NULL,'6110 Friars Rd','San Diego',5,92108,1,32.7664,-117.183,'Pizza Parlors','Import','C',0,NULL,NULL,'2011-10-18 09:18:47'),(105,'New York Pizza/Deli','Joseph','Bariz','Owner','6192321900','6192321977',NULL,'401 C St','San Diego',5,92101,1,32.7167,-117.161,'Pizza Parlors','Import','S',0,NULL,NULL,'2011-10-18 09:18:48'),(106,'Nonnos Pizza','Gasper','Lomedic','Owner','6193379559','',NULL,'5314 Baltimore Dr','La Mesa',5,91942,1,32.7754,-117.027,'Pizza Parlors','Import','S',0,NULL,NULL,'2011-10-18 09:18:48'),(231,'Grandstand Pizza',NULL,NULL,NULL,'6192586888',NULL,'grandstandpizza.com','1558 North Magnolia Avenue Ste. E','El Cajon',5,92020,1,32.8195,-116.963,'Pizza Restaurants','Manual',NULL,1,'2011-11-02 16:48:08',NULL,'2011-10-25 11:00:06'),(108,'Oggis Pizza & Brew','Charidy','Alcofer','Owner','7609448170','7606343045',NULL,'305 Encinitas Blvd','Encinitas',5,92024,1,33.0478,-117.285,'Pizza Parlors','Import','S',0,NULL,NULL,'2011-10-18 09:18:48'),(109,'Papa Tonis Pizza','Joe','Vipale','Manager','7607532885','',NULL,'554 Santa Fe Dr','Encinitas',5,92024,1,33.0363,-117.28,'Pizza Parlors','Import','C',0,NULL,NULL,'2011-10-18 09:18:48'),(110,'Papas Pizza','Sabastian','','Manager','8584839191','',NULL,'4388 Moraga Ave Ste A','San Diego',5,92117,1,32.8235,-117.214,'Pizza Parlors','Import','S',0,NULL,NULL,'2011-10-18 09:18:48'),(111,'Papas Pizza','Jerry','Haisish','Manager','6195311199','',NULL,'744 Market St','San Diego',5,92101,1,32.7117,-117.158,'Pizza Parlors','Import','C',0,NULL,NULL,'2011-10-18 09:18:48'),(112,'Pernicanos Pizza House','J','Pernicano','Owner','8584882900','8584889144',NULL,'711 Turquoise St','San Diego',5,92109,1,32.8082,-117.261,'Pizza Parlors','Import','S',0,NULL,NULL,'2011-10-18 09:18:48'),(226,'Palermo Pizza & Italianâ€Ž',NULL,NULL,NULL,'6194654821',NULL,'mypalermospizza.com','8733 Broadway','La Mesa',5,91941,1,32.7514,-117.012,'Pizza Restaurants','Manual',NULL,0,NULL,'Using mypizza.com for Online Ordering.','2011-10-24 02:01:20'),(114,'Peter Piper Pizza','Debbie','Barrett','Manager','6194771788','6194770485',NULL,'3007 Highland Ave Ste 11','National City',5,91950,1,32.6592,-117.089,'Pizza Parlors','Import','S',0,NULL,NULL,'2011-10-18 09:18:48'),(115,'Pizza Amore','Mike','','Manager','7607413994','',NULL,'845 S Escondido Blvd','Escondido',5,92025,1,33.1132,-117.079,'Pizza Parlors','Import','S',0,NULL,NULL,'2011-10-18 09:18:48'),(116,'Pizza Bella','John','Abatecola','Owner','6196924333','',NULL,'2707 Congress St Ste 1P','San Diego',5,92110,1,32.753,-117.198,'Pizza Parlors','Import','S',0,NULL,NULL,'2011-10-18 09:18:48'),(117,'Pizza Freeks','','','','6195782954','',NULL,'121 Juniper St','San Diego',5,92101,1,32.7292,-117.164,'Pizza Restaurants','Import','U',0,NULL,NULL,'2011-10-18 09:18:48'),(118,'Pizza King','Wally','Thomas','Owner','6194237601','',NULL,'600 Palm Ave Ste 100','Imperial Beach',5,91932,1,32.584,-117.121,'Pizza Parlors','Import','S',0,NULL,NULL,'2011-10-18 09:18:48'),(119,'Pizza Nova','Chris','Thompson','Manager','6192966682','6192966692',NULL,'3955 5th Ave','San Diego',5,92103,1,32.7493,-117.16,'Pizza Parlors','Import','C',0,NULL,NULL,'2011-10-18 09:18:48'),(120,'Pizza Nova','Charlie','Muirhead','VP','6192260268','6192263284',NULL,'5050 N Harbor Dr','San Diego',5,92106,1,32.7252,-117.225,'Pizza Parlors','Import','C',0,NULL,NULL,'2011-10-18 09:18:48'),(121,'Pizza Plaza','Louis','','Owner','6194758520','6194709723',NULL,'3108 E Plaza Blvd','National City',5,91950,1,25.9542,80.797,'Pizza Parlors','Import','S',0,NULL,NULL,'2011-10-18 09:18:48'),(122,'Pizza Port','Mike','Gabbard','Manager','8584817332','8584818448',NULL,'135 N Highway 101','Solana Beach',5,92075,1,32.9908,-117.272,'Pizza Parlors','Import','C',0,NULL,NULL,'2011-10-18 09:18:48'),(123,'Pizza Port Carlsbad Brewery','Gina','Marsaglia','Owner','7607207007','7607265221',NULL,'571 Carlsbad Village Dr','Carlsbad',5,92008,1,33.1596,-117.348,'Pizza Parlors','Import','S',0,NULL,NULL,'2011-10-18 09:18:48'),(124,'Pizza Pronto Incorporated','Masut','','Manager','8584599000','',NULL,'7556 Fay Ave Ste F','La Jolla',5,92037,1,32.8414,-117.274,'Pizza Parlors','Import','C',0,NULL,NULL,'2011-10-18 09:18:48'),(125,'Pizza Shuttle','Britt','Eubanks','Manager','7604341043','7604342662',NULL,'959 Tamarack Ave','Carlsbad',5,92008,1,33.1523,-117.336,'Pizza Parlors','Import','S',0,NULL,NULL,'2011-10-18 09:18:48'),(126,'Pizza Town USA','A','Zamani','President','7607220110','',NULL,'604 N Coast Hwy','Oceanside',5,92054,1,33.1996,-117.382,'Pizza Parlors','Import','C',0,NULL,NULL,'2011-10-18 09:18:48'),(258,'Zia Gourmet Pizza',NULL,NULL,NULL,'6192844320',NULL,'ziagourmetpizza.com','3311 Adams Ave','San Diego',5,0,1,45.309,-118.061,'Pizza Restaurants','Manual',NULL,0,NULL,NULL,'2011-11-01 02:01:46'),(128,'Pizzeria Uno','Krista','Arvinipis','Manager','6194208660','6194208675',NULL,'4452 Park Blvd Ste 303','San Diego',5,92116,1,32.7583,-117.146,'Pizza Inn Restaurants','Import','C',0,NULL,NULL,'2011-10-18 09:18:48'),(129,'Pizzeria Uno Restaurant & Bar','Glen','Miller','Owner','8584834143','',NULL,'4465 Mission Blvd','San Diego',5,92109,1,32.7959,-117.255,'Pizza Parlors','Import','C',0,NULL,NULL,'2011-10-18 09:18:48'),(130,'Pizzicato Gourmet Pizza','Travis','Sheffer','Manager','7606352800','',NULL,'252 N El Camino Real Ste 5','Encinitas',5,92024,1,33.0502,-117.26,'Pizza Parlors','Import','S',0,NULL,NULL,'2011-10-18 09:18:48'),(131,'Pokez Mexican Restaurant','Rafeal','Reyes','Owner','6197027160','',NULL,'947 E St','San Diego',5,92101,1,32.7147,-117.156,'Pizza Parlors','Import','S',0,NULL,NULL,'2011-10-18 09:18:48'),(132,'Pratos Pizza','Sam','Pratos','Owner','6194286617','',NULL,'4370 Palm Ave Ste B','San Diego',5,92154,1,32.5846,-117.039,'Pizza Parlors','Import','S',0,NULL,NULL,'2011-10-18 09:18:48'),(133,'Primo Pizza & Pasta No 2','Sam','Vanna','Owner','7603345555','',NULL,'191 N El Camino Real Ste 110','Encinitas',5,92024,1,33.0488,-117.259,'Pizza Parlors','Import','S',0,NULL,NULL,'2011-10-18 09:18:48'),(134,'Ramona Lisas Pizza & Subs','Wade','Toma','Owner','7607898200','',NULL,'23670 San Vicente Rd','Ramona',5,92065,1,33.0057,-116.817,'Pizza Parlors','Import','S',0,NULL,NULL,'2011-10-18 09:18:48'),(135,'Roccos Pizza Deli','Cyrus','Palizdan','Owner','7607448012','7607448012',NULL,'1531 W Mission Rd','San Marcos',5,92069,1,33.151,-117.193,'Pizza Parlors','Import','S',0,NULL,NULL,'2011-10-18 09:18:48'),(136,'Roccos Pizza Deli','Marco','Roccos','Owner','7607389095','',NULL,'205 W Mission Ave Ste N','Escondido',5,92025,1,33.1296,-117.087,'Pizza Parlors','Import','S',0,NULL,NULL,'2011-10-18 09:18:48'),(137,'Rosarias Pizza','Dung','Van','Owner','8587488242','',NULL,'13035 Pomerado Rd Ste 8','Poway',5,92064,1,32.9529,-117.062,'Pizza Parlors','Import','S',0,NULL,NULL,'2011-10-18 09:18:48'),(138,'Rosarias Pizza','Le','Van','Owner','6192258786','',NULL,'4719 Point Loma Ave','San Diego',5,92107,1,32.7354,-117.254,'Pizza Parlors','Import','S',0,NULL,NULL,'2011-10-18 09:18:48'),(139,'Rosarias Pizza','Le','Tiaa','Manager','6192750460','',NULL,'1801 Morena Blvd','San Diego',5,92110,1,32.7792,-117.207,'Pizza Parlors','Import','S',0,NULL,NULL,'2011-10-18 09:18:48'),(140,'Rosarias Pizza','Nhieu','Vu','Partner','8582708493','',NULL,'3741 Mission Blvd','San Diego',5,92109,1,32.7834,-117.252,'Pizza Parlors','Import','P',0,NULL,NULL,'2011-10-18 09:18:48'),(141,'Rosas Pizza','Hung','Dang','Owner','8582781222','',NULL,'3860 Convoy St Ste 100','San Diego',5,92111,1,32.8142,-117.154,'Pizza Parlors','Import','S',0,NULL,NULL,'2011-10-18 09:18:48'),(143,'Sam\'s Pizza','Daoug','Nawaey','Owner','8587556778','',NULL,'2212 Carmel Valley Rd','Del Mar',5,92014,1,32.9341,-117.255,'Pizza Parlors','Import','S',0,NULL,NULL,'2011-10-18 09:18:48'),(144,'San Diego Giant Pizza','Ali','Mohamad','Manager','6192831108','',NULL,'3391 30th St','San Diego',5,92104,1,32.7409,-117.129,'Pizza Parlors','Import','S',0,NULL,NULL,'2011-10-18 09:18:48'),(145,'Sbarros','Jim','Serran','Manager','7602335768','',NULL,'200 E Via Rancho Pkwy Ste 447','Escondido',5,92025,1,33.0687,-117.067,'Pizza Parlors','Import','C',0,NULL,NULL,'2011-10-18 09:18:48'),(146,'Scarcella\'s Pizza','John','Briquelet','Owner','8584841360','',NULL,'9869 Carmel Mountain Rd','San Diego',5,92129,1,32.9593,-117.115,'Pizza Parlors','Import','S',0,NULL,NULL,'2011-10-18 09:18:48'),(147,'Seacoast Giant Pizza','Rose','Talya','Owner','6194234444','',NULL,'807 Seacoast Dr','Imperial Beach',5,91932,1,32.5815,-117.132,'Pizza Parlors','Import','S',0,NULL,NULL,'2011-10-18 09:18:48'),(148,'Sorrentinos','Victor','Sorrentino','Owner','8584831811','8584838416',NULL,'4726 Clairemont Mesa Blvd','San Diego',5,92117,1,32.8348,-117.189,'Pizza Parlors','Import','S',0,NULL,NULL,'2011-10-18 09:18:48'),(149,'Sorrentinos Pizza & More','George','Ramerez','Owner','7604800222','',NULL,'1627 E Valley Pkwy','Escondido',5,92027,1,33.1343,-117.059,'Pizza Parlors','Import','C',0,NULL,NULL,'2011-10-18 09:18:48'),(150,'Sorrento Pizza','Mark','Jacob','Principal','8586788545','',NULL,'6755 Mira Mesa Blvd','San Diego',5,92121,1,32.9062,-117.173,'Pizza Restaurants','Import','U',0,NULL,NULL,'2011-10-18 09:18:48'),(151,'Sourdough Pizza','Jonathan','Harris','Owner','7607233106','',NULL,'1091 Overbrook Ln','Fallbrook',5,92028,1,33.3585,-117.227,'Pizza Parlors','Import','S',0,NULL,NULL,'2011-10-18 09:18:48'),(152,'Spankys Pizza','Don','Line','Owner','7607221512','',NULL,'510 Civic Center Dr','Oceanside',5,92054,1,33.198,-117.381,'Pizza Parlors','Import','S',0,NULL,NULL,'2011-10-18 09:18:48'),(153,'Spiritos Pizza By The Slice','Mike','Spirito','Owner','7604318704','',NULL,'5812 Van Allen Way Ste 130','Carlsbad',5,92008,1,33.1358,-117.288,'Pizza Parlors','Import','S',0,NULL,NULL,'2011-10-18 09:18:48'),(154,'Sunrise Cafe','Mike','Kelehian','Owner','8584538950','8584534082',NULL,'10066 Pacific Heights Blvd Ste 108','San Diego',5,92121,1,32.9013,-117.193,'Pizza Parlors','Import','S',0,NULL,NULL,'2011-10-18 09:18:48'),(155,'Tasty Pizza','','','','6193904585','',NULL,'9534 Winter Gardens Blvd','Lakeside',5,92040,1,32.8509,-116.932,'Pizza Restaurants','Import','U',1,'2011-10-26 16:04:05',NULL,'2011-10-18 09:18:48'),(156,'That Pizza Place','Mike','Psankuch','Owner','7604343171','7604343321',NULL,'2622 El Camino Real Ste B','Carlsbad',5,92008,1,33.1759,-117.326,'Pizza Parlors','Import','C',0,NULL,NULL,'2011-10-18 09:18:48'),(157,'Thats Amore Pizza','','','','8585660981','',NULL,'9272 Miramar Rd Ste 24','San Diego',5,92126,1,32.8938,-117.127,'Pizza Parlors','Import','S',0,NULL,NULL,'2011-10-18 09:18:48'),(158,'Thats Amore Pizza','Pete','Lalicata','Manager','6195885566','',NULL,'2441 Jamacha Rd Ste 204','El Cajon',5,92019,1,32.7454,-116.928,'Pizza Parlors','Import','S',0,NULL,NULL,'2011-10-18 09:18:48'),(159,'Tony Pepperoni Pizza','Shane','Long','Manager','7607266400','',NULL,'805 College Blvd Ste 102','Oceanside',5,92057,1,33.241,-117.292,'Pizza Parlors','Import','S',0,NULL,NULL,'2011-10-18 09:18:48'),(160,'Two Brothers From Italy','Paul','Lo Medico','Owner','7607583638','',NULL,'4760 Oceanside Blvd Ste B','Oceanside',5,92056,1,33.2161,-117.271,'Pizza Parlors','Import','S',0,NULL,NULL,'2011-10-18 09:18:48'),(161,'Upper Crest Pizza','Wayne','Lemons','Owner','7606309330','',NULL,'4196 Oceanside Blvd','Oceanside',5,92056,1,33.2073,-117.285,'Pizza Parlors','Import','S',0,NULL,NULL,'2011-10-18 09:18:48'),(162,'Upper Crust Pizza','Ray','Hunnicutt','Partner','7609410081','',NULL,'1330 E Vista Way Ste 2','Vista',5,92084,1,3.20001,-73.7798,'Pizza Parlors','Import','P',0,NULL,NULL,'2011-10-18 09:18:48'),(163,'Venice Pizza House','Joe','Lomedico','Owner','6192832333','',NULL,'3333 El Cajon Blvd','San Diego',5,92104,1,32.7551,-117.122,'Pizza Parlors','Import','S',0,NULL,NULL,'2011-10-18 09:18:48'),(164,'Vigiluccis Pizzeria','Robert','Vigilucci','Owner','7606346753','',NULL,'534 N Coast Highway 101','Encinitas',5,92024,1,33.0588,-117.3,'Pizza Parlors','Import','S',0,NULL,NULL,'2011-10-18 09:18:48'),(165,'Vinny\'s Pizzeria','Tom','Ballo','Owner','6194455777','6194454056',NULL,'2754 Alpine Blvd','Alpine',5,91901,1,32.8352,-116.754,'Pizza Parlors','Import','C',1,'2011-10-26 16:05:29','left under door.','2011-10-18 09:18:48'),(166,'Worlds Best Pizza Incorporated','Mikey','Matthews','Partner','7607463000','',NULL,'358 W Del Norte Pkwy Ste A','Escondido',5,92026,1,33.1782,-117.092,'Pizza Parlors','Import','P',0,NULL,NULL,'2011-10-18 09:18:48'),(167,'Z Pizza','','','','6192720022','',NULL,'5175 Linda Vista Rd','San Diego',5,92110,1,32.7649,-117.197,'Pizza Restaurants','Import','U',0,NULL,NULL,'2011-10-18 09:18:48'),(168,'Arrivederci Italian Restaurant','Antonino','Mastellone','Owner','6192996282','',NULL,'3845 4th Ave','San Diego',5,92103,1,32.7478,-117.161,'Restaurants/italian','Import','C',0,NULL,NULL,'2011-10-18 09:23:19'),(169,'Baci Italian Cuisine','Tony','Damato','Owner','6192752094','6192753004',NULL,'1955 Morena Blvd','San Diego',5,92110,1,32.7814,-117.207,'Restaurants/italian','Import','C',0,NULL,NULL,'2011-10-18 09:23:19'),(170,'Barolo Ristorante','Luke','Maczolini','Manager','8586221202','',NULL,'8935 Towne Centre Dr','San Diego',5,92122,1,32.8684,-117.207,'Restaurants/italian','Import','S',0,NULL,NULL,'2011-10-18 09:23:20'),(171,'Bongiovannis Italian Restaurant','Joe','Bongiovanni','Owner','6194438455','6194458495',NULL,'15244 Olde Highway 80','El Cajon',5,92021,1,32.8553,-116.847,'Restaurants/italian','Import','C',1,'2011-10-26 16:05:19','test comment','2011-10-18 09:23:20'),(172,'Borrellis','Ralph','Borrelli','Owner','7604361501','',NULL,'285 N El Camino Real Ste 106','Encinitas',5,92024,1,33.0535,-117.261,'Restaurants/italian','Import','C',0,NULL,NULL,'2011-10-18 09:23:20'),(173,'Borrellis','John','Borrelli','Owner','7604800098','',NULL,'1890 W El Norte Pkwy','Escondido',5,92026,1,33.1474,-117.112,'Restaurants/italian','Import','S',0,NULL,NULL,'2011-10-18 09:23:20'),(174,'Broadway Pizza','Harry','Naqvi','Manager','6192326264','6192328614',NULL,'1008 Broadway','San Diego',5,92101,1,32.7159,-117.155,'Restaurants/italian','Import','S',0,NULL,NULL,'2011-10-18 09:23:20'),(176,'Carinos Italian Restaurant','Larry','Adams','Owner','8584591400','',NULL,'7408 La Jolla Blvd','La Jolla',5,92037,1,32.8378,-117.278,'Restaurants/italian','Import','S',0,NULL,NULL,'2011-10-18 09:23:20'),(177,'D Lish Gourmet Pasta & Pizza','Michael','Bellofatto','Manager','8582779977','8587151417',NULL,'5252 Balboa Ave Ste 101','San Diego',5,92117,1,32.8192,-117.184,'Restaurants/italian','Import','S',0,NULL,NULL,'2011-10-18 09:23:21'),(178,'DA Boyz Original Pizza','Diah','Asker','Owner','6196608222','',NULL,'2990 Jamacha Rd Ste 100','El Cajon',5,92019,1,32.7397,-116.942,'Restaurants/italian','Import','S',0,NULL,NULL,'2011-10-18 09:23:21'),(179,'De Medici','Sal','Vitale','President','6197027228','',NULL,'815 5th Ave','San Diego',5,92101,1,32.7139,-117.16,'Restaurants/italian','Import','C',0,NULL,NULL,'2011-10-18 09:23:21'),(180,'Donatos Italian Restaurant','Dominick','Donato','President','6194454006','6194454025',NULL,'2654 Alpine Blvd','Alpine',5,91901,1,32.8351,-116.757,'Restaurants/italian','Import','C',1,'2011-10-26 16:05:27',NULL,'2011-10-18 09:23:21'),(181,'East Coast Giant Pizza','Ghulam-ali','Kiyam','Owner','6192322466','',NULL,'4193 Panorama Dr','La Mesa',5,91941,1,32.7545,-117.007,'Restaurants/italian','Import','P',0,NULL,NULL,'2011-10-18 09:23:21'),(182,'Espresso Italian Restaurant','Mario','Vazzana','Partner','6192242227','',NULL,'1776 Sunset Cliffs Blvd','San Diego',5,92107,1,32.7427,-117.249,'Restaurants/italian','Import','P',0,NULL,NULL,'2011-10-18 09:23:21'),(183,'Fios Cucina Italiana','Pam','Garheart','Owner','6192343467','6192345431',NULL,'801 5th Ave','San Diego',5,92101,1,32.7137,-117.16,'Restaurants/italian','Import','C',0,NULL,NULL,'2011-10-18 09:23:21'),(184,'Florence Pizza Express','Hamad','Isaeeh','Owner','6194827722','',NULL,'1550 E H St Ste C','Chula Vista',5,91913,1,32.6452,-116.997,'Restaurants/italian','Import','C',0,NULL,NULL,'2011-10-18 09:23:21'),(185,'Fresco Trattoria & Bar','Leone','Arcangelo','Owner','7607299244','7607297560',NULL,'264 Carlsbad Village Dr','Carlsbad',5,92008,1,33.1581,-117.351,'Restaurants/italian','Import','S',0,NULL,NULL,'2011-10-18 09:23:21'),(186,'Gaetanos Italian Restaurant','Aldo','Gigiovanni','Owner','6195611651','',NULL,'13524 Highway 8 Business','Lakeside',5,92040,1,32.8375,-116.898,'Restaurants/italian','Import','C',1,'2011-10-26 16:04:40',NULL,'2011-10-18 09:23:22'),(187,'Giovannis Italian Restaurant','Thomas','Moran','Owner','8582796700','8582792790',NULL,'9353 Clairemont Mesa Blvd Ste A','San Diego',5,92123,1,32.8313,-117.128,'Restaurants/italian','Import','S',0,NULL,NULL,'2011-10-18 09:23:22'),(188,'House of Pizza','Dean','Vasquez','Manager','8585510125','8585510662',NULL,'8107 Camino Del Sol','La Jolla',5,92037,1,32.8543,-117.257,'Restaurants/italian','Import','C',0,NULL,NULL,'2011-10-18 09:23:22'),(189,'II Fornaio Cucina Italiana','Mathew','Moore','Manager','8587558876','8587558906',NULL,'1555 Camino Del Mar Ste 301','Del Mar',5,92014,1,32.9606,-117.265,'Restaurants/italian','Import','C',0,NULL,NULL,'2011-10-18 09:23:22'),(190,'Italia Pizza Restaurant # 2','Mark','Ibraham','Owner','6194497960','6194497196',NULL,'8918 Carlton Hills Blvd','Santee',5,92071,1,32.8392,-116.996,'Restaurants/italian','Import','S',1,'2011-11-02 16:48:30','followup. talked to owner.','2011-10-18 09:23:22'),(191,'La Scala Italian Restaurant','Richard','Whitney','Partner','6192242272','',NULL,'1101 Scott St','San Diego',5,92106,1,32.7211,-117.231,'Restaurants/italian','Import','P',0,NULL,NULL,'2011-10-18 09:23:22'),(192,'Lazio Pizza','Sandy','Lazio','Owner','6192848080','',NULL,'4592 30th St','San Diego',5,92116,1,32.7607,-117.13,'Restaurants/italian','Import','C',0,NULL,NULL,'2011-10-18 09:23:22'),(193,'Leucadia Pizzeria','Erin','Hecock','Manager','8585972222','8585972366',NULL,'7748 Regents Rd','San Diego',5,92122,1,32.862,-117.225,'Restaurants/italian','Import','C',0,NULL,NULL,'2011-10-18 09:23:23'),(194,'Liberty Pizza Incorporated','Dominic','Mogazero','Manager','8582703278','',NULL,'4634 Mission Blvd','San Diego',5,92109,1,32.7982,-117.256,'Restaurants/italian','Import','S',0,NULL,NULL,'2011-10-18 09:23:23'),(195,'Lotsa Pasta','Carol','Blomstrom','President','8585816777','8585816783',NULL,'1726 Garnet Ave','San Diego',5,92109,1,32.8005,-117.238,'Restaurants/italian','Import','C',0,NULL,NULL,'2011-10-18 09:23:23'),(196,'Mamma Roses Pizza','Vince','Ursini','Owner','6194420231','',NULL,'1773 E Main St','El Cajon',5,92021,1,32.8144,-116.917,'Restaurants/italian','Import','S',1,'2011-10-26 16:04:22',NULL,'2011-10-18 09:23:23'),(197,'Marco Italian Restaurant','Joseph','Eustachio','Partner','7607581870','',NULL,'1825 E Vista Way','Vista',5,92084,1,33.2274,-117.226,'Restaurants/italian','Import','P',0,NULL,NULL,'2011-10-18 09:23:23'),(198,'Marechiaros Italin Restrauant','Joe','Brunetto','Owner','6195616580','6195617530',NULL,'14120 Olde Highway 80','El Cajon',5,92021,1,32.847,-116.88,'Restaurants/italian','Import','S',1,'2011-10-26 16:05:06',NULL,'2011-10-18 09:23:23'),(199,'Maritzas Mexican Food','Carmen','Ramierez','Manager','8582798866','',NULL,'3582 Mount Acadia Blvd Ste D','San Diego',5,92111,1,32.8069,-117.182,'Restaurants/italian','Import','S',0,NULL,NULL,'2011-10-18 09:23:23'),(200,'Meritage Restaurant','Dan','Sbecca','Owner','7606343350','7606343382',NULL,'897 S Coast Highway 101 Ste F104','Encinitas',5,92024,1,33.041,-117.293,'Restaurants/italian','Import','S',0,NULL,NULL,'2011-10-18 09:23:23'),(201,'Mona Lisa Italian Restaurant','John','Burnetto','Partner','6192344893','',NULL,'2061 India St','San Diego',5,92101,1,32.7263,-117.169,'Restaurants/italian','Import','P',0,NULL,NULL,'2011-10-18 09:23:23'),(202,'Olive Garden Restaurant','Patric','Magee','Manager','6192262124','6192260952',NULL,'3215 Sports Arena Blvd','San Diego',5,92110,1,32.7525,-117.207,'Restaurants/italian','Import','C',0,NULL,NULL,'2011-10-18 09:23:24'),(203,'Ottavios Italian Restaurants','Paul','Donato','Owner','6194449522','6194401095',NULL,'101 Jamacha Rd','El Cajon',5,92019,1,32.7955,-116.936,'Restaurants/italian','Import','S',1,'2011-11-02 16:48:13',NULL,'2011-10-18 09:23:24'),(204,'Papachinos Ristorante Inc','Stephen','Slamon','VP','8584817171','8587940414',NULL,'2650 Via De La Valle','Del Mar',5,92014,1,32.9812,-117.247,'Restaurants/italian','Import','C',0,NULL,NULL,'2011-10-18 09:23:24'),(205,'Pasta Bravo','Delia','Clemons','Manager','6196839201','6196839235',NULL,'2017 Camino Del Este # 101','San Diego',5,92108,1,32.7736,-117.145,'Restaurants/italian','Import','C',0,NULL,NULL,'2011-10-18 09:23:24'),(206,'Pernicanos','Gary','Pernicano','Owner','6194444546','6194443418',NULL,'1588 E Main St','El Cajon',5,92021,1,32.8074,-116.923,'Restaurants/italian','Import','S',1,'2011-10-26 16:04:14',NULL,'2011-10-18 09:23:24'),(207,'Pizza Ortegas','Juan','Ortega','Owner','6192243663','',NULL,'3445 Midway Dr','San Diego',5,92110,1,32.7505,-117.213,'Restaurants/italian','Import','S',0,NULL,NULL,'2011-10-18 09:23:24'),(208,'Prego Ristorante','Josh','Mcginnes','Manager','6192944700','',NULL,'1370 Frazee Rd','San Diego',5,92108,1,32.7724,-117.157,'Restaurants/italian','Import','C',0,NULL,NULL,'2011-10-18 09:23:24'),(210,'Sanfilippos Restaurant','Donato','Sanfilippo','Partner','6194642088','',NULL,'8141 La Mesa Blvd','La Mesa',5,91942,1,32.7638,-117.022,'Restaurants/italian','Import','P',0,NULL,NULL,'2011-10-18 09:23:25'),(211,'Scalini Restaurant','Ara','Shamnyan','Partner','8582599944','',NULL,'Po Box 578','Del Mar',5,92014,1,32.9595,-117.265,'Restaurants/italian','Import','C',0,NULL,NULL,'2011-10-18 09:23:25'),(212,'Sezen-17 Restaurant','Frank','Dick','Owner','6192323888','6192334434',NULL,'715 4th Ave','San Diego',5,92101,1,32.7129,-117.161,'Restaurants/italian','Import','C',0,NULL,NULL,'2011-10-18 09:23:25'),(213,'Tiramisu Trattoria','David','Chiodo','Partner','6196980096','',NULL,'8273 La Mesa Blvd','La Mesa',5,91942,1,32.7647,-117.019,'Restaurants/italian','Import','P',0,NULL,NULL,'2011-10-18 09:23:25'),(214,'Trattoria Acqua La Jolla','Michael','McGeath','Owner','8584540709','8584540710',NULL,'1298 Prospect St','La Jolla',5,92037,1,32.849,-117.271,'Restaurants/italian','Import','S',0,NULL,NULL,'2011-10-18 09:23:25'),(215,'Tuscany','Enzo','Mistretta','Manager','7609298111','7609290421',NULL,'6981 El Camino Real Ste 103','Carlsbad',5,92009,1,33.1028,-117.267,'Restaurants/italian','Import','C',0,NULL,NULL,'2011-10-18 09:23:25'),(216,'Tutto Mare Ristorante','Richard','Janetta','Manager','8585971188','8585971194',NULL,'4365 Executive Dr Ste 100','San Diego',5,92121,1,32.8751,-117.211,'Restaurants/italian','Import','C',0,NULL,NULL,'2011-10-18 09:23:26'),(217,'Vesuvio Gourmet Italian Restaurant','Carlos','Arroya','Manager','6192827040','',NULL,'3025 El Cajon Blvd','San Diego',5,92104,1,32.7552,-117.13,'Restaurants/italian','Import','C',0,NULL,NULL,'2011-10-18 09:23:26'),(218,'Vesuvios Pizza','Eric','Rockchester','Manager','6192823636','6192821699',NULL,'3025 El Cajon Blvd','San Diego',5,92104,1,32.7552,-117.13,'Restaurants/italian','Import','S',0,NULL,NULL,'2011-10-18 09:23:26'),(219,'VIA Italia Trattoria','Poalo','Pidrazzani','Owner','7604799757','',NULL,'565 S Coast Highway 101','Encinitas',5,92024,1,33.0451,-117.294,'Restaurants/italian','Import','S',0,NULL,NULL,'2011-10-18 09:23:26'),(220,'Zagarella Italian Restaurant','Tony','Cefalu','Manager','6192368764','',NULL,'2163 Hayden Way','San Diego',5,92110,1,32.7487,-117.189,'Restaurants/italian','Import','S',0,NULL,NULL,'2011-10-18 09:23:26'),(257,'Fox\'s Pizza Den',NULL,NULL,NULL,'6197494165',NULL,'foxspizzasantee.comâ€Ž','8011 Mission Gorge Road Ste. H','Santee',5,92071,1,32.8362,-117.022,'Pizza Restaurants','Manual',NULL,1,'2011-11-02 16:50:05','followup. talked to owner.','2011-10-31 02:11:11'),(230,'Chicago pizza company',NULL,NULL,NULL,'6195628900',NULL,'','8528 North Magnolia Avenue # 101','Santee',5,92071,1,32.8306,-116.963,'Pizza Restaurants','Manual',NULL,1,'2011-11-02 16:48:03',NULL,'2011-10-25 10:57:00'),(232,'Windy City Pizza',NULL,NULL,NULL,'6194645555',NULL,'','2872 Fletcher Parkway','El Cajon',5,92020,1,32.8015,-117.005,'Pizza Restaurants','Manual',NULL,0,NULL,NULL,'2011-10-25 11:22:31'),(233,'Papa\'s Pizza',NULL,NULL,NULL,'6194617222',NULL,'','2844 Bancroft Drive','Spring Valley',5,91977,1,32.7364,-117.007,'Pizza Restaurants','Manual',NULL,0,NULL,NULL,'2011-10-25 11:24:17'),(236,'Pizza Palace',NULL,NULL,NULL,'6195029479',NULL,'','3322 Sweetwater Springs Blvd','Spring Valley',5,91977,1,32.7387,-116.974,'Pizza Restaurants','Manual',NULL,0,NULL,NULL,'2011-10-25 12:05:53'),(237,'Filippi\'s Pizza Grotto',NULL,NULL,NULL,'6196691080',NULL,'realcheesepizza.com','13034 Campo Rd','Jamul',5,91935,1,32.7289,-116.905,'Pizza Restaurants','Manual',NULL,0,NULL,NULL,'2011-10-25 12:11:23'),(238,'Gaetano\'s Italian Restaurant',NULL,NULL,NULL,'6196703555',NULL,'','10025 Campo Road','Spring Valley',5,91977,1,32.7477,-116.979,'Pizza Restaurants','Manual',NULL,0,NULL,NULL,'2011-10-25 12:13:47'),(240,'Tasty Pizza',NULL,NULL,NULL,'6194474880',NULL,'','1109 East Main Street','El Cajon',5,92021,1,39.9578,-82.9697,'Pizza Restaurants','Manual',NULL,0,NULL,NULL,'2011-10-25 12:16:56'),(243,'Santee\'s Pizza',NULL,NULL,NULL,'6197499949',NULL,'santeespizza.com','9225 Carlton Hills Blvd. #19','Santee',5,92071,1,32.8447,-116.998,'Pizza Restaurants','Manual',NULL,1,'2011-11-02 16:48:59','followup. talked to owner. should be able to get to signup.','2011-10-25 12:20:27'),(244,'New York Giant Pizza 8',NULL,NULL,NULL,'6194494165',NULL,'','8933 Carlton Hills Boulevard','Santee',5,92071,1,32.84,-116.996,'Pizza Restaurants','Manual',NULL,1,'2011-11-02 16:48:22',NULL,'2011-10-25 12:22:03'),(245,'Filippi\'s Pizza Grotto',NULL,NULL,NULL,'6195627878',NULL,'realcheesepizza.com','10767 Woodside Avenue','Santee',5,92071,1,32.8392,-116.965,'Pizza Restaurants','Manual',NULL,1,'2011-11-02 16:48:01',NULL,'2011-10-25 12:24:22'),(246,'Tommy\'s Italian Rstrnt & Deli',NULL,NULL,NULL,'6194402676',NULL,'tommysitalianrestaurantanddeli.com','1190 North 2nd Street','El Cajon',5,92021,1,42.2816,-89.0715,'Pizza Restaurants','Manual',NULL,0,NULL,NULL,'2011-10-25 12:25:49'),(247,'Pizza Xpress',NULL,NULL,NULL,'6194428800',NULL,'','1270 Broadway','El Cajon',5,92021,1,40.7486,-73.988,'Pizza Restaurants','Manual',NULL,0,NULL,NULL,'2011-10-25 12:26:48'),(248,'Marechiaro\'s',NULL,NULL,NULL,'6194429889',NULL,'marechiaros.com','854 North 2nd Street','El Cajon',5,92021,1,42.2773,-89.0796,'Pizza Restaurants','Manual',NULL,0,NULL,NULL,'2011-10-25 12:28:22'),(249,'Giant New York Pizza #21',NULL,NULL,NULL,'6193904000',NULL,'','13465 Camino Canada','El Cajon',5,92021,1,32.8236,-116.903,'Pizza Restaurants','Manual',NULL,1,'2011-10-26 16:05:00','Follow up. Talked to manager, who is talking to owner.','2011-10-25 12:30:35'),(251,'Pizza House & Grille',NULL,NULL,NULL,'6195610325',NULL,'','12580 Lakeshore Drive','Lakeside',5,92040,1,38.9752,-122.676,'Pizza Restaurants','Manual',NULL,0,NULL,NULL,'2011-10-25 12:32:44'),(254,'New York Giant Pizza',NULL,NULL,NULL,'6193907444',NULL,'http://nyg-pizza.com/','9610 Winter Gardens Boulevard','Lakeside',5,92040,1,32.8526,-116.932,'Pizza Restaurants','Manual',NULL,1,'2011-10-26 16:03:06','online ordering eat24hours.com','2011-10-25 12:36:17'),(255,'Leonardo Pizzaria',NULL,NULL,NULL,'6194441389',NULL,'','1331 La Cresta Boulevard','El Cajon',5,92021,1,32.8107,-116.864,'Pizza Restaurants','Manual',NULL,1,'2011-10-26 16:05:11',NULL,'2011-10-25 12:38:27'),(256,'Adriano\'s Pizza Grotto',NULL,NULL,NULL,'6196598311',NULL,'','5005 Willows Rd # 211','Alpine',5,91901,1,32.8413,-116.705,'Pizza Restaurants','Manual',NULL,1,'2011-10-26 16:05:24',NULL,'2011-10-25 12:39:19'),(259,'UNCLE Joe\'s Pizzeria',NULL,NULL,NULL,'6195842535',NULL,'','4591 El Cajon Boulevard','San Diego',5,92115,1,32.7554,-117.096,'Pizza Restaurants','Manual',NULL,0,NULL,NULL,'2011-11-01 02:04:42'),(260,'Etna Restaurant',NULL,NULL,NULL,'6192801877',NULL,'etnapizza.com','4427 El Cajon Boulevard','San Diego',5,92115,1,32.755,-117.099,'Pizza Restaurants','Manual',NULL,0,NULL,'mypizza.com','2011-11-01 02:07:24'),(261,'Howard\'s Pizza & Subs',NULL,NULL,NULL,'6192805330',NULL,'','4202 El Cajon Blvd # C','San Diego',5,92105,1,32.7554,-117.105,'Pizza Restaurants','Manual',NULL,0,NULL,NULL,'2011-11-01 02:14:37'),(262,'Sawaya\'s Pizza',NULL,NULL,NULL,'6192851450',NULL,'','4672 University Ave # D','San Diego',5,92105,1,42.5073,-92.4131,'Pizza Restaurants','Manual',NULL,0,NULL,NULL,'2011-11-01 02:15:49'),(263,'Peppoli\'s Pizza',NULL,NULL,NULL,'6192643333',NULL,'','4115 Home Ave # B','San Diego',5,92105,1,32.7234,-117.107,'Pizza Restaurants','Manual',NULL,0,NULL,NULL,'2011-11-01 02:16:49'),(264,'Trevi',NULL,NULL,NULL,'6193260222',NULL,'','4703 Federal Boulevard','San Diego',5,92102,1,39.7897,-105.025,'Pizza Restaurants','Manual',NULL,0,NULL,NULL,'2011-11-01 02:18:02'),(265,'Cici\'s Pizza',NULL,NULL,NULL,'6192872424',NULL,'cicispizza.com','5801 University Avenue','San Diego',5,92115,1,32.7488,-117.072,'Pizza Restaurants','Manual',NULL,0,NULL,NULL,'2011-11-01 02:20:07'),(266,'Zappy Pizza',NULL,NULL,NULL,'6195830911',NULL,'','5971 University Avenue','San Diego',5,92115,1,32.7512,-117.069,'Pizza Restaurants','Manual',NULL,0,NULL,NULL,'2011-11-01 02:22:03'),(267,'New York Giant Pizza',NULL,NULL,NULL,'6192296666',NULL,'http://newyorkgiantpizza.webs.com/','6126 University Avenue','San Diego',5,92115,1,32.7533,-117.064,'Pizza Restaurants','Manual',NULL,0,NULL,NULL,'2011-11-01 02:33:58'),(268,'Woodstock\'s Pizza San Diego',NULL,NULL,NULL,'6192650999',NULL,'http://www.woodstockssd.com/','6145 El Cajon Boulevard','San Diego',5,92115,1,32.7607,-117.066,'Pizza Restaurants','Manual',NULL,0,NULL,NULL,'2011-11-01 02:35:52'),(269,'Fatte\'s Pizza',NULL,NULL,NULL,'6194695555',NULL,'','6663 El Cajon Blvd # F','San Diego',5,92115,1,32.7674,-117.055,'Pizza Restaurants','Manual',NULL,0,NULL,NULL,'2011-11-01 02:48:03'),(270,'Cucina Fresca & Sons',NULL,NULL,NULL,'6196680779',NULL,'','6784 El Cajon Blvd # J','San Diego',5,92115,1,32.7689,-117.052,'Pizza Restaurants','Manual',NULL,0,NULL,NULL,'2011-11-01 03:05:44'),(271,'Dante\'s Pizza',NULL,NULL,NULL,'6194612235',NULL,'dantespizzaone.com','5500 Grossmont Center Dr # 135','La Mesa',5,91942,1,32.7796,-117.01,'Pizza Restaurants','Manual',NULL,0,NULL,NULL,'2011-11-01 03:08:02'),(272,'Little Roma Pizza',NULL,NULL,NULL,'6194617000',NULL,'littleromapizzeria.com','5575 Baltimore Drive','La Mesa',5,91942,1,32.7802,-117.032,'Pizza Restaurants','Manual',NULL,0,NULL,NULL,'2011-11-01 03:09:38'),(273,'Shakey\'s Pizza Parlor',NULL,NULL,NULL,'6194630700',NULL,'shakeys.com','5800 Grossmont Center Dr. Ste. 267','La Mesa',5,91942,1,32.7725,-117.019,'Pizza Restaurants','Manual',NULL,0,NULL,NULL,'2011-11-01 03:13:44'),(274,'Da Boyz Pizza & Pasta',NULL,NULL,NULL,'',NULL,'','8302 Parkway Drive','La Mesa',5,91942,1,32.7785,-117.018,'Pizza Restaurants','Manual',NULL,0,NULL,NULL,'2011-11-01 03:36:10'),(275,'Gus\'s Subs & Pizza Place',NULL,NULL,NULL,'6194624877',NULL,'','5620 Baltimore Drive','La Mesa',5,91942,1,32.7816,-117.033,'Pizza Restaurants','Manual',NULL,0,NULL,NULL,'2011-11-01 03:36:57'),(276,'Manhatten Pizza',NULL,NULL,NULL,'6194646012',NULL,'manhattanpizzalamesa.com','6195 Lake Murray Boulevard','La Mesa',5,91942,1,32.7908,-117.021,'Pizza Restaurants','Manual',NULL,0,NULL,'eat24hours.com','2011-11-01 03:41:48'),(277,'Papa\'s Pizza',NULL,NULL,NULL,'6196981111',NULL,'','8870 Navajo Road','San Carlos',5,92119,1,32.8029,-117.007,'Pizza Restaurants','Manual',NULL,0,NULL,NULL,'2011-11-01 03:43:22'),(278,'Mona Lisa Italian Foods (Allied Gardens)',NULL,NULL,NULL,'6192862242',NULL,'monalisaitalianfoods.com','5156 Waring Road','San Diego',5,92120,1,32.7918,-117.082,'Pizza Restaurants','Manual',NULL,0,NULL,NULL,'2011-11-01 03:44:20'),(279,'Manhattan\'s Giant Pizza',NULL,NULL,NULL,'6192816000',NULL,'','6620 Mission Gorge Road','San Diego',5,92120,1,32.7934,-117.098,'Pizza Restaurants','Manual',NULL,0,NULL,NULL,'2011-11-01 03:45:17'),(280,'A Brooklyn Pizzeria',NULL,NULL,NULL,'6195849000',NULL,'abrooklynpizza.com','6171 Mission Gorge Rd # 104','San Diego',5,92120,1,32.7872,-117.097,'Pizza Restaurants','Manual',NULL,0,NULL,'','2011-11-01 03:49:56'),(281,'Chicago Bros Pizzeria',NULL,NULL,NULL,'6192807703',NULL,'chicagobrospizzeria.com','10423 San Diego Mission Road','San Diego',5,92108,1,32.7853,-117.111,'Pizza Restaurants','Manual',NULL,0,NULL,NULL,'2011-11-01 03:53:20');
/*!40000 ALTER TABLE `prospects` ENABLE KEYS */;
UNLOCK TABLES;

--
-- Table structure for table `regions`
--

DROP TABLE IF EXISTS `regions`;
/*!40101 SET @saved_cs_client     = @@character_set_client */;
/*!40101 SET character_set_client = utf8 */;
CREATE TABLE `regions` (
  `id` int(4) NOT NULL AUTO_INCREMENT,
  `name` varchar(40) NOT NULL,
  PRIMARY KEY (`id`)
) ENGINE=MyISAM AUTO_INCREMENT=5 DEFAULT CHARSET=latin1;
/*!40101 SET character_set_client = @saved_cs_client */;

--
-- Dumping data for table `regions`
--

LOCK TABLES `regions` WRITE;
/*!40000 ALTER TABLE `regions` DISABLE KEYS */;
INSERT INTO `regions` VALUES (1,'San Diego'),(2,'Orange County'),(3,'Riverside / Inland Empire'),(4,'Los Angeles');
/*!40000 ALTER TABLE `regions` ENABLE KEYS */;
UNLOCK TABLES;

--
-- Table structure for table `sizes`
--

DROP TABLE IF EXISTS `sizes`;
/*!40101 SET @saved_cs_client     = @@character_set_client */;
/*!40101 SET character_set_client = utf8 */;
CREATE TABLE `sizes` (
  `id` int(10) NOT NULL AUTO_INCREMENT,
  `location_id` int(6) NOT NULL,
  `title` varchar(255) NOT NULL,
  `size` int(2) NOT NULL,
  `base_price` float NOT NULL,
  `topping_price` float NOT NULL,
  `extra_cheese` float NOT NULL,
  `extra_sauce` float NOT NULL,
  PRIMARY KEY (`id`)
) ENGINE=MyISAM AUTO_INCREMENT=52 DEFAULT CHARSET=latin1;
/*!40101 SET character_set_client = @saved_cs_client */;

--
-- Dumping data for table `sizes`
--

LOCK TABLES `sizes` WRITE;
/*!40000 ALTER TABLE `sizes` DISABLE KEYS */;
INSERT INTO `sizes` VALUES (12,5,'Medium',12,9.95,1.25,1.25,1.25),(11,3,'Medium',12,9.95,1.25,1.25,1.25),(10,1,'Medium',12,9.95,1.25,1.25,1.25),(13,1,'Large',16,11.95,1.5,1.5,1.5),(14,3,'Large',16,11.95,1.5,1.5,1.5),(15,5,'Large',16,11.95,1.5,1.5,1.5),(16,1,'X-Large',18,14.95,1.75,1.75,1.75),(17,3,'X-Large',18,14.95,1.75,1.75,1.75),(18,5,'X-Large',18,14.95,1.75,1.75,1.75),(26,33,'Medium',10,10,2,2,2),(27,33,'Large',14,15,2,2,2),(29,33,'X-Large',16,17,2,2,2),(30,33,'Calzone',12,10,1.5,1.5,1.5),(31,50,'Small',12,6.99,1,1,1),(32,50,'Medium',14,7.99,1.35,1.35,1.35),(33,50,'Large',16,9.99,1.5,1.5,1.5),(34,50,'Sicilian Style',16,11.99,1.45,1.45,1.45),(35,50,'Calzone',16,10.99,1.35,1.35,1.35),(36,50,'Xtra Large',20,13.99,1.75,1.75,1.75),(37,50,'XX Large',24,15.99,1.99,1.99,1.99),(38,50,'Giant',30,20.99,2.25,2.25,2.25),(39,51,'Medium',12,8.99,1,1,1),(40,51,'Large',14,10.99,1.25,1.25,1.25),(41,51,'X-Large',16,11.99,1.5,1.5,1.5),(45,51,'Calzone',14,7.99,1.25,1.25,1.25),(43,51,'Queen',20,14.99,1.75,1.75,1.75),(44,51,'Giant',28,19.99,2.5,2.5,2.5),(46,52,'Medium',14,8.99,1.5,1.5,1.5),(47,52,'Large',16,11.99,1.5,1.5,1.5),(48,52,'Sicilian Square Pan',16,14.99,1.5,1.5,1.5),(49,52,'X-Large',20,17.99,2,2,2),(50,52,'Giant',28,21.99,2.5,2.5,2.5),(51,51,'Giant Slice',12,2.25,0.75,0.75,0.75);
/*!40000 ALTER TABLE `sizes` ENABLE KEYS */;
UNLOCK TABLES;

--
-- Table structure for table `specials`
--

DROP TABLE IF EXISTS `specials`;
/*!40101 SET @saved_cs_client     = @@character_set_client */;
/*!40101 SET character_set_client = utf8 */;
CREATE TABLE `specials` (
  `id` int(10) NOT NULL AUTO_INCREMENT,
  `location_id` int(10) NOT NULL,
  `title` varchar(255) NOT NULL,
  `subtext` varchar(255) NOT NULL,
  `image` varchar(40) DEFAULT NULL,
  `default` tinyint(1) NOT NULL DEFAULT '0' COMMENT 'field is used to indicate the locations featured special',
  `list_order` int(2) NOT NULL DEFAULT '0',
  PRIMARY KEY (`id`)
) ENGINE=MyISAM AUTO_INCREMENT=137 DEFAULT CHARSET=latin1;
/*!40101 SET character_set_client = @saved_cs_client */;

--
-- Dumping data for table `specials`
--

LOCK TABLES `specials` WRITE;
/*!40000 ALTER TABLE `specials` DISABLE KEYS */;
INSERT INTO `specials` VALUES (114,33,'Big Island','Ham and Pineapple',NULL,0,0),(115,33,'Margherita','Fresh Mozzarella, Sliced Tomato, Garlic, Fresh Basil & Pepper',NULL,0,0),(116,33,'Boston Basil\'s House Vegetarian','Eggplant, Mushroom, Green Pepper, Spinach & Black Olives',NULL,0,0),(117,33,'Chicken Broccoli Alfredo','(NO PIZZA SAUCE) Chicken, Broccoli, White Alfredo Sauce,\r\nButtered Parmesan Crust',NULL,0,0),(118,33,'Chicken Caesar Salad','Caesar Salad dressing base, Chicken & Mozzarella cheese\r\ncooked and then topped with a fresh Caesar Salad (uncooked)',NULL,0,0),(119,33,'Greek Style','(NO PIZZA SAUCE) Feta, Mozzarella, Tomato, Onion,\r\nGreen Pepper & Kalamata Olives',NULL,0,0),(120,33,'Pesto','(NO PIZZA SAUCE) Roasted Red Pepper Pesto & Mozzarella\r\nCheese or Traditional Pesto Sauce, Pine Nut Base, and Mozzarella Cheese',NULL,0,0),(121,33,'BBQ Chicken or Citrus Chicken','Choose Your Flavor of Chicken, add Onions & Fresh Basil',NULL,0,0),(122,33,'3 Cheese','Parmesan, Mozzarella, Ricotta & Sliced Tomato',NULL,0,0),(123,33,'Meat Lover\'s Combo','Ground Beef, Sausage, Pepperoni, Ham & Bacon',NULL,0,0),(124,33,'The Works','Meat-Loverâ€™s Combo AND House Veggie combined! THE BEST OF BOTH WORLDS!',NULL,0,0),(126,50,'Pepperoni','',NULL,0,0),(127,50,'Vegetarian','',NULL,0,0),(128,50,'Hawaiian','`',NULL,0,0),(129,50,'White Pizza','No sauce',NULL,0,0),(130,50,'Four Meats','',NULL,0,0),(131,50,'The Works','',NULL,0,0),(132,51,'Works','',NULL,0,0),(133,51,'Vegetarian','',NULL,0,0),(135,52,'Vegetarian','',NULL,0,0),(136,52,'Supreme','',NULL,0,0);
/*!40000 ALTER TABLE `specials` ENABLE KEYS */;
UNLOCK TABLES;

--
-- Table structure for table `specials_sizes`
--

DROP TABLE IF EXISTS `specials_sizes`;
/*!40101 SET @saved_cs_client     = @@character_set_client */;
/*!40101 SET character_set_client = utf8 */;
CREATE TABLE `specials_sizes` (
  `id` int(10) NOT NULL AUTO_INCREMENT,
  `special_id` int(10) NOT NULL,
  `size_id` int(10) NOT NULL,
  `price` float NOT NULL,
  `archived` tinyint(1) NOT NULL DEFAULT '0',
  PRIMARY KEY (`id`)
) ENGINE=MyISAM AUTO_INCREMENT=476 DEFAULT CHARSET=latin1;
/*!40101 SET character_set_client = @saved_cs_client */;

--
-- Dumping data for table `specials_sizes`
--

LOCK TABLES `specials_sizes` WRITE;
/*!40000 ALTER TABLE `specials_sizes` DISABLE KEYS */;
INSERT INTO `specials_sizes` VALUES (345,114,26,14,0),(346,114,27,18,0),(347,114,29,21,0),(348,115,26,15,0),(349,115,27,21,0),(350,115,29,23,0),(351,116,26,17,0),(352,116,27,23,0),(353,116,29,25,0),(354,117,26,17,0),(355,117,27,23,0),(356,117,29,25,0),(357,118,26,17,0),(358,118,27,23,0),(359,118,29,25,0),(360,119,26,17,0),(361,119,27,23,0),(362,119,29,25,0),(363,120,26,14,0),(364,120,27,19,0),(365,120,29,21,0),(366,121,26,15,0),(367,121,27,21,0),(368,121,29,23,0),(369,122,26,16,0),(370,122,27,22,0),(371,122,29,24,0),(372,123,26,18,0),(373,123,27,24,0),(374,123,29,26,0),(375,124,29,32,0),(407,126,38,22.99,0),(406,126,37,17.99,0),(405,126,36,14.99,0),(404,126,35,12.99,0),(403,126,34,13.99,0),(402,126,33,12.99,0),(401,126,32,8.99,0),(400,126,31,7.99,0),(431,127,38,25.99,0),(430,127,37,20.99,0),(429,127,36,15.99,0),(428,127,35,13.99,0),(427,127,34,14.99,0),(426,127,33,12.99,0),(425,127,32,8.99,0),(424,127,31,7.99,0),(416,128,31,9.99,0),(417,128,32,11.99,0),(418,128,33,13.99,0),(419,128,34,15.99,0),(420,128,35,13.99,0),(421,128,36,16.99,0),(422,128,37,21.99,0),(423,128,38,26.99,0),(432,129,31,11.99,0),(433,129,32,12.99,0),(434,129,33,14.99,0),(435,129,34,17.99,0),(436,129,36,17.99,0),(437,129,37,22.99,0),(438,129,38,28.99,0),(439,130,31,11.99,0),(440,130,32,14.99,0),(441,130,33,5.99,0),(442,130,34,18.99,0),(443,130,35,15.99,0),(444,130,36,19.99,0),(445,130,37,23.99,0),(446,130,38,30.99,0),(447,131,31,12.99,0),(448,131,32,15.99,0),(449,131,33,17.99,0),(450,131,34,20.99,0),(451,131,35,17.99,0),(452,131,36,20.99,0),(453,131,37,28.99,0),(454,131,38,35.99,0),(455,132,39,15.99,0),(456,132,40,18.99,0),(457,132,41,20.99,0),(458,132,43,22.99,0),(459,132,44,31.99,0),(460,133,39,11.99,0),(461,133,40,13.99,0),(462,133,41,15.99,0),(463,133,43,17.99,0),(464,133,44,27.99,0),(466,135,46,11.99,0),(467,135,47,14.99,0),(468,135,48,16.99,0),(469,135,49,19.99,0),(470,135,50,26.99,0),(471,136,46,14.99,0),(472,136,47,17.99,0),(473,136,48,19.99,0),(474,136,49,22.99,0),(475,136,50,31.99,0);
/*!40000 ALTER TABLE `specials_sizes` ENABLE KEYS */;
UNLOCK TABLES;

--
-- Table structure for table `states`
--

DROP TABLE IF EXISTS `states`;
/*!40101 SET @saved_cs_client     = @@character_set_client */;
/*!40101 SET character_set_client = utf8 */;
CREATE TABLE `states` (
  `id` int(3) NOT NULL AUTO_INCREMENT,
  `name` varchar(40) NOT NULL,
  `abbr` varchar(2) NOT NULL,
  `active` tinyint(1) NOT NULL DEFAULT '0',
  PRIMARY KEY (`id`)
) ENGINE=MyISAM AUTO_INCREMENT=52 DEFAULT CHARSET=latin1;
/*!40101 SET character_set_client = @saved_cs_client */;

--
-- Dumping data for table `states`
--

LOCK TABLES `states` WRITE;
/*!40000 ALTER TABLE `states` DISABLE KEYS */;
INSERT INTO `states` VALUES (1,'Alabama','AL',0),(2,'Alaska','AK',0),(3,'Arizona','AZ',0),(4,'Arkansas','AR',0),(5,'California','CA',1),(6,'Colorado','CO',0),(7,'Connecticut','CT',0),(8,'Delaware','DE',0),(9,'District of Columbia','DC',0),(10,'Florida','FL',0),(11,'Georgia','GA',0),(12,'Hawaii','HI',1),(13,'Idaho','ID',0),(14,'Illinois','IL',0),(15,'Indiana','IN',0),(16,'Iowa','IA',0),(17,'Kansas','KS',0),(18,'Kentucky','KY',0),(19,'Louisiana','LA',0),(20,'Maine','ME',0),(21,'Maryland','MD',0),(22,'Massachusetts','MA',0),(23,'Michigan','MI',0),(24,'Minnesota','MN',0),(25,'Mississippi','MS',0),(26,'Missouri','MO',0),(27,'Montana','MT',0),(28,'Nebraska','NE',0),(29,'Nevada','NV',0),(30,'New Hampshire','NH',0),(31,'New Jersey','NJ',0),(32,'New Mexico','NM',0),(33,'New York','NY',0),(34,'North Carolina','NC',0),(35,'North Dakota','ND',0),(36,'Ohio','OH',0),(37,'Oklahoma','OK',0),(38,'Oregon','OR',0),(39,'Pennsylvania','PA',0),(40,'Rhode Island','RI',0),(41,'South Carolina','SC',0),(42,'South Dakota','SD',0),(43,'Tennessee','TN',0),(44,'Texas','TX',0),(45,'Utah','UT',0),(46,'Vermont','VT',0),(47,'Virginia','VA',0),(48,'Washington','WA',0),(49,'West Virginia','WV',0),(50,'Wisconsin','WI',0),(51,'Wyoming','WY',0);
/*!40000 ALTER TABLE `states` ENABLE KEYS */;
UNLOCK TABLES;

--
-- Table structure for table `topping_types`
--

DROP TABLE IF EXISTS `topping_types`;
/*!40101 SET @saved_cs_client     = @@character_set_client */;
/*!40101 SET character_set_client = utf8 */;
CREATE TABLE `topping_types` (
  `id` int(4) NOT NULL AUTO_INCREMENT,
  `title` varchar(20) NOT NULL,
  PRIMARY KEY (`id`)
) ENGINE=MyISAM AUTO_INCREMENT=7 DEFAULT CHARSET=latin1;
/*!40101 SET character_set_client = @saved_cs_client */;

--
-- Dumping data for table `topping_types`
--

LOCK TABLES `topping_types` WRITE;
/*!40000 ALTER TABLE `topping_types` DISABLE KEYS */;
INSERT INTO `topping_types` VALUES (1,'Standard'),(2,'Premium'),(3,'Cheeses'),(4,'Meats'),(5,'Veggies'),(6,'Seafood');
/*!40000 ALTER TABLE `topping_types` ENABLE KEYS */;
UNLOCK TABLES;

--
-- Table structure for table `toppings`
--

DROP TABLE IF EXISTS `toppings`;
/*!40101 SET @saved_cs_client     = @@character_set_client */;
/*!40101 SET character_set_client = utf8 */;
CREATE TABLE `toppings` (
  `id` int(10) NOT NULL AUTO_INCREMENT,
  `title` varchar(255) NOT NULL,
  PRIMARY KEY (`id`)
) ENGINE=MyISAM AUTO_INCREMENT=72 DEFAULT CHARSET=latin1;
/*!40101 SET character_set_client = @saved_cs_client */;

--
-- Dumping data for table `toppings`
--

LOCK TABLES `toppings` WRITE;
/*!40000 ALTER TABLE `toppings` DISABLE KEYS */;
INSERT INTO `toppings` VALUES (1,'Pepperoni'),(2,'Italian Sausage'),(3,'Meatball'),(4,'Salami'),(5,'Ham'),(6,'Onions'),(7,'Green Peppers'),(8,'Black Olives'),(9,'Mushrooms'),(10,'Tomatos'),(11,'Jalepeno'),(12,'Pineapple'),(13,'Anchovies'),(14,'Garlic'),(15,'Pepperoncinis'),(16,'Canadian Bacon'),(17,'Ricotta Cheese'),(18,'Mozzarella Cheese'),(19,'Parmesan Cheese'),(25,'Bacon'),(23,'Cilantro'),(31,'Red Peppers'),(33,'Genoa Salami'),(35,'Feta'),(36,'Sliced Mozzarella'),(37,'Provolone'),(38,'Crumbled Sausage'),(39,'Sliced Italian Sausage'),(40,'Ground Beef'),(41,'Prosciutto'),(42,'Green Olives'),(43,'Kalamata Olives'),(44,'Spinach'),(45,'Broccoli'),(46,'Sun Dried Tomato'),(47,'Roasted Red Peppers'),(48,'Sliced Tomato'),(49,'Eggplant'),(50,'Artichoke Hearts'),(51,'Pesto'),(52,'Red Pepper Pesto'),(54,'Fresh Mozzarella'),(55,'Smoked Mozzarella'),(56,'Cheddar'),(57,'Chevre'),(58,'Gorgonzola'),(59,'Steamed Mushrooms'),(60,'Sliced Linguica'),(61,'Hamburger'),(62,'Roasted Chicken'),(63,'Extra Cheese'),(64,'Sausage'),(65,'Bell Pepper'),(66,'Jalapeno Peppers'),(68,'Beef'),(69,'Tomato'),(70,'Gyros'),(71,'Olives');
/*!40000 ALTER TABLE `toppings` ENABLE KEYS */;
UNLOCK TABLES;

--
-- Table structure for table `tutorials`
--

DROP TABLE IF EXISTS `tutorials`;
/*!40101 SET @saved_cs_client     = @@character_set_client */;
/*!40101 SET character_set_client = utf8 */;
CREATE TABLE `tutorials` (
  `id` int(4) NOT NULL AUTO_INCREMENT,
  `title` varchar(255) NOT NULL,
  `type_id` int(4) NOT NULL DEFAULT '1',
  `slug` varchar(255) NOT NULL,
  `url` varchar(255) NOT NULL,
  `sort` int(2) NOT NULL DEFAULT '99',
  PRIMARY KEY (`id`)
) ENGINE=MyISAM AUTO_INCREMENT=7 DEFAULT CHARSET=latin1;
/*!40101 SET character_set_client = @saved_cs_client */;

--
-- Dumping data for table `tutorials`
--

LOCK TABLES `tutorials` WRITE;
/*!40000 ALTER TABLE `tutorials` DISABLE KEYS */;
INSERT INTO `tutorials` VALUES (1,'Welcome To Your Online Account',1,'welcome-to-your-online-account','https://docs.google.com/a/mcwaywebdevelopment.com/document/pub?id=1UzEqZksANYH0olsalcSSJU3S_w6GRnC9gT3Aeyxj_NI',2),(2,'Logging In And Setting Up a Billing Profile',1,'logging-in-and-setting-up-a-billing-profile','https://docs.google.com/a/mcwaywebdevelopment.com/document/pub?id=10kJ22MYjLDGtqbjL6Wqgz35K3tCIPj5XYFqE_dN8cVI',1);
/*!40000 ALTER TABLE `tutorials` ENABLE KEYS */;
UNLOCK TABLES;

--
-- Table structure for table `tutorials_types`
--

DROP TABLE IF EXISTS `tutorials_types`;
/*!40101 SET @saved_cs_client     = @@character_set_client */;
/*!40101 SET character_set_client = utf8 */;
CREATE TABLE `tutorials_types` (
  `id` int(4) NOT NULL AUTO_INCREMENT,
  `title` varchar(255) NOT NULL,
  PRIMARY KEY (`id`)
) ENGINE=MyISAM AUTO_INCREMENT=3 DEFAULT CHARSET=latin1;
/*!40101 SET character_set_client = @saved_cs_client */;

--
-- Dumping data for table `tutorials_types`
--

LOCK TABLES `tutorials_types` WRITE;
/*!40000 ALTER TABLE `tutorials_types` DISABLE KEYS */;
INSERT INTO `tutorials_types` VALUES (1,'Getting Started'),(2,'Working With The Menu Manager');
/*!40000 ALTER TABLE `tutorials_types` ENABLE KEYS */;
UNLOCK TABLES;

--
-- Table structure for table `users`
--

DROP TABLE IF EXISTS `users`;
/*!40101 SET @saved_cs_client     = @@character_set_client */;
/*!40101 SET character_set_client = utf8 */;
CREATE TABLE `users` (
  `id` int(10) NOT NULL AUTO_INCREMENT,
  `profile_id` int(12) NOT NULL DEFAULT '0',
  `fname` varchar(40) NOT NULL,
  `lname` varchar(40) NOT NULL,
  `username` varchar(40) NOT NULL,
  `password` varchar(40) NOT NULL,
  `email` varchar(255) NOT NULL,
  `phone` varchar(14) NOT NULL,
  `timestamp` datetime NOT NULL,
  `active` tinyint(1) NOT NULL DEFAULT '1',
  `newsletter` tinyint(1) NOT NULL DEFAULT '0',
  `admin` tinyint(1) NOT NULL DEFAULT '0',
  PRIMARY KEY (`id`)
) ENGINE=MyISAM AUTO_INCREMENT=30 DEFAULT CHARSET=latin1;
/*!40101 SET character_set_client = @saved_cs_client */;

--
-- Dumping data for table `users`
--

LOCK TABLES `users` WRITE;
/*!40000 ALTER TABLE `users` DISABLE KEYS */;
INSERT INTO `users` VALUES (8,19073483,'Robert','McWay','oasdemo','b4af804009cb036a4ccdc33431ef9ac9','robert@mcwaywebdevelopment.com','6195551212','2010-08-22 11:45:37',1,0,1),(28,23002459,'test','test','todaystest','b4af804009cb036a4ccdc33431ef9ac9','r@mcwayweb.com','6195551212','2011-09-27 10:15:48',1,1,0),(18,0,'Jennifer','McWay','Jelyons','9437ce9394b1b947eb910715a1d83265','jlyons81@gmail.com','6193154363','2010-10-15 12:22:20',1,1,1),(19,0,'test','testing','Cybersource','4c94e3115c1eeb9bd1e5e4bcb0bcab4e','merchantapplications@cybersource.com','8015555555','2010-10-25 12:14:54',1,1,0),(27,21232438,'test','test','test12','5a81d5f44d635b58ca6803ccd3082c47','test@tester.com','8883176935','2011-08-23 09:51:12',1,0,0),(29,0,'Test','User','rmcway','b4af804009cb036a4ccdc33431ef9ac9','mcway.web.development+oasdemo@gmail.com','6195551212','2014-07-15 12:56:36',1,1,0);
/*!40000 ALTER TABLE `users` ENABLE KEYS */;
UNLOCK TABLES;

--
-- Table structure for table `users_addrs`
--

DROP TABLE IF EXISTS `users_addrs`;
/*!40101 SET @saved_cs_client     = @@character_set_client */;
/*!40101 SET character_set_client = utf8 */;
CREATE TABLE `users_addrs` (
  `id` int(10) NOT NULL AUTO_INCREMENT,
  `user_id` int(10) NOT NULL,
  `name` varchar(255) NOT NULL,
  `address` varchar(255) NOT NULL,
  `city` varchar(40) NOT NULL,
  `state_id` int(4) NOT NULL,
  `zip` varchar(10) NOT NULL,
  `latitude` float DEFAULT '0',
  `longitude` float DEFAULT '0',
  `special_instructions` varchar(255) NOT NULL,
  `default` tinyint(1) NOT NULL,
  PRIMARY KEY (`id`)
) ENGINE=MyISAM AUTO_INCREMENT=25 DEFAULT CHARSET=latin1;
/*!40101 SET character_set_client = @saved_cs_client */;

--
-- Dumping data for table `users_addrs`
--

LOCK TABLES `users_addrs` WRITE;
/*!40000 ALTER TABLE `users_addrs` DISABLE KEYS */;
INSERT INTO `users_addrs` VALUES (17,18,'home','123 ave','la mesa',5,'91942',33.0514,-117.299,'',1),(18,19,'test','4137 Massachusetts Ave','La Mesa',5,'91941',32.7525,-117.043,'',1),(24,8,'My Other House','7000 Saranac Street','La Mesa',5,'91942',32.7717,-117.046,'Don\'t ever come here!',0),(23,8,'My House','6460 Lake Arrowhead Drive','San Diego',5,'92119',32.7988,-117.012,'',1);
/*!40000 ALTER TABLE `users_addrs` ENABLE KEYS */;
UNLOCK TABLES;

--
-- Table structure for table `users_payment_profiles`
--

DROP TABLE IF EXISTS `users_payment_profiles`;
/*!40101 SET @saved_cs_client     = @@character_set_client */;
/*!40101 SET character_set_client = utf8 */;
CREATE TABLE `users_payment_profiles` (
  `id` int(10) NOT NULL AUTO_INCREMENT,
  `user_id` int(10) NOT NULL,
  `payment_profile_id` int(10) NOT NULL,
  `name` varchar(100) NOT NULL,
  `fname` varchar(40) NOT NULL,
  `lname` varchar(40) NOT NULL,
  `address` varchar(255) NOT NULL,
  `city` varchar(40) NOT NULL,
  `state` varchar(2) DEFAULT NULL,
  `zip` varchar(10) NOT NULL,
  `card_suffix` varchar(8) NOT NULL,
  `default` tinyint(1) NOT NULL DEFAULT '0',
  `timestamp` datetime NOT NULL,
  PRIMARY KEY (`id`)
) ENGINE=MyISAM AUTO_INCREMENT=21 DEFAULT CHARSET=latin1;
/*!40101 SET character_set_client = @saved_cs_client */;

--
-- Dumping data for table `users_payment_profiles`
--

LOCK TABLES `users_payment_profiles` WRITE;
/*!40000 ALTER TABLE `users_payment_profiles` DISABLE KEYS */;
INSERT INTO `users_payment_profiles` VALUES (13,8,17005127,'Upromise Card','Test','User','PO Box 2481','La Mesa','CA','91943','xxxx4727',0,'2011-07-05 13:23:51'),(20,8,23880028,'Debit Card','Robert','McWay','PO Box 999','La Mesa','CA','91943','XXXX7976',1,'2011-11-25 08:33:17');
/*!40000 ALTER TABLE `users_payment_profiles` ENABLE KEYS */;
UNLOCK TABLES;

--
-- Table structure for table `users_transactions`
--

DROP TABLE IF EXISTS `users_transactions`;
/*!40101 SET @saved_cs_client     = @@character_set_client */;
/*!40101 SET character_set_client = utf8 */;
CREATE TABLE `users_transactions` (
  `id` int(10) NOT NULL AUTO_INCREMENT,
  `user_id` int(8) NOT NULL,
  `order_id` int(8) NOT NULL,
  `users_payment_profile_id` int(8) DEFAULT NULL,
  `transaction_id` int(10) NOT NULL,
  `type` varchar(9) NOT NULL DEFAULT 'Once' COMMENT 'Once; Recurring; Refund',
  `amount` float NOT NULL,
  `description` text,
  `timestamp` datetime NOT NULL,
  PRIMARY KEY (`id`)
) ENGINE=MyISAM AUTO_INCREMENT=19 DEFAULT CHARSET=latin1;
/*!40101 SET character_set_client = @saved_cs_client */;

--
-- Dumping data for table `users_transactions`
--

LOCK TABLES `users_transactions` WRITE;
/*!40000 ALTER TABLE `users_transactions` DISABLE KEYS */;
INSERT INTO `users_transactions` VALUES (6,8,2,13,2147483647,'Once',10.22,'CIM Payment - Order #: 2','2011-09-28 17:35:36'),(8,8,3,13,2147483647,'Once',74.26,'CIM Payment - Order #: 3','2011-10-02 08:42:48'),(9,8,7,23880028,2147483647,'Once',12.12,'CIM Payment - Order #: 7','2011-11-25 10:33:18'),(10,8,7,23880028,2147483647,'Refund',12.12,'CIM Refund - Order #: 7','2011-11-25 10:54:26'),(11,8,8,20,2147483647,'Once',9.84,'CIM Payment - Order #: 8','2011-11-26 08:41:24'),(12,8,8,23880028,2147483647,'Refund',9.84,'CIM Refund - Order #: 8','2011-11-26 08:57:13'),(13,8,9,20,2147483647,'Once',9.84,'CIM Payment - Order #: 9','2011-11-26 10:12:07'),(14,8,9,23880028,2147483647,'Refund',9.84,'CIM Refund - Order #: 9','2011-11-26 10:14:45'),(15,8,10,20,2147483647,'Once',10.22,'CIM Payment - Order #: 10','2011-11-28 11:18:28'),(16,8,12,20,2147483647,'Once',44.3335,'CIM Payment - Order #: 12','2011-12-09 16:31:25'),(17,8,14,20,2147483647,'Once',41.6391,'CIM Payment - Order #: 14','2011-12-16 15:27:01'),(18,8,14,23880028,2147483647,'Refund',41.6391,'CIM Refund - Order #: 14','2011-12-16 16:00:11');
/*!40000 ALTER TABLE `users_transactions` ENABLE KEYS */;
UNLOCK TABLES;

--
-- Table structure for table `zip_codes`
--

DROP TABLE IF EXISTS `zip_codes`;
/*!40101 SET @saved_cs_client     = @@character_set_client */;
/*!40101 SET character_set_client = utf8 */;
CREATE TABLE `zip_codes` (
  `id` int(5) NOT NULL,
  `tax_rate` float NOT NULL,
  `tax_rate_state` float DEFAULT NULL,
  `tax_rate_county` float DEFAULT NULL,
  `tax_rate_city` float DEFAULT NULL,
  `tax_rate_special` float DEFAULT NULL,
  `city` varchar(40) NOT NULL,
  `state` varchar(2) NOT NULL,
  `county` varchar(40) NOT NULL,
  `shipping_taxable` tinyint(1) NOT NULL,
  `slug` varchar(50) NOT NULL,
  PRIMARY KEY (`id`)
) ENGINE=MyISAM DEFAULT CHARSET=latin1;
/*!40101 SET character_set_client = @saved_cs_client */;

--
-- Dumping data for table `zip_codes`
--

LOCK TABLES `zip_codes` WRITE;
/*!40000 ALTER TABLE `zip_codes` DISABLE KEYS */;
INSERT INTO `zip_codes` VALUES (95559,7.25,7.25,0,0,0,'Phillipsville','CA','Humboldt',0,'Phillipsville'),(95558,7.25,7.25,0,0,0,'Petrolia','CA','Humboldt',0,'Petrolia'),(95556,7.25,7.25,0,0,0,'Orleans','CA','Humboldt',0,'Orleans'),(95555,7.25,7.25,0,0,0,'Orick','CA','Humboldt',0,'Orick'),(95554,7.25,7.25,0,0,0,'Myers Flat','CA','Humboldt',0,'Myers-Flat'),(95553,7.25,7.25,0,0,0,'Miranda','CA','Humboldt',0,'Miranda'),(95552,7.25,7.25,0,0,0,'Mad River','CA','Trinity',0,'Mad-River'),(95551,7.25,7.25,0,0,0,'Loleta','CA','Humboldt',0,'Loleta'),(95550,7.25,7.25,0,0,0,'Korbel','CA','Humboldt',0,'Korbel'),(95549,7.25,7.25,0,0,0,'Kneeland','CA','Humboldt',0,'Kneeland'),(95548,7.25,7.25,0,0,0,'Klamath','CA','Del Norte',0,'Klamath'),(95547,7.25,7.25,0,0,0,'Hydesville','CA','Humboldt',0,'Hydesville'),(95546,7.25,7.25,0,0,0,'Hoopa','CA','Humboldt',0,'Hoopa'),(95545,7.25,7.25,0,0,0,'Honeydew','CA','Humboldt',0,'Honeydew'),(95543,7.25,7.25,0,0,0,'Gasquet','CA','Del Norte',0,'Gasquet'),(95542,7.25,7.25,0,0,0,'Garberville','CA','Humboldt',0,'Garberville'),(95540,7.25,7.25,0,0,0,'Fortuna','CA','Humboldt',0,'Fortuna'),(95538,7.25,7.25,0,0,0,'Fort Dick','CA','Del Norte',0,'Fort-Dick'),(95537,7.25,7.25,0,0,0,'Fields Landing','CA','Humboldt',0,'Fields-Landing'),(95536,7.25,7.25,0,0,0,'Ferndale','CA','Humboldt',0,'Ferndale'),(95534,7.25,7.25,0,0,0,'Cutten','CA','Humboldt',0,'Cutten'),(95532,7.25,7.25,0,0,0,'Crescent City','CA','Del Norte',0,'Crescent-City'),(95531,7.25,7.25,0,0,0,'Crescent City','CA','Del Norte',0,'Crescent-City'),(95528,7.25,7.25,0,0,0,'Carlotta','CA','Humboldt',0,'Carlotta'),(95527,7.25,7.25,0,0,0,'Burnt Ranch','CA','Trinity',0,'Burnt-Ranch'),(95526,7.25,7.25,0,0,0,'Bridgeville','CA','Humboldt',0,'Bridgeville'),(95525,7.25,7.25,0,0,0,'Blue Lake','CA','Humboldt',0,'Blue-Lake'),(95524,7.25,7.25,0,0,0,'Bayside','CA','Humboldt',0,'Bayside'),(95521,8,7.25,0,0.75,0,'Arcata','CA','Humboldt',0,'Arcata'),(95519,7.25,7.25,0,0,0,'McKinleyville','CA','Humboldt',0,'McKinleyville'),(95518,8,7.25,0,0.75,0,'Arcata','CA','Humboldt',0,'Arcata'),(95514,7.25,7.25,0,0,0,'Blocksburg','CA','Humboldt',0,'Blocksburg'),(95511,7.25,7.25,0,0,0,'Alderpoint','CA','Humboldt',0,'Alderpoint'),(95503,8,7.25,0,0.75,0,'Eureka','CA','Humboldt',0,'Eureka'),(95502,8,7.25,0,0.75,0,'Eureka','CA','Humboldt',0,'Eureka'),(95501,8,7.25,0,0.75,0,'Eureka','CA','Humboldt',0,'Eureka'),(95497,8,7.25,0.75,0,0,'The Sea Ranch','CA','Sonoma',0,'The-Sea-Ranch'),(95494,7.25,7.25,0,0,0,'Yorkville','CA','Mendocino',0,'Yorkville'),(95493,7.25,7.25,0,0,0,'Witter Springs','CA','Lake',0,'Witter-Springs'),(95492,8,7.25,0.75,0,0,'Windsor','CA','Sonoma',0,'Windsor'),(95490,7.75,7.25,0,0.5,0,'Willits','CA','Mendocino',0,'Willits'),(95488,7.25,7.25,0,0,0,'Westport','CA','Mendocino',0,'Westport'),(95487,8,7.25,0.75,0,0,'Vineburg','CA','Sonoma',0,'Vineburg'),(95486,8,7.25,0.75,0,0,'Villa Grande','CA','Sonoma',0,'Villa-Grande'),(95485,7.25,7.25,0,0,0,'Upper Lake','CA','Lake',0,'Upper-Lake'),(95482,7.75,7.25,0,0.5,0,'Ukiah','CA','Mendocino',0,'Ukiah'),(95481,7.25,7.25,0,0,0,'Talmage','CA','Mendocino',0,'Talmage'),(95480,8,7.25,0.75,0,0,'Stewarts Point','CA','Sonoma',0,'Stewarts-Point'),(95476,8,7.25,0.75,0,0,'Sonoma','CA','Sonoma',0,'Sonoma'),(95473,8.25,7.25,0.75,0.25,0,'Sebastopol','CA','Sonoma',0,'Sebastopol'),(95472,8.25,7.25,0.75,0.25,0,'Sebastopol','CA','Sonoma',0,'Sebastopol'),(95471,8,7.25,0.75,0,0,'Rio Nido','CA','Sonoma',0,'Rio-Nido'),(95470,7.25,7.25,0,0,0,'Redwood Valley','CA','Mendocino',0,'Redwood-Valley'),(95469,7.25,7.25,0,0,0,'Potter Valley','CA','Mendocino',0,'Potter-Valley'),(95468,7.75,7.25,0,0.5,0,'Point Arena','CA','Mendocino',0,'Point-Arena'),(95467,7.25,7.25,0,0,0,'Hidden Valley Lake','CA','Lake',0,'Hidden-Valley-Lake'),(95466,7.25,7.25,0,0,0,'Philo','CA','Mendocino',0,'Philo'),(95465,8,7.25,0.75,0,0,'Occidental','CA','Sonoma',0,'Occidental'),(95464,7.25,7.25,0,0,0,'Nice','CA','Lake',0,'Nice'),(95463,7.25,7.25,0,0,0,'Navarro','CA','Mendocino',0,'Navarro'),(95462,8,7.25,0.75,0,0,'Monte Rio','CA','Sonoma',0,'Monte-Rio'),(95461,7.25,7.25,0,0,0,'Middletown','CA','Lake',0,'Middletown'),(95460,7.25,7.25,0,0,0,'Mendocino','CA','Mendocino',0,'Mendocino'),(95459,7.25,7.25,0,0,0,'Manchester','CA','Mendocino',0,'Manchester'),(95458,7.25,7.25,0,0,0,'Lucerne','CA','Lake',0,'Lucerne'),(95457,7.25,7.25,0,0,0,'Lower Lake','CA','Lake',0,'Lower-Lake'),(95456,7.25,7.25,0,0,0,'Little River','CA','Mendocino',0,'Little-River'),(95454,7.25,7.25,0,0,0,'Laytonville','CA','Mendocino',0,'Laytonville'),(95453,7.75,7.25,0,0.5,0,'Lakeport','CA','Lake',0,'Lakeport'),(95452,8,7.25,0.75,0,0,'Kenwood','CA','Sonoma',0,'Kenwood'),(95451,7.25,7.25,0,0,0,'Kelseyville','CA','Lake',0,'Kelseyville'),(95450,8,7.25,0.75,0,0,'Jenner','CA','Sonoma',0,'Jenner'),(95449,7.25,7.25,0,0,0,'Hopland','CA','Mendocino',0,'Hopland'),(95448,8,7.25,0.75,0,0,'Healdsburg','CA','Sonoma',0,'Healdsburg'),(95446,8,7.25,0.75,0,0,'Guerneville','CA','Sonoma',0,'Guerneville'),(95445,7.25,7.25,0,0,0,'Gualala','CA','Mendocino',0,'Gualala'),(95444,8,7.25,0.75,0,0,'Graton','CA','Sonoma',0,'Graton'),(95443,7.25,7.25,0,0,0,'Glenhaven','CA','Lake',0,'Glenhaven'),(95442,8,7.25,0.75,0,0,'Glen Ellen','CA','Sonoma',0,'Glen-Ellen'),(95441,8,7.25,0.75,0,0,'Geyserville','CA','Sonoma',0,'Geyserville'),(95439,8,7.25,0.75,0,0,'Fulton','CA','Sonoma',0,'Fulton'),(95437,7.75,7.25,0,0.5,0,'Fort Bragg','CA','Mendocino',0,'Fort-Bragg'),(95436,8,7.25,0.75,0,0,'Forestville','CA','Sonoma',0,'Forestville'),(95435,7.25,7.25,0,0,0,'Finley','CA','Lake',0,'Finley'),(95433,8,7.25,0.75,0,0,'El Verano','CA','Sonoma',0,'El-Verano'),(95432,7.25,7.25,0,0,0,'Elk','CA','Mendocino',0,'Elk'),(95431,8,7.25,0.75,0,0,'Eldridge','CA','Sonoma',0,'Eldridge'),(95430,8,7.25,0.75,0,0,'Duncans Mills','CA','Sonoma',0,'Duncans-Mills'),(95429,7.25,7.25,0,0,0,'Dos Rios','CA','Mendocino',0,'Dos-Rios'),(95428,7.25,7.25,0,0,0,'Covelo','CA','Mendocino',0,'Covelo'),(95427,7.25,7.25,0,0,0,'Comptche','CA','Mendocino',0,'Comptche'),(95426,7.25,7.25,0,0,0,'Cobb','CA','Lake',0,'Cobb'),(95425,8,7.25,0.75,0,0,'Cloverdale','CA','Sonoma',0,'Cloverdale'),(95424,7.75,7.25,0,0.5,0,'Clearlake Park','CA','Lake',0,'Clearlake-Park'),(95423,7.25,7.25,0,0,0,'Clearlake Oaks','CA','Lake',0,'Clearlake-Oaks'),(95422,7.75,7.25,0,0.5,0,'Clearlake','CA','Lake',0,'Clearlake'),(95421,8,7.25,0.75,0,0,'Cazadero','CA','Sonoma',0,'Cazadero'),(95420,7.25,7.25,0,0,0,'Caspar','CA','Mendocino',0,'Caspar'),(95419,8,7.25,0.75,0,0,'Camp Meeker','CA','Sonoma',0,'Camp-Meeker'),(95418,7.25,7.25,0,0,0,'Calpella','CA','Mendocino',0,'Calpella'),(95417,7.25,7.25,0,0,0,'Branscomb','CA','Mendocino',0,'Branscomb'),(95416,8,7.25,0.75,0,0,'Boyes Hot Springs','CA','Sonoma',0,'Boyes-Hot-Springs'),(95415,7.25,7.25,0,0,0,'Boonville','CA','Mendocino',0,'Boonville'),(95412,8,7.25,0.75,0,0,'Annapolis','CA','Sonoma',0,'Annapolis'),(95410,7.25,7.25,0,0,0,'Albion','CA','Mendocino',0,'Albion'),(95409,8.5,7.25,0.75,0.5,0,'Santa Rosa','CA','Sonoma',0,'Santa-Rosa'),(95407,8.5,7.25,0.75,0.5,0,'Santa Rosa','CA','Sonoma',0,'Santa-Rosa'),(95406,8.5,7.25,0.75,0.5,0,'Santa Rosa','CA','Sonoma',0,'Santa-Rosa'),(95405,8.5,7.25,0.75,0.5,0,'Santa Rosa','CA','Sonoma',0,'Santa-Rosa'),(95404,8.5,7.25,0.75,0.5,0,'Santa Rosa','CA','Sonoma',0,'Santa-Rosa'),(95403,8.5,7.25,0.75,0.5,0,'Santa Rosa','CA','Sonoma',0,'Santa-Rosa'),(95402,8.5,7.25,0.75,0.5,0,'Santa Rosa','CA','Sonoma',0,'Santa-Rosa'),(95401,8.5,7.25,0.75,0.5,0,'Santa Rosa','CA','Sonoma',0,'Santa-Rosa'),(95397,7.375,7.25,0.125,0,0,'Modesto','CA','Stanislaus',0,'Modesto'),(95391,8.25,7.25,0.5,0.5,0,'Tracy','CA','San Joaquin',0,'Tracy'),(95389,7.75,7.25,0.5,0,0,'Yosemite National Park','CA','Mariposa',0,'Yosemite-National-Park'),(95388,7.25,7.25,0,0,0,'Winton','CA','Merced',0,'Winton'),(95387,7.375,7.25,0.125,0,0,'Westley','CA','Stanislaus',0,'Westley'),(95386,7.375,7.25,0.125,0,0,'Waterford','CA','Stanislaus',0,'Waterford'),(95385,7.75,7.25,0.5,0,0,'Vernalis','CA','San Joaquin',0,'Vernalis'),(95383,7.25,7.25,0,0,0,'Twain Harte','CA','Tuolumne',0,'Twain-Harte'),(95382,7.375,7.25,0.125,0,0,'Turlock','CA','Stanislaus',0,'Turlock'),(95381,7.375,7.25,0.125,0,0,'Turlock','CA','Stanislaus',0,'Turlock'),(95380,7.375,7.25,0.125,0,0,'Turlock','CA','Stanislaus',0,'Turlock'),(95379,7.25,7.25,0,0,0,'Tuolumne','CA','Tuolumne',0,'Tuolumne'),(95378,8.25,7.25,0.5,0.5,0,'Tracy','CA','San Joaquin',0,'Tracy'),(95377,8.25,7.25,0.5,0.5,0,'Tracy','CA','San Joaquin',0,'Tracy'),(95376,8.25,7.25,0.5,0.5,0,'Tracy','CA','San Joaquin',0,'Tracy'),(95375,7.25,7.25,0,0,0,'Strawberry','CA','Tuolumne',0,'Strawberry'),(95374,7.25,7.25,0,0,0,'Stevinson','CA','Merced',0,'Stevinson'),(95373,7.25,7.25,0,0,0,'Standard','CA','Tuolumne',0,'Standard'),(95372,7.25,7.25,0,0,0,'Soulsbyville','CA','Tuolumne',0,'Soulsbyville'),(95370,7.75,7.25,0,0.5,0,'Sonora','CA','Tuolumne',0,'Sonora'),(95369,7.25,7.25,0,0,0,'Snelling','CA','Merced',0,'Snelling'),(95368,7.375,7.25,0.125,0,0,'Salida','CA','Stanislaus',0,'Salida'),(95367,7.375,7.25,0.125,0,0,'Riverbank','CA','Stanislaus',0,'Riverbank'),(95366,7.75,7.25,0.5,0,0,'Ripon','CA','San Joaquin',0,'Ripon'),(95365,7.25,7.25,0,0,0,'Planada','CA','Merced',0,'Planada'),(95364,7.25,7.25,0,0,0,'Pinecrest','CA','Tuolumne',0,'Pinecrest'),(95363,7.375,7.25,0.125,0,0,'Patterson','CA','Stanislaus',0,'Patterson'),(95361,7.375,7.25,0.125,0,0,'Oakdale','CA','Stanislaus',0,'Oakdale'),(95360,7.375,7.25,0.125,0,0,'Newman','CA','Stanislaus',0,'Newman'),(95358,7.375,7.25,0.125,0,0,'Modesto','CA','Stanislaus',0,'Modesto'),(95357,7.375,7.25,0.125,0,0,'Modesto','CA','Stanislaus',0,'Modesto'),(95356,7.375,7.25,0.125,0,0,'Modesto','CA','Stanislaus',0,'Modesto'),(95355,7.375,7.25,0.125,0,0,'Modesto','CA','Stanislaus',0,'Modesto'),(95354,7.375,7.25,0.125,0,0,'Modesto','CA','Stanislaus',0,'Modesto'),(95353,7.375,7.25,0.125,0,0,'Modesto','CA','Stanislaus',0,'Modesto'),(95352,7.375,7.25,0.125,0,0,'Modesto','CA','Stanislaus',0,'Modesto'),(95351,7.375,7.25,0.125,0,0,'Modesto','CA','Stanislaus',0,'Modesto'),(95350,7.375,7.25,0.125,0,0,'Modesto','CA','Stanislaus',0,'Modesto'),(95348,7.75,7.25,0,0.5,0,'Merced','CA','Merced',0,'Merced'),(95347,7.25,7.25,0,0,0,'Moccasin','CA','Tuolumne',0,'Moccasin'),(95346,7.25,7.25,0,0,0,'Mi Wuk Village','CA','Tuolumne',0,'Mi-Wuk-Village'),(95345,7.75,7.25,0.5,0,0,'Midpines','CA','Mariposa',0,'Midpines'),(95344,7.75,7.25,0,0.5,0,'Merced','CA','Merced',0,'Merced'),(95343,7.75,7.25,0,0.5,0,'Merced','CA','Merced',0,'Merced'),(95341,7.75,7.25,0,0.5,0,'Merced','CA','Merced',0,'Merced'),(95340,7.75,7.25,0,0.5,0,'Merced','CA','Merced',0,'Merced'),(95338,7.75,7.25,0.5,0,0,'Mariposa','CA','Mariposa',0,'Mariposa'),(95337,8.25,7.25,0.5,0.5,0,'Manteca','CA','San Joaquin',0,'Manteca'),(95336,8.25,7.25,0.5,0.5,0,'Manteca','CA','San Joaquin',0,'Manteca'),(95335,7.25,7.25,0,0,0,'Long Barn','CA','Tuolumne',0,'Long-Barn'),(95334,7.25,7.25,0,0,0,'Livingston','CA','Merced',0,'Livingston'),(95333,7.25,7.25,0,0,0,'Le Grand','CA','Merced',0,'Le-Grand'),(95330,7.75,7.25,0.5,0,0,'Lathrop','CA','San Joaquin',0,'Lathrop'),(95329,7.375,7.25,0.125,0,0,'La Grange','CA','Stanislaus',0,'La-Grange'),(95328,7.375,7.25,0.125,0,0,'Keyes','CA','Stanislaus',0,'Keyes'),(95327,7.25,7.25,0,0,0,'Jamestown','CA','Tuolumne',0,'Jamestown'),(95326,7.375,7.25,0.125,0,0,'Hughson','CA','Stanislaus',0,'Hughson'),(95325,7.75,7.25,0.5,0,0,'Hornitos','CA','Mariposa',0,'Hornitos'),(95324,7.25,7.25,0,0,0,'Hilmar','CA','Merced',0,'Hilmar'),(95323,7.375,7.25,0.125,0,0,'Hickman','CA','Stanislaus',0,'Hickman'),(95322,7.75,7.25,0,0.5,0,'Gustine','CA','Merced',0,'Gustine'),(95321,7.25,7.25,0,0,0,'Groveland','CA','Tuolumne',0,'Groveland'),(95320,7.75,7.25,0.5,0,0,'Escalon','CA','San Joaquin',0,'Escalon'),(95319,7.375,7.25,0.125,0,0,'Empire','CA','Stanislaus',0,'Empire'),(95318,7.75,7.25,0.5,0,0,'El Portal','CA','Mariposa',0,'El-Portal'),(95317,7.25,7.25,0,0,0,'El Nido','CA','Merced',0,'El-Nido'),(95316,7.375,7.25,0.125,0,0,'Denair','CA','Stanislaus',0,'Denair'),(95315,7.25,7.25,0,0,0,'Delhi','CA','Merced',0,'Delhi'),(95313,7.375,7.25,0.125,0,0,'Crows Landing','CA','Stanislaus',0,'Crows-Landing'),(95312,7.25,7.25,0,0,0,'Cressey','CA','Merced',0,'Cressey'),(95311,7.75,7.25,0.5,0,0,'Coulterville','CA','Mariposa',0,'Coulterville'),(95310,7.25,7.25,0,0,0,'Columbia','CA','Tuolumne',0,'Columbia'),(95309,7.25,7.25,0,0,0,'Chinese Camp','CA','Tuolumne',0,'Chinese-Camp'),(95307,7.875,7.25,0.125,0.5,0,'Ceres','CA','Stanislaus',0,'Ceres'),(95306,7.75,7.25,0.5,0,0,'Catheys Valley','CA','Mariposa',0,'Catheys-Valley'),(95305,7.25,7.25,0,0,0,'Big Oak Flat','CA','Tuolumne',0,'Big-Oak-Flat'),(95304,8.25,7.25,0.5,0.5,0,'Tracy','CA','San Joaquin',0,'Tracy'),(95303,7.25,7.25,0,0,0,'Ballico','CA','Merced',0,'Ballico'),(95301,7.25,7.25,0,0,0,'Atwater','CA','Merced',0,'Atwater'),(95297,8,7.25,0.5,0.25,0,'Stockton','CA','San Joaquin',0,'Stockton'),(95296,8,7.25,0.5,0.25,0,'Stockton','CA','San Joaquin',0,'Stockton'),(95269,8,7.25,0.5,0.25,0,'Stockton','CA','San Joaquin',0,'Stockton'),(95267,8,7.25,0.5,0.25,0,'Stockton','CA','San Joaquin',0,'Stockton'),(95258,7.75,7.25,0.5,0,0,'Woodbridge','CA','San Joaquin',0,'Woodbridge'),(95257,7.25,7.25,0,0,0,'Wilseyville','CA','Calaveras',0,'Wilseyville'),(95255,7.25,7.25,0,0,0,'West Point','CA','Calaveras',0,'West-Point'),(95254,7.25,7.25,0,0,0,'Wallace','CA','Calaveras',0,'Wallace'),(95253,7.75,7.25,0.5,0,0,'Victor','CA','San Joaquin',0,'Victor'),(95252,7.25,7.25,0,0,0,'Valley Springs','CA','Calaveras',0,'Valley-Springs'),(95251,7.25,7.25,0,0,0,'Vallecito','CA','Calaveras',0,'Vallecito'),(95250,7.25,7.25,0,0,0,'Sheep Ranch','CA','Calaveras',0,'Sheep-Ranch'),(95249,7.25,7.25,0,0,0,'San Andreas','CA','Calaveras',0,'San-Andreas'),(95248,7.25,7.25,0,0,0,'Rail Road Flat','CA','Calaveras',0,'Rail-Road-Flat'),(95247,7.25,7.25,0,0,0,'Murphys','CA','Calaveras',0,'Murphys'),(95246,7.25,7.25,0,0,0,'Mountain Ranch','CA','Calaveras',0,'Mountain-Ranch'),(95245,7.25,7.25,0,0,0,'Mokelumne Hill','CA','Calaveras',0,'Mokelumne-Hill'),(95242,7.75,7.25,0.5,0,0,'Lodi','CA','San Joaquin',0,'Lodi'),(95241,7.75,7.25,0.5,0,0,'Lodi','CA','San Joaquin',0,'Lodi'),(95240,7.75,7.25,0.5,0,0,'Lodi','CA','San Joaquin',0,'Lodi'),(95237,7.75,7.25,0.5,0,0,'Lockeford','CA','San Joaquin',0,'Lockeford'),(95236,7.75,7.25,0.5,0,0,'Linden','CA','San Joaquin',0,'Linden'),(95234,7.75,7.25,0.5,0,0,'Holt','CA','San Joaquin',0,'Holt'),(95233,7.25,7.25,0,0,0,'Hathaway Pines','CA','Calaveras',0,'Hathaway-Pines'),(95232,7.25,7.25,0,0,0,'Glencoe','CA','Calaveras',0,'Glencoe'),(95231,7.75,7.25,0.5,0,0,'French Camp','CA','San Joaquin',0,'French-Camp'),(95230,7.75,7.25,0.5,0,0,'Farmington','CA','San Joaquin',0,'Farmington'),(95229,7.25,7.25,0,0,0,'Douglas Flat','CA','Calaveras',0,'Douglas-Flat'),(95228,7.25,7.25,0,0,0,'Copperopolis','CA','Calaveras',0,'Copperopolis'),(95227,7.75,7.25,0.5,0,0,'Clements','CA','San Joaquin',0,'Clements'),(95226,7.25,7.25,0,0,0,'Campo Seco','CA','Calaveras',0,'Campo-Seco'),(95225,7.25,7.25,0,0,0,'Burson','CA','Calaveras',0,'Burson'),(95224,7.25,7.25,0,0,0,'Avery','CA','Calaveras',0,'Avery'),(95223,7.25,7.25,0,0,0,'Arnold','CA','Calaveras',0,'Arnold'),(95222,7.25,7.25,0,0,0,'Angels Camp','CA','Calaveras',0,'Angels-Camp'),(95221,7.25,7.25,0,0,0,'Altaville','CA','Calaveras',0,'Altaville'),(95220,7.75,7.25,0.5,0,0,'Acampo','CA','San Joaquin',0,'Acampo'),(95219,8,7.25,0.5,0.25,0,'Stockton','CA','San Joaquin',0,'Stockton'),(95215,8,7.25,0.5,0.25,0,'Stockton','CA','San Joaquin',0,'Stockton'),(95213,8,7.25,0.5,0.25,0,'Stockton','CA','San Joaquin',0,'Stockton'),(95212,8,7.25,0.5,0.25,0,'Stockton','CA','San Joaquin',0,'Stockton'),(95211,8,7.25,0.5,0.25,0,'Stockton','CA','San Joaquin',0,'Stockton'),(95210,8,7.25,0.5,0.25,0,'Stockton','CA','San Joaquin',0,'Stockton'),(95209,8,7.25,0.5,0.25,0,'Stockton','CA','San Joaquin',0,'Stockton'),(95208,8,7.25,0.5,0.25,0,'Stockton','CA','San Joaquin',0,'Stockton'),(95207,8,7.25,0.5,0.25,0,'Stockton','CA','San Joaquin',0,'Stockton'),(95206,8,7.25,0.5,0.25,0,'Stockton','CA','San Joaquin',0,'Stockton'),(95205,8,7.25,0.5,0.25,0,'Stockton','CA','San Joaquin',0,'Stockton'),(95204,8,7.25,0.5,0.25,0,'Stockton','CA','San Joaquin',0,'Stockton'),(95203,8,7.25,0.5,0.25,0,'Stockton','CA','San Joaquin',0,'Stockton'),(95202,8,7.25,0.5,0.25,0,'Stockton','CA','San Joaquin',0,'Stockton'),(95201,8,7.25,0.5,0.25,0,'Stockton','CA','San Joaquin',0,'Stockton'),(95196,8.25,7.25,1,0,0,'San Jose','CA','Santa Clara',0,'San-Jose'),(95194,8.25,7.25,1,0,0,'San Jose','CA','Santa Clara',0,'San-Jose'),(95193,8.25,7.25,1,0,0,'San Jose','CA','Santa Clara',0,'San-Jose'),(95192,8.25,7.25,1,0,0,'San Jose','CA','Santa Clara',0,'San-Jose'),(95191,8.25,7.25,1,0,0,'San Jose','CA','Santa Clara',0,'San-Jose'),(95190,8.25,7.25,1,0,0,'San Jose','CA','Santa Clara',0,'San-Jose'),(95173,8.25,7.25,1,0,0,'San Jose','CA','Santa Clara',0,'San-Jose'),(95172,8.25,7.25,1,0,0,'San Jose','CA','Santa Clara',0,'San-Jose'),(95170,8.25,7.25,1,0,0,'San Jose','CA','Santa Clara',0,'San-Jose'),(95164,8.25,7.25,1,0,0,'San Jose','CA','Santa Clara',0,'San-Jose'),(95161,8.25,7.25,1,0,0,'San Jose','CA','Santa Clara',0,'San-Jose'),(95160,8.25,7.25,1,0,0,'San Jose','CA','Santa Clara',0,'San-Jose'),(95159,8.25,7.25,1,0,0,'San Jose','CA','Santa Clara',0,'San-Jose'),(95158,8.25,7.25,1,0,0,'San Jose','CA','Santa Clara',0,'San-Jose'),(95157,8.25,7.25,1,0,0,'San Jose','CA','Santa Clara',0,'San-Jose'),(95156,8.25,7.25,1,0,0,'San Jose','CA','Santa Clara',0,'San-Jose'),(95155,8.25,7.25,1,0,0,'San Jose','CA','Santa Clara',0,'San-Jose'),(95154,8.25,7.25,1,0,0,'San Jose','CA','Santa Clara',0,'San-Jose'),(95153,8.25,7.25,1,0,0,'San Jose','CA','Santa Clara',0,'San-Jose'),(95152,8.25,7.25,1,0,0,'San Jose','CA','Santa Clara',0,'San-Jose'),(95151,8.25,7.25,1,0,0,'San Jose','CA','Santa Clara',0,'San-Jose'),(95150,8.25,7.25,1,0,0,'San Jose','CA','Santa Clara',0,'San-Jose'),(95148,8.25,7.25,1,0,0,'San Jose','CA','Santa Clara',0,'San-Jose'),(95141,8.25,7.25,1,0,0,'San Jose','CA','Santa Clara',0,'San-Jose'),(95140,8.25,7.25,1,0,0,'Mount Hamilton','CA','Santa Clara',0,'Mount-Hamilton'),(95139,8.25,7.25,1,0,0,'San Jose','CA','Santa Clara',0,'San-Jose'),(95138,8.25,7.25,1,0,0,'San Jose','CA','Santa Clara',0,'San-Jose'),(95136,8.25,7.25,1,0,0,'San Jose','CA','Santa Clara',0,'San-Jose'),(95135,8.25,7.25,1,0,0,'San Jose','CA','Santa Clara',0,'San-Jose'),(95134,8.25,7.25,1,0,0,'San Jose','CA','Santa Clara',0,'San-Jose'),(95133,8.25,7.25,1,0,0,'San Jose','CA','Santa Clara',0,'San-Jose'),(95132,8.25,7.25,1,0,0,'San Jose','CA','Santa Clara',0,'San-Jose'),(95131,8.25,7.25,1,0,0,'San Jose','CA','Santa Clara',0,'San-Jose'),(95130,8.25,7.25,1,0,0,'San Jose','CA','Santa Clara',0,'San-Jose'),(95129,8.25,7.25,1,0,0,'San Jose','CA','Santa Clara',0,'San-Jose'),(95128,8.25,7.25,1,0,0,'San Jose','CA','Santa Clara',0,'San-Jose'),(95127,8.25,7.25,1,0,0,'San Jose','CA','Santa Clara',0,'San-Jose'),(95126,8.25,7.25,1,0,0,'San Jose','CA','Santa Clara',0,'San-Jose'),(95125,8.25,7.25,1,0,0,'San Jose','CA','Santa Clara',0,'San-Jose'),(95124,8.25,7.25,1,0,0,'San Jose','CA','Santa Clara',0,'San-Jose'),(95123,8.25,7.25,1,0,0,'San Jose','CA','Santa Clara',0,'San-Jose'),(95122,8.25,7.25,1,0,0,'San Jose','CA','Santa Clara',0,'San-Jose'),(95121,8.25,7.25,1,0,0,'San Jose','CA','Santa Clara',0,'San-Jose'),(95120,8.25,7.25,1,0,0,'San Jose','CA','Santa Clara',0,'San-Jose'),(95119,8.25,7.25,1,0,0,'San Jose','CA','Santa Clara',0,'San-Jose'),(95118,8.25,7.25,1,0,0,'San Jose','CA','Santa Clara',0,'San-Jose'),(95117,8.25,7.25,1,0,0,'San Jose','CA','Santa Clara',0,'San-Jose'),(95116,8.25,7.25,1,0,0,'San Jose','CA','Santa Clara',0,'San-Jose'),(95115,8.25,7.25,1,0,0,'San Jose','CA','Santa Clara',0,'San-Jose'),(95113,8.25,7.25,1,0,0,'San Jose','CA','Santa Clara',0,'San-Jose'),(95112,8.25,7.25,1,0,0,'San Jose','CA','Santa Clara',0,'San-Jose'),(95111,8.25,7.25,1,0,0,'San Jose','CA','Santa Clara',0,'San-Jose'),(95110,8.25,7.25,1,0,0,'San Jose','CA','Santa Clara',0,'San-Jose'),(95109,8.25,7.25,1,0,0,'San Jose','CA','Santa Clara',0,'San-Jose'),(95108,8.25,7.25,1,0,0,'San Jose','CA','Santa Clara',0,'San-Jose'),(95106,8.25,7.25,1,0,0,'San Jose','CA','Santa Clara',0,'San-Jose'),(95103,8.25,7.25,1,0,0,'San Jose','CA','Santa Clara',0,'San-Jose'),(95101,8.25,7.25,1,0,0,'San Jose','CA','Santa Clara',0,'San-Jose'),(95077,8.25,7.25,0.75,0.25,0,'Watsonville','CA','Santa Cruz',0,'Watsonville'),(95076,8.25,7.25,0.75,0.25,0,'Watsonville','CA','Santa Cruz',0,'Watsonville'),(95075,7.25,7.25,0,0,0,'Tres Pinos','CA','San Benito',0,'Tres-Pinos'),(95073,8,7.25,0.75,0,0,'Soquel','CA','Santa Cruz',0,'Soquel'),(95071,8.25,7.25,1,0,0,'Saratoga','CA','Santa Clara',0,'Saratoga'),(95070,8.25,7.25,1,0,0,'Saratoga','CA','Santa Clara',0,'Saratoga'),(95067,8,7.25,0.75,0,0,'Scotts Valley','CA','Santa Cruz',0,'Scotts-Valley'),(95066,8,7.25,0.75,0,0,'Scotts Valley','CA','Santa Cruz',0,'Scotts-Valley'),(95065,8.5,7.25,0.75,0.5,0,'Santa Cruz','CA','Santa Cruz',0,'Santa-Cruz'),(95064,8.5,7.25,0.75,0.5,0,'Santa Cruz','CA','Santa Cruz',0,'Santa-Cruz'),(95063,8.5,7.25,0.75,0.5,0,'Santa Cruz','CA','Santa Cruz',0,'Santa-Cruz'),(95062,8.5,7.25,0.75,0.5,0,'Santa Cruz','CA','Santa Cruz',0,'Santa-Cruz'),(95061,8.5,7.25,0.75,0.5,0,'Santa Cruz','CA','Santa Cruz',0,'Santa-Cruz'),(95060,8.5,7.25,0.75,0.5,0,'Santa Cruz','CA','Santa Cruz',0,'Santa-Cruz'),(95056,8.25,7.25,1,0,0,'Santa Clara','CA','Santa Clara',0,'Santa-Clara'),(95055,8.25,7.25,1,0,0,'Santa Clara','CA','Santa Clara',0,'Santa-Clara'),(95054,8.25,7.25,1,0,0,'Santa Clara','CA','Santa Clara',0,'Santa-Clara'),(95053,8.25,7.25,1,0,0,'Santa Clara','CA','Santa Clara',0,'Santa-Clara'),(95052,8.25,7.25,1,0,0,'Santa Clara','CA','Santa Clara',0,'Santa-Clara'),(95051,8.25,7.25,1,0,0,'Santa Clara','CA','Santa Clara',0,'Santa-Clara'),(95050,8.25,7.25,1,0,0,'Santa Clara','CA','Santa Clara',0,'Santa-Clara'),(95046,8.25,7.25,1,0,0,'San Martin','CA','Santa Clara',0,'San-Martin'),(95045,8,7.25,0,0.75,0,'San Juan Bautista','CA','San Benito',0,'San-Juan-Bautista'),(95044,8.25,7.25,1,0,0,'Redwood Estates','CA','Santa Clara',0,'Redwood-Estates'),(95043,7.25,7.25,0,0,0,'Paicines','CA','San Benito',0,'Paicines'),(95042,8.25,7.25,1,0,0,'New Almaden','CA','Santa Clara',0,'New-Almaden'),(95041,8,7.25,0.75,0,0,'Mount Hermon','CA','Santa Cruz',0,'Mount-Hermon'),(95039,7.25,7.25,0,0,0,'Moss Landing','CA','Monterey',0,'Moss-Landing'),(95038,8.25,7.25,1,0,0,'Morgan Hill','CA','Santa Clara',0,'Morgan-Hill'),(95037,8.25,7.25,1,0,0,'Morgan Hill','CA','Santa Clara',0,'Morgan-Hill'),(95036,8.25,7.25,1,0,0,'Milpitas','CA','Santa Clara',0,'Milpitas'),(95035,8.25,7.25,1,0,0,'Milpitas','CA','Santa Clara',0,'Milpitas'),(95033,8,7.25,0.75,0,0,'Los Gatos','CA','Santa Cruz',0,'Los-Gatos'),(95032,8.25,7.25,1,0,0,'Los Gatos','CA','Santa Clara',0,'Los-Gatos'),(95031,8.25,7.25,1,0,0,'Los Gatos','CA','Santa Clara',0,'Los-Gatos'),(95030,8.25,7.25,1,0,0,'Los Gatos','CA','Santa Clara',0,'Los-Gatos'),(95026,8.25,7.25,1,0,0,'Holy City','CA','Santa Clara',0,'Holy-City'),(95024,8.25,7.25,0,1,0,'Hollister','CA','San Benito',0,'Hollister'),(95023,8.25,7.25,0,1,0,'Hollister','CA','San Benito',0,'Hollister'),(95021,8.25,7.25,1,0,0,'Gilroy','CA','Santa Clara',0,'Gilroy'),(95020,8.25,7.25,1,0,0,'Gilroy','CA','Santa Clara',0,'Gilroy'),(95019,8,7.25,0.75,0,0,'Freedom','CA','Santa Cruz',0,'Freedom'),(95018,8,7.25,0.75,0,0,'Felton','CA','Santa Cruz',0,'Felton'),(95017,8,7.25,0.75,0,0,'Davenport','CA','Santa Cruz',0,'Davenport'),(95015,8.25,7.25,1,0,0,'Cupertino','CA','Santa Clara',0,'Cupertino'),(95014,8.25,7.25,1,0,0,'Cupertino','CA','Santa Clara',0,'Cupertino'),(95013,8.25,7.25,1,0,0,'Coyote','CA','Santa Clara',0,'Coyote'),(95012,7.25,7.25,0,0,0,'Castroville','CA','Monterey',0,'Castroville'),(95011,8.5,7.25,1,0.25,0,'Campbell','CA','Santa Clara',0,'Campbell'),(95010,8.25,7.25,0.75,0.25,0,'Capitola','CA','Santa Cruz',0,'Capitola'),(95009,8.5,7.25,1,0.25,0,'Campbell','CA','Santa Clara',0,'Campbell'),(95008,8.5,7.25,1,0.25,0,'Campbell','CA','Santa Clara',0,'Campbell'),(95007,8,7.25,0.75,0,0,'Brookdale','CA','Santa Cruz',0,'Brookdale'),(95006,8,7.25,0.75,0,0,'Boulder Creek','CA','Santa Cruz',0,'Boulder-Creek'),(95005,8,7.25,0.75,0,0,'Ben Lomond','CA','Santa Cruz',0,'Ben-Lomond'),(95004,7.25,7.25,0,0,0,'Aromas','CA','Monterey',0,'Aromas'),(95003,8,7.25,0.75,0,0,'Aptos','CA','Santa Cruz',0,'Aptos'),(95002,8.25,7.25,1,0,0,'Alviso','CA','Santa Clara',0,'Alviso'),(95001,8,7.25,0.75,0,0,'Aptos','CA','Santa Cruz',0,'Aptos'),(94999,8,7.25,0.75,0,0,'Petaluma','CA','Sonoma',0,'Petaluma'),(94998,8.5,7.25,0.75,0.5,0,'Novato','CA','Marin',0,'Novato'),(94979,8,7.25,0.75,0,0,'San Anselmo','CA','Marin',0,'San-Anselmo'),(94978,8,7.25,0.75,0,0,'Fairfax','CA','Marin',0,'Fairfax'),(94977,8,7.25,0.75,0,0,'Larkspur','CA','Marin',0,'Larkspur'),(94976,8,7.25,0.75,0,0,'Corte Madera','CA','Marin',0,'Corte-Madera'),(94975,8,7.25,0.75,0,0,'Petaluma','CA','Sonoma',0,'Petaluma'),(94974,8,7.25,0.75,0,0,'San Quentin','CA','Marin',0,'San-Quentin'),(94973,8,7.25,0.75,0,0,'Woodacre','CA','Marin',0,'Woodacre'),(94972,8,7.25,0.75,0,0,'Valley Ford','CA','Sonoma',0,'Valley-Ford'),(94971,8,7.25,0.75,0,0,'Tomales','CA','Marin',0,'Tomales'),(94970,8,7.25,0.75,0,0,'Stinson Beach','CA','Marin',0,'Stinson-Beach'),(94966,8,7.25,0.75,0,0,'Sausalito','CA','Marin',0,'Sausalito'),(94965,8,7.25,0.75,0,0,'Sausalito','CA','Marin',0,'Sausalito'),(94964,8,7.25,0.75,0,0,'San Quentin','CA','Marin',0,'San-Quentin'),(94963,8,7.25,0.75,0,0,'San Geronimo','CA','Marin',0,'San-Geronimo'),(94960,8,7.25,0.75,0,0,'San Anselmo','CA','Marin',0,'San-Anselmo'),(94957,8,7.25,0.75,0,0,'Ross','CA','Marin',0,'Ross'),(94956,8,7.25,0.75,0,0,'Point Reyes Station','CA','Marin',0,'Point-Reyes-Station'),(94955,8,7.25,0.75,0,0,'Petaluma','CA','Sonoma',0,'Petaluma'),(94954,8,7.25,0.75,0,0,'Petaluma','CA','Sonoma',0,'Petaluma'),(94953,8,7.25,0.75,0,0,'Petaluma','CA','Sonoma',0,'Petaluma'),(94952,8,7.25,0.75,0,0,'Petaluma','CA','Sonoma',0,'Petaluma'),(94951,8,7.25,0.75,0,0,'Penngrove','CA','Sonoma',0,'Penngrove'),(94950,8,7.25,0.75,0,0,'Olema','CA','Marin',0,'Olema'),(94949,8.5,7.25,0.75,0.5,0,'Novato','CA','Marin',0,'Novato'),(94948,8.5,7.25,0.75,0.5,0,'Novato','CA','Marin',0,'Novato'),(94947,8.5,7.25,0.75,0.5,0,'Novato','CA','Marin',0,'Novato'),(94946,8,7.25,0.75,0,0,'Nicasio','CA','Marin',0,'Nicasio'),(94945,8.5,7.25,0.75,0.5,0,'Novato','CA','Marin',0,'Novato'),(94942,8,7.25,0.75,0,0,'Mill Valley','CA','Marin',0,'Mill-Valley'),(94941,8,7.25,0.75,0,0,'Mill Valley','CA','Marin',0,'Mill-Valley'),(94940,8,7.25,0.75,0,0,'Marshall','CA','Marin',0,'Marshall'),(94939,8,7.25,0.75,0,0,'Larkspur','CA','Marin',0,'Larkspur'),(94938,8,7.25,0.75,0,0,'Lagunitas','CA','Marin',0,'Lagunitas'),(94937,8,7.25,0.75,0,0,'Inverness','CA','Marin',0,'Inverness'),(94933,8,7.25,0.75,0,0,'Forest Knolls','CA','Marin',0,'Forest-Knolls'),(94931,8.5,7.25,0.75,0.5,0,'Cotati','CA','Sonoma',0,'Cotati'),(94930,8,7.25,0.75,0,0,'Fairfax','CA','Marin',0,'Fairfax'),(94929,8,7.25,0.75,0,0,'Dillon Beach','CA','Marin',0,'Dillon-Beach'),(94928,8.5,7.25,0.75,0.5,0,'Rohnert Park','CA','Sonoma',0,'Rohnert-Park'),(94927,8.5,7.25,0.75,0.5,0,'Rohnert Park','CA','Sonoma',0,'Rohnert-Park'),(94926,8.5,7.25,0.75,0.5,0,'Rohnert Park','CA','Sonoma',0,'Rohnert-Park'),(94925,8,7.25,0.75,0,0,'Corte Madera','CA','Marin',0,'Corte-Madera'),(94924,8,7.25,0.75,0,0,'Bolinas','CA','Marin',0,'Bolinas'),(94923,8,7.25,0.75,0,0,'Bodega Bay','CA','Sonoma',0,'Bodega-Bay'),(94922,8,7.25,0.75,0,0,'Bodega','CA','Sonoma',0,'Bodega'),(94920,8,7.25,0.75,0,0,'Belvedere Tiburon','CA','Marin',0,'Belvedere-Tiburon'),(94915,8.5,7.25,0.75,0.5,0,'San Rafael','CA','Marin',0,'San-Rafael'),(94914,8,7.25,0.75,0,0,'Kentfield','CA','Marin',0,'Kentfield'),(94913,8.5,7.25,0.75,0.5,0,'San Rafael','CA','Marin',0,'San-Rafael'),(94912,8.5,7.25,0.75,0.5,0,'San Rafael','CA','Marin',0,'San-Rafael'),(94904,8,7.25,0.75,0,0,'Greenbrae','CA','Marin',0,'Greenbrae'),(94903,8.5,7.25,0.75,0.5,0,'San Rafael','CA','Marin',0,'San-Rafael'),(94901,8.5,7.25,0.75,0.5,0,'San Rafael','CA','Marin',0,'San-Rafael'),(94850,8.75,7.25,1,0.5,0,'Richmond','CA','Contra Costa',0,'Richmond'),(94820,8.25,7.25,1,0,0,'El Sobrante','CA','Contra Costa',0,'El-Sobrante'),(94808,8.75,7.25,1,0.5,0,'Richmond','CA','Contra Costa',0,'Richmond'),(94807,8.75,7.25,1,0.5,0,'Richmond','CA','Contra Costa',0,'Richmond'),(94806,8.25,7.25,1,0,0,'San Pablo','CA','Contra Costa',0,'San-Pablo'),(94805,8.75,7.25,1,0.5,0,'Richmond','CA','Contra Costa',0,'Richmond'),(94804,8.75,7.25,1,0.5,0,'Richmond','CA','Contra Costa',0,'Richmond'),(94803,8.25,7.25,1,0,0,'El Sobrante','CA','Contra Costa',0,'El-Sobrante'),(94802,8.75,7.25,1,0.5,0,'Richmond','CA','Contra Costa',0,'Richmond'),(94801,8.75,7.25,1,0.5,0,'Richmond','CA','Contra Costa',0,'Richmond'),(94720,8.75,7.25,1.5,0,0,'Berkeley','CA','Alameda',0,'Berkeley'),(94712,8.75,7.25,1.5,0,0,'Berkeley','CA','Alameda',0,'Berkeley'),(94710,8.75,7.25,1.5,0,0,'Berkeley','CA','Alameda',0,'Berkeley'),(94709,8.75,7.25,1.5,0,0,'Berkeley','CA','Alameda',0,'Berkeley'),(94708,8.75,7.25,1.5,0,0,'Berkeley','CA','Alameda',0,'Berkeley'),(94707,8.75,7.25,1.5,0,0,'Berkeley','CA','Alameda',0,'Berkeley'),(94706,8.75,7.25,1.5,0,0,'Albany','CA','Alameda',0,'Albany'),(94705,8.75,7.25,1.5,0,0,'Berkeley','CA','Alameda',0,'Berkeley'),(94704,8.75,7.25,1.5,0,0,'Berkeley','CA','Alameda',0,'Berkeley'),(94703,8.75,7.25,1.5,0,0,'Berkeley','CA','Alameda',0,'Berkeley'),(94702,8.75,7.25,1.5,0,0,'Berkeley','CA','Alameda',0,'Berkeley'),(94701,8.75,7.25,1.5,0,0,'Berkeley','CA','Alameda',0,'Berkeley'),(94666,8.75,7.25,1.5,0,0,'Oakland','CA','Alameda',0,'Oakland'),(94662,8.75,7.25,1.5,0,0,'Emeryville','CA','Alameda',0,'Emeryville'),(94661,8.75,7.25,1.5,0,0,'Oakland','CA','Alameda',0,'Oakland'),(94660,8.75,7.25,1.5,0,0,'Oakland','CA','Alameda',0,'Oakland'),(94659,8.75,7.25,1.5,0,0,'Oakland','CA','Alameda',0,'Oakland'),(94649,8.75,7.25,1.5,0,0,'Oakland','CA','Alameda',0,'Oakland'),(94624,8.75,7.25,1.5,0,0,'Oakland','CA','Alameda',0,'Oakland'),(94623,8.75,7.25,1.5,0,0,'Oakland','CA','Alameda',0,'Oakland'),(94622,8.75,7.25,1.5,0,0,'Oakland','CA','Alameda',0,'Oakland'),(94621,8.75,7.25,1.5,0,0,'Oakland','CA','Alameda',0,'Oakland'),(94620,8.75,7.25,1.5,0,0,'Piedmont','CA','Alameda',0,'Piedmont'),(94619,8.75,7.25,1.5,0,0,'Oakland','CA','Alameda',0,'Oakland'),(94618,8.75,7.25,1.5,0,0,'Oakland','CA','Alameda',0,'Oakland'),(94617,8.75,7.25,1.5,0,0,'Oakland','CA','Alameda',0,'Oakland'),(94615,8.75,7.25,1.5,0,0,'Oakland','CA','Alameda',0,'Oakland'),(94614,8.75,7.25,1.5,0,0,'Oakland','CA','Alameda',0,'Oakland'),(94613,8.75,7.25,1.5,0,0,'Oakland','CA','Alameda',0,'Oakland'),(94612,8.75,7.25,1.5,0,0,'Oakland','CA','Alameda',0,'Oakland'),(94611,8.75,7.25,1.5,0,0,'Oakland','CA','Alameda',0,'Oakland'),(94610,8.75,7.25,1.5,0,0,'Oakland','CA','Alameda',0,'Oakland'),(94609,8.75,7.25,1.5,0,0,'Oakland','CA','Alameda',0,'Oakland'),(94608,8.75,7.25,1.5,0,0,'Emeryville','CA','Alameda',0,'Emeryville'),(94607,8.75,7.25,1.5,0,0,'Oakland','CA','Alameda',0,'Oakland'),(94606,8.75,7.25,1.5,0,0,'Oakland','CA','Alameda',0,'Oakland'),(94605,8.75,7.25,1.5,0,0,'Oakland','CA','Alameda',0,'Oakland'),(94604,8.75,7.25,1.5,0,0,'Oakland','CA','Alameda',0,'Oakland'),(94603,8.75,7.25,1.5,0,0,'Oakland','CA','Alameda',0,'Oakland'),(94602,8.75,7.25,1.5,0,0,'Oakland','CA','Alameda',0,'Oakland'),(94601,8.75,7.25,1.5,0,0,'Oakland','CA','Alameda',0,'Oakland'),(94599,7.75,7.25,0.5,0,0,'Yountville','CA','Napa',0,'Yountville'),(94598,8.25,7.25,1,0,0,'Walnut Creek','CA','Contra Costa',0,'Walnut-Creek'),(94597,8.25,7.25,1,0,0,'Walnut Creek','CA','Contra Costa',0,'Walnut-Creek'),(94596,8.25,7.25,1,0,0,'Walnut Creek','CA','Contra Costa',0,'Walnut-Creek'),(94595,8.25,7.25,1,0,0,'Walnut Creek','CA','Contra Costa',0,'Walnut-Creek'),(94592,7.375,7.25,0.125,0,0,'Vallejo','CA','Solano',0,'Vallejo'),(94591,7.375,7.25,0.125,0,0,'Vallejo','CA','Solano',0,'Vallejo'),(94590,7.375,7.25,0.125,0,0,'Vallejo','CA','Solano',0,'Vallejo'),(94589,7.375,7.25,0.125,0,0,'Vallejo','CA','Solano',0,'Vallejo'),(94588,8.75,7.25,1.5,0,0,'Pleasanton','CA','Alameda',0,'Pleasanton'),(94587,9.25,7.25,1.5,0.5,0,'Union City','CA','Alameda',0,'Union-City'),(94586,8.75,7.25,1.5,0,0,'Sunol','CA','Alameda',0,'Sunol'),(94585,7.375,7.25,0.125,0,0,'Suisun City','CA','Solano',0,'Suisun-City'),(94583,8.25,7.25,1,0,0,'San Ramon','CA','Contra Costa',0,'San-Ramon'),(94582,8.25,7.25,1,0,0,'San Ramon','CA','Contra Costa',0,'San-Ramon'),(94581,7.75,7.25,0.5,0,0,'Napa','CA','Napa',0,'Napa'),(94580,8.75,7.25,1.5,0,0,'San Lorenzo','CA','Alameda',0,'San-Lorenzo'),(94579,9,7.25,1.5,0.25,0,'San Leandro','CA','Alameda',0,'San-Leandro'),(94578,9,7.25,1.5,0.25,0,'San Leandro','CA','Alameda',0,'San-Leandro'),(94577,9,7.25,1.5,0.25,0,'San Leandro','CA','Alameda',0,'San-Leandro'),(94576,7.75,7.25,0.5,0,0,'Deer Park','CA','Napa',0,'Deer-Park'),(94575,8.25,7.25,1,0,0,'Moraga','CA','Contra Costa',0,'Moraga'),(94574,7.75,7.25,0.5,0,0,'Saint Helena','CA','Napa',0,'Saint-Helena'),(94573,7.75,7.25,0.5,0,0,'Rutherford','CA','Napa',0,'Rutherford'),(94572,8.25,7.25,1,0,0,'Rodeo','CA','Contra Costa',0,'Rodeo'),(94571,7.375,7.25,0.125,0,0,'Rio Vista','CA','Solano',0,'Rio-Vista'),(94570,8.25,7.25,1,0,0,'Moraga','CA','Contra Costa',0,'Moraga'),(94569,8.25,7.25,1,0,0,'Port Costa','CA','Contra Costa',0,'Port-Costa'),(94568,8.75,7.25,1.5,0,0,'Dublin','CA','Alameda',0,'Dublin'),(94567,7.75,7.25,0.5,0,0,'Pope Valley','CA','Napa',0,'Pope-Valley'),(94566,8.75,7.25,1.5,0,0,'Pleasanton','CA','Alameda',0,'Pleasanton'),(94565,8.25,7.25,1,0,0,'Pittsburg','CA','Contra Costa',0,'Pittsburg'),(94564,8.75,7.25,1,0.5,0,'Pinole','CA','Contra Costa',0,'Pinole'),(94563,8.25,7.25,1,0,0,'Orinda','CA','Contra Costa',0,'Orinda'),(94562,7.75,7.25,0.5,0,0,'Oakville','CA','Napa',0,'Oakville'),(94561,8.25,7.25,1,0,0,'Oakley','CA','Contra Costa',0,'Oakley'),(94560,8.75,7.25,1.5,0,0,'Newark','CA','Alameda',0,'Newark'),(94559,7.75,7.25,0.5,0,0,'Napa','CA','Napa',0,'Napa'),(94558,7.75,7.25,0.5,0,0,'Napa','CA','Napa',0,'Napa'),(94557,8.75,7.25,1.5,0,0,'Hayward','CA','Alameda',0,'Hayward'),(94556,8.25,7.25,1,0,0,'Moraga','CA','Contra Costa',0,'Moraga'),(94555,8.75,7.25,1.5,0,0,'Fremont','CA','Alameda',0,'Fremont'),(94553,8.25,7.25,1,0,0,'Martinez','CA','Contra Costa',0,'Martinez'),(94552,8.75,7.25,1.5,0,0,'Castro Valley','CA','Alameda',0,'Castro-Valley'),(94551,8.75,7.25,1.5,0,0,'Livermore','CA','Alameda',0,'Livermore'),(94550,8.75,7.25,1.5,0,0,'Livermore','CA','Alameda',0,'Livermore'),(94549,8.25,7.25,1,0,0,'Lafayette','CA','Contra Costa',0,'Lafayette'),(94548,8.25,7.25,1,0,0,'Knightsen','CA','Contra Costa',0,'Knightsen'),(94547,8.25,7.25,1,0,0,'Hercules','CA','Contra Costa',0,'Hercules'),(94546,8.75,7.25,1.5,0,0,'Castro Valley','CA','Alameda',0,'Castro-Valley'),(94545,8.75,7.25,1.5,0,0,'Hayward','CA','Alameda',0,'Hayward'),(94544,8.75,7.25,1.5,0,0,'Hayward','CA','Alameda',0,'Hayward'),(94543,8.75,7.25,1.5,0,0,'Hayward','CA','Alameda',0,'Hayward'),(94542,8.75,7.25,1.5,0,0,'Hayward','CA','Alameda',0,'Hayward'),(94541,8.75,7.25,1.5,0,0,'Hayward','CA','Alameda',0,'Hayward'),(94540,8.75,7.25,1.5,0,0,'Hayward','CA','Alameda',0,'Hayward'),(94539,8.75,7.25,1.5,0,0,'Fremont','CA','Alameda',0,'Fremont'),(94538,8.75,7.25,1.5,0,0,'Fremont','CA','Alameda',0,'Fremont'),(94537,8.75,7.25,1.5,0,0,'Fremont','CA','Alameda',0,'Fremont'),(94536,8.75,7.25,1.5,0,0,'Fremont','CA','Alameda',0,'Fremont'),(94535,7.375,7.25,0.125,0,0,'Travis Afb','CA','Solano',0,'Travis-Afb'),(94534,7.375,7.25,0.125,0,0,'Fairfield','CA','Solano',0,'Fairfield'),(94533,7.375,7.25,0.125,0,0,'Fairfield','CA','Solano',0,'Fairfield'),(94531,8.25,7.25,1,0,0,'Antioch','CA','Contra Costa',0,'Antioch'),(94530,9.25,7.25,1,1,0,'El Cerrito','CA','Contra Costa',0,'El-Cerrito'),(94529,8.75,7.25,1,0.5,0,'Concord','CA','Contra Costa',0,'Concord'),(94528,8.25,7.25,1,0,0,'Diablo','CA','Contra Costa',0,'Diablo'),(94527,8.75,7.25,1,0.5,0,'Concord','CA','Contra Costa',0,'Concord'),(94526,8.25,7.25,1,0,0,'Danville','CA','Contra Costa',0,'Danville'),(94525,8.25,7.25,1,0,0,'Crockett','CA','Contra Costa',0,'Crockett'),(94524,8.75,7.25,1,0.5,0,'Concord','CA','Contra Costa',0,'Concord'),(94523,8.25,7.25,1,0,0,'Pleasant Hill','CA','Contra Costa',0,'Pleasant-Hill'),(94522,8.75,7.25,1,0.5,0,'Concord','CA','Contra Costa',0,'Concord'),(94521,8.75,7.25,1,0.5,0,'Concord','CA','Contra Costa',0,'Concord'),(94520,8.75,7.25,1,0.5,0,'Concord','CA','Contra Costa',0,'Concord'),(94519,8.75,7.25,1,0.5,0,'Concord','CA','Contra Costa',0,'Concord'),(94518,8.75,7.25,1,0.5,0,'Concord','CA','Contra Costa',0,'Concord'),(94517,8.25,7.25,1,0,0,'Clayton','CA','Contra Costa',0,'Clayton'),(94516,8.25,7.25,1,0,0,'Canyon','CA','Contra Costa',0,'Canyon'),(94515,7.75,7.25,0.5,0,0,'Calistoga','CA','Napa',0,'Calistoga'),(94514,8.25,7.25,1,0,0,'Byron','CA','Contra Costa',0,'Byron'),(94513,8.25,7.25,1,0,0,'Brentwood','CA','Contra Costa',0,'Brentwood'),(94512,7.375,7.25,0.125,0,0,'Birds Landing','CA','Solano',0,'Birds-Landing'),(94511,8.25,7.25,1,0,0,'Bethel Island','CA','Contra Costa',0,'Bethel-Island'),(94510,7.375,7.25,0.125,0,0,'Benicia','CA','Solano',0,'Benicia'),(94509,8.25,7.25,1,0,0,'Antioch','CA','Contra Costa',0,'Antioch'),(94508,7.75,7.25,0.5,0,0,'Angwin','CA','Napa',0,'Angwin'),(94507,8.25,7.25,1,0,0,'Alamo','CA','Contra Costa',0,'Alamo'),(94506,8.25,7.25,1,0,0,'Danville','CA','Contra Costa',0,'Danville'),(94505,8.25,7.25,1,0,0,'Discovery Bay','CA','Contra Costa',0,'Discovery-Bay'),(94503,7.75,7.25,0.5,0,0,'American Canyon','CA','Napa',0,'American-Canyon'),(94502,8.75,7.25,1.5,0,0,'Alameda','CA','Alameda',0,'Alameda'),(94501,8.75,7.25,1.5,0,0,'Alameda','CA','Alameda',0,'Alameda'),(94497,8.5,7.25,1,0.25,0,'San Mateo','CA','San Mateo',0,'San-Mateo'),(94404,8.5,7.25,1,0.25,0,'San Mateo','CA','San Mateo',0,'San-Mateo'),(94403,8.5,7.25,1,0.25,0,'San Mateo','CA','San Mateo',0,'San-Mateo'),(94402,8.5,7.25,1,0.25,0,'San Mateo','CA','San Mateo',0,'San-Mateo'),(94401,8.5,7.25,1,0.25,0,'San Mateo','CA','San Mateo',0,'San-Mateo'),(94309,8.25,7.25,1,0,0,'Palo Alto','CA','Santa Clara',0,'Palo-Alto'),(94306,8.25,7.25,1,0,0,'Palo Alto','CA','Santa Clara',0,'Palo-Alto'),(94305,8.25,7.25,1,0,0,'Stanford','CA','Santa Clara',0,'Stanford'),(94304,8.25,7.25,1,0,0,'Palo Alto','CA','Santa Clara',0,'Palo-Alto'),(94303,8.25,7.25,1,0,0,'Palo Alto','CA','Santa Clara',0,'Palo-Alto'),(94302,8.25,7.25,1,0,0,'Palo Alto','CA','Santa Clara',0,'Palo-Alto'),(94301,8.25,7.25,1,0,0,'Palo Alto','CA','Santa Clara',0,'Palo-Alto'),(94299,7.75,7.25,0.5,0,0,'Sacramento','CA','Sacramento',0,'Sacramento'),(94298,7.75,7.25,0.5,0,0,'Sacramento','CA','Sacramento',0,'Sacramento'),(94297,7.75,7.25,0.5,0,0,'Sacramento','CA','Sacramento',0,'Sacramento'),(94296,7.75,7.25,0.5,0,0,'Sacramento','CA','Sacramento',0,'Sacramento'),(94295,7.75,7.25,0.5,0,0,'Sacramento','CA','Sacramento',0,'Sacramento'),(94294,7.75,7.25,0.5,0,0,'Sacramento','CA','Sacramento',0,'Sacramento'),(94293,7.75,7.25,0.5,0,0,'Sacramento','CA','Sacramento',0,'Sacramento'),(94291,7.75,7.25,0.5,0,0,'Sacramento','CA','Sacramento',0,'Sacramento'),(94290,7.75,7.25,0.5,0,0,'Sacramento','CA','Sacramento',0,'Sacramento'),(94289,7.75,7.25,0.5,0,0,'Sacramento','CA','Sacramento',0,'Sacramento'),(94288,7.75,7.25,0.5,0,0,'Sacramento','CA','Sacramento',0,'Sacramento'),(94287,7.75,7.25,0.5,0,0,'Sacramento','CA','Sacramento',0,'Sacramento'),(94286,7.75,7.25,0.5,0,0,'Sacramento','CA','Sacramento',0,'Sacramento'),(94285,7.75,7.25,0.5,0,0,'Sacramento','CA','Sacramento',0,'Sacramento'),(94284,7.75,7.25,0.5,0,0,'Sacramento','CA','Sacramento',0,'Sacramento'),(94283,7.75,7.25,0.5,0,0,'Sacramento','CA','Sacramento',0,'Sacramento'),(94282,7.75,7.25,0.5,0,0,'Sacramento','CA','Sacramento',0,'Sacramento'),(94280,7.75,7.25,0.5,0,0,'Sacramento','CA','Sacramento',0,'Sacramento'),(94279,7.75,7.25,0.5,0,0,'Sacramento','CA','Sacramento',0,'Sacramento'),(94278,7.75,7.25,0.5,0,0,'Sacramento','CA','Sacramento',0,'Sacramento'),(94277,7.75,7.25,0.5,0,0,'Sacramento','CA','Sacramento',0,'Sacramento'),(94274,7.75,7.25,0.5,0,0,'Sacramento','CA','Sacramento',0,'Sacramento'),(94273,7.75,7.25,0.5,0,0,'Sacramento','CA','Sacramento',0,'Sacramento'),(94271,7.75,7.25,0.5,0,0,'Sacramento','CA','Sacramento',0,'Sacramento'),(94269,7.75,7.25,0.5,0,0,'Sacramento','CA','Sacramento',0,'Sacramento'),(94268,7.75,7.25,0.5,0,0,'Sacramento','CA','Sacramento',0,'Sacramento'),(94267,7.75,7.25,0.5,0,0,'Sacramento','CA','Sacramento',0,'Sacramento'),(94263,7.75,7.25,0.5,0,0,'Sacramento','CA','Sacramento',0,'Sacramento'),(94262,7.75,7.25,0.5,0,0,'Sacramento','CA','Sacramento',0,'Sacramento'),(94261,7.75,7.25,0.5,0,0,'Sacramento','CA','Sacramento',0,'Sacramento'),(94259,7.75,7.25,0.5,0,0,'Sacramento','CA','Sacramento',0,'Sacramento'),(94258,7.75,7.25,0.5,0,0,'Sacramento','CA','Sacramento',0,'Sacramento'),(94257,7.75,7.25,0.5,0,0,'Sacramento','CA','Sacramento',0,'Sacramento'),(94256,7.75,7.25,0.5,0,0,'Sacramento','CA','Sacramento',0,'Sacramento'),(94254,7.75,7.25,0.5,0,0,'Sacramento','CA','Sacramento',0,'Sacramento'),(94252,7.75,7.25,0.5,0,0,'Sacramento','CA','Sacramento',0,'Sacramento'),(94250,7.75,7.25,0.5,0,0,'Sacramento','CA','Sacramento',0,'Sacramento'),(94249,7.75,7.25,0.5,0,0,'Sacramento','CA','Sacramento',0,'Sacramento'),(94248,7.75,7.25,0.5,0,0,'Sacramento','CA','Sacramento',0,'Sacramento'),(94247,7.75,7.25,0.5,0,0,'Sacramento','CA','Sacramento',0,'Sacramento'),(94246,7.75,7.25,0.5,0,0,'Sacramento','CA','Sacramento',0,'Sacramento'),(94245,7.75,7.25,0.5,0,0,'Sacramento','CA','Sacramento',0,'Sacramento'),(94244,7.75,7.25,0.5,0,0,'Sacramento','CA','Sacramento',0,'Sacramento'),(94240,7.75,7.25,0.5,0,0,'Sacramento','CA','Sacramento',0,'Sacramento'),(94239,7.75,7.25,0.5,0,0,'Sacramento','CA','Sacramento',0,'Sacramento'),(94237,7.75,7.25,0.5,0,0,'Sacramento','CA','Sacramento',0,'Sacramento'),(94236,7.75,7.25,0.5,0,0,'Sacramento','CA','Sacramento',0,'Sacramento'),(94235,7.75,7.25,0.5,0,0,'Sacramento','CA','Sacramento',0,'Sacramento'),(94234,7.75,7.25,0.5,0,0,'Sacramento','CA','Sacramento',0,'Sacramento'),(94232,7.75,7.25,0.5,0,0,'Sacramento','CA','Sacramento',0,'Sacramento'),(94230,7.75,7.25,0.5,0,0,'Sacramento','CA','Sacramento',0,'Sacramento'),(94229,7.75,7.25,0.5,0,0,'Sacramento','CA','Sacramento',0,'Sacramento'),(94211,7.75,7.25,0.5,0,0,'Sacramento','CA','Sacramento',0,'Sacramento'),(94209,7.75,7.25,0.5,0,0,'Sacramento','CA','Sacramento',0,'Sacramento'),(94208,7.75,7.25,0.5,0,0,'Sacramento','CA','Sacramento',0,'Sacramento'),(94207,7.75,7.25,0.5,0,0,'Sacramento','CA','Sacramento',0,'Sacramento'),(94206,7.75,7.25,0.5,0,0,'Sacramento','CA','Sacramento',0,'Sacramento'),(94205,7.75,7.25,0.5,0,0,'Sacramento','CA','Sacramento',0,'Sacramento'),(94204,7.75,7.25,0.5,0,0,'Sacramento','CA','Sacramento',0,'Sacramento'),(94203,7.75,7.25,0.5,0,0,'Sacramento','CA','Sacramento',0,'Sacramento'),(94188,8.5,7.25,1.25,0,0,'San Francisco','CA','San Francisco',0,'San-Francisco'),(94177,8.5,7.25,1.25,0,0,'San Francisco','CA','San Francisco',0,'San-Francisco'),(94172,8.5,7.25,1.25,0,0,'San Francisco','CA','San Francisco',0,'San-Francisco'),(94171,8.5,7.25,1.25,0,0,'San Francisco','CA','San Francisco',0,'San-Francisco'),(94164,8.5,7.25,1.25,0,0,'San Francisco','CA','San Francisco',0,'San-Francisco'),(94163,8.5,7.25,1.25,0,0,'San Francisco','CA','San Francisco',0,'San-Francisco'),(94162,8.5,7.25,1.25,0,0,'San Francisco','CA','San Francisco',0,'San-Francisco'),(94161,8.5,7.25,1.25,0,0,'San Francisco','CA','San Francisco',0,'San-Francisco'),(94160,8.5,7.25,1.25,0,0,'San Francisco','CA','San Francisco',0,'San-Francisco'),(94159,8.5,7.25,1.25,0,0,'San Francisco','CA','San Francisco',0,'San-Francisco'),(94158,8.5,7.25,1.25,0,0,'San Francisco','CA','San Francisco',0,'San-Francisco'),(94156,8.5,7.25,1.25,0,0,'San Francisco','CA','San Francisco',0,'San-Francisco'),(94154,8.5,7.25,1.25,0,0,'San Francisco','CA','San Francisco',0,'San-Francisco'),(94153,8.5,7.25,1.25,0,0,'San Francisco','CA','San Francisco',0,'San-Francisco'),(94151,8.5,7.25,1.25,0,0,'San Francisco','CA','San Francisco',0,'San-Francisco'),(94147,8.5,7.25,1.25,0,0,'San Francisco','CA','San Francisco',0,'San-Francisco'),(94146,8.5,7.25,1.25,0,0,'San Francisco','CA','San Francisco',0,'San-Francisco'),(94145,8.5,7.25,1.25,0,0,'San Francisco','CA','San Francisco',0,'San-Francisco'),(94144,8.5,7.25,1.25,0,0,'San Francisco','CA','San Francisco',0,'San-Francisco'),(94143,8.5,7.25,1.25,0,0,'San Francisco','CA','San Francisco',0,'San-Francisco'),(94142,8.5,7.25,1.25,0,0,'San Francisco','CA','San Francisco',0,'San-Francisco'),(94141,8.5,7.25,1.25,0,0,'San Francisco','CA','San Francisco',0,'San-Francisco'),(94140,8.5,7.25,1.25,0,0,'San Francisco','CA','San Francisco',0,'San-Francisco'),(94139,8.5,7.25,1.25,0,0,'San Francisco','CA','San Francisco',0,'San-Francisco'),(94137,8.5,7.25,1.25,0,0,'San Francisco','CA','San Francisco',0,'San-Francisco'),(94134,8.5,7.25,1.25,0,0,'San Francisco','CA','San Francisco',0,'San-Francisco'),(94133,8.5,7.25,1.25,0,0,'San Francisco','CA','San Francisco',0,'San-Francisco'),(94132,8.5,7.25,1.25,0,0,'San Francisco','CA','San Francisco',0,'San-Francisco'),(94131,8.5,7.25,1.25,0,0,'San Francisco','CA','San Francisco',0,'San-Francisco'),(94130,8.5,7.25,1.25,0,0,'San Francisco','CA','San Francisco',0,'San-Francisco'),(94129,8.5,7.25,1.25,0,0,'San Francisco','CA','San Francisco',0,'San-Francisco'),(94128,8.25,7.25,1,0,0,'San Francisco','CA','San Mateo',0,'San-Francisco'),(94127,8.5,7.25,1.25,0,0,'San Francisco','CA','San Francisco',0,'San-Francisco'),(94126,8.5,7.25,1.25,0,0,'San Francisco','CA','San Francisco',0,'San-Francisco'),(94125,8.5,7.25,1.25,0,0,'San Francisco','CA','San Francisco',0,'San-Francisco'),(94124,8.5,7.25,1.25,0,0,'San Francisco','CA','San Francisco',0,'San-Francisco'),(94123,8.5,7.25,1.25,0,0,'San Francisco','CA','San Francisco',0,'San-Francisco'),(94122,8.5,7.25,1.25,0,0,'San Francisco','CA','San Francisco',0,'San-Francisco'),(94121,8.5,7.25,1.25,0,0,'San Francisco','CA','San Francisco',0,'San-Francisco'),(94120,8.5,7.25,1.25,0,0,'San Francisco','CA','San Francisco',0,'San-Francisco'),(94119,8.5,7.25,1.25,0,0,'San Francisco','CA','San Francisco',0,'San-Francisco'),(94118,8.5,7.25,1.25,0,0,'San Francisco','CA','San Francisco',0,'San-Francisco'),(94117,8.5,7.25,1.25,0,0,'San Francisco','CA','San Francisco',0,'San-Francisco'),(94116,8.5,7.25,1.25,0,0,'San Francisco','CA','San Francisco',0,'San-Francisco'),(94115,8.5,7.25,1.25,0,0,'San Francisco','CA','San Francisco',0,'San-Francisco'),(94114,8.5,7.25,1.25,0,0,'San Francisco','CA','San Francisco',0,'San-Francisco'),(94112,8.5,7.25,1.25,0,0,'San Francisco','CA','San Francisco',0,'San-Francisco'),(94111,8.5,7.25,1.25,0,0,'San Francisco','CA','San Francisco',0,'San-Francisco'),(94110,8.5,7.25,1.25,0,0,'San Francisco','CA','San Francisco',0,'San-Francisco'),(94109,8.5,7.25,1.25,0,0,'San Francisco','CA','San Francisco',0,'San-Francisco'),(94108,8.5,7.25,1.25,0,0,'San Francisco','CA','San Francisco',0,'San-Francisco'),(94107,8.5,7.25,1.25,0,0,'San Francisco','CA','San Francisco',0,'San-Francisco'),(94105,8.5,7.25,1.25,0,0,'San Francisco','CA','San Francisco',0,'San-Francisco'),(94104,8.5,7.25,1.25,0,0,'San Francisco','CA','San Francisco',0,'San-Francisco'),(94103,8.5,7.25,1.25,0,0,'San Francisco','CA','San Francisco',0,'San-Francisco'),(94102,8.5,7.25,1.25,0,0,'San Francisco','CA','San Francisco',0,'San-Francisco'),(94089,8.25,7.25,1,0,0,'Sunnyvale','CA','Santa Clara',0,'Sunnyvale'),(94088,8.25,7.25,1,0,0,'Sunnyvale','CA','Santa Clara',0,'Sunnyvale'),(94087,8.25,7.25,1,0,0,'Sunnyvale','CA','Santa Clara',0,'Sunnyvale'),(94086,8.25,7.25,1,0,0,'Sunnyvale','CA','Santa Clara',0,'Sunnyvale'),(94085,8.25,7.25,1,0,0,'Sunnyvale','CA','Santa Clara',0,'Sunnyvale'),(94083,8.25,7.25,1,0,0,'South San Francisco','CA','San Mateo',0,'South-San-Francisco'),(94080,8.25,7.25,1,0,0,'South San Francisco','CA','San Mateo',0,'South-San-Francisco'),(94074,8.25,7.25,1,0,0,'San Gregorio','CA','San Mateo',0,'San-Gregorio'),(94070,8.25,7.25,1,0,0,'San Carlos','CA','San Mateo',0,'San-Carlos'),(94066,8.25,7.25,1,0,0,'San Bruno','CA','San Mateo',0,'San-Bruno'),(94065,8.25,7.25,1,0,0,'Redwood City','CA','San Mateo',0,'Redwood-City'),(94064,8.25,7.25,1,0,0,'Redwood City','CA','San Mateo',0,'Redwood-City'),(94063,8.25,7.25,1,0,0,'Redwood City','CA','San Mateo',0,'Redwood-City'),(94062,8.25,7.25,1,0,0,'Redwood City','CA','San Mateo',0,'Redwood-City'),(94061,8.25,7.25,1,0,0,'Redwood City','CA','San Mateo',0,'Redwood-City'),(94060,8.25,7.25,1,0,0,'Pescadero','CA','San Mateo',0,'Pescadero'),(94044,8.25,7.25,1,0,0,'Pacifica','CA','San Mateo',0,'Pacifica'),(94043,8.25,7.25,1,0,0,'Mountain View','CA','Santa Clara',0,'Mountain-View'),(94042,8.25,7.25,1,0,0,'Mountain View','CA','Santa Clara',0,'Mountain-View'),(94041,8.25,7.25,1,0,0,'Mountain View','CA','Santa Clara',0,'Mountain-View'),(94040,8.25,7.25,1,0,0,'Mountain View','CA','Santa Clara',0,'Mountain-View'),(94039,8.25,7.25,1,0,0,'Mountain View','CA','Santa Clara',0,'Mountain-View'),(94038,8.25,7.25,1,0,0,'Moss Beach','CA','San Mateo',0,'Moss-Beach'),(94037,8.25,7.25,1,0,0,'Montara','CA','San Mateo',0,'Montara'),(94035,8.25,7.25,1,0,0,'Mountain View','CA','Santa Clara',0,'Mountain-View'),(94030,8.25,7.25,1,0,0,'Millbrae','CA','San Mateo',0,'Millbrae'),(94028,8.25,7.25,1,0,0,'Portola Valley','CA','San Mateo',0,'Portola-Valley'),(94027,8.25,7.25,1,0,0,'Atherton','CA','San Mateo',0,'Atherton'),(94026,8.25,7.25,1,0,0,'Menlo Park','CA','San Mateo',0,'Menlo-Park'),(94025,8.25,7.25,1,0,0,'Menlo Park','CA','San Mateo',0,'Menlo-Park'),(94024,8.25,7.25,1,0,0,'Los Altos','CA','Santa Clara',0,'Los-Altos'),(94023,8.25,7.25,1,0,0,'Los Altos','CA','Santa Clara',0,'Los-Altos'),(94022,8.25,7.25,1,0,0,'Los Altos','CA','Santa Clara',0,'Los-Altos'),(94021,8.25,7.25,1,0,0,'Loma Mar','CA','San Mateo',0,'Loma-Mar'),(94020,8.25,7.25,1,0,0,'La Honda','CA','San Mateo',0,'La-Honda'),(94019,8.25,7.25,1,0,0,'Half Moon Bay','CA','San Mateo',0,'Half-Moon-Bay'),(94018,8.25,7.25,1,0,0,'El Granada','CA','San Mateo',0,'El-Granada'),(94017,8.25,7.25,1,0,0,'Daly City','CA','San Mateo',0,'Daly-City'),(94016,8.25,7.25,1,0,0,'Daly City','CA','San Mateo',0,'Daly-City'),(94015,8.25,7.25,1,0,0,'Daly City','CA','San Mateo',0,'Daly-City'),(94014,8.25,7.25,1,0,0,'Daly City','CA','San Mateo',0,'Daly-City'),(94011,8.25,7.25,1,0,0,'Burlingame','CA','San Mateo',0,'Burlingame'),(94010,8.25,7.25,1,0,0,'Burlingame','CA','San Mateo',0,'Burlingame'),(94005,8.25,7.25,1,0,0,'Brisbane','CA','San Mateo',0,'Brisbane'),(94002,8.25,7.25,1,0,0,'Belmont','CA','San Mateo',0,'Belmont'),(93962,7.25,7.25,0,0,0,'Spreckels','CA','Monterey',0,'Spreckels'),(93960,7.25,7.25,0,0,0,'Soledad','CA','Monterey',0,'Soledad'),(93955,8.25,7.25,0,1,0,'Seaside','CA','Monterey',0,'Seaside'),(93954,7.25,7.25,0,0,0,'San Lucas','CA','Monterey',0,'San-Lucas'),(93953,7.25,7.25,0,0,0,'Pebble Beach','CA','Monterey',0,'Pebble-Beach'),(93950,8.25,7.25,0,1,0,'Pacific Grove','CA','Monterey',0,'Pacific-Grove'),(93944,7.25,7.25,0,0,0,'Monterey','CA','Monterey',0,'Monterey'),(93943,7.25,7.25,0,0,0,'Monterey','CA','Monterey',0,'Monterey'),(93942,7.25,7.25,0,0,0,'Monterey','CA','Monterey',0,'Monterey'),(93940,7.25,7.25,0,0,0,'Monterey','CA','Monterey',0,'Monterey'),(93933,8.25,7.25,0,1,0,'Marina','CA','Monterey',0,'Marina'),(93932,7.25,7.25,0,0,0,'Lockwood','CA','Monterey',0,'Lockwood'),(93930,7.25,7.25,0,0,0,'King City','CA','Monterey',0,'King-City'),(93928,7.25,7.25,0,0,0,'Jolon','CA','Monterey',0,'Jolon'),(93927,7.25,7.25,0,0,0,'Greenfield','CA','Monterey',0,'Greenfield'),(93926,7.25,7.25,0,0,0,'Gonzales','CA','Monterey',0,'Gonzales'),(93925,7.25,7.25,0,0,0,'Chualar','CA','Monterey',0,'Chualar'),(93924,7.25,7.25,0,0,0,'Carmel Valley','CA','Monterey',0,'Carmel-Valley'),(93923,7.25,7.25,0,0,0,'Carmel','CA','Monterey',0,'Carmel'),(93922,7.25,7.25,0,0,0,'Carmel','CA','Monterey',0,'Carmel'),(93921,7.25,7.25,0,0,0,'Carmel By The Sea','CA','Monterey',0,'Carmel-By-The-Sea'),(93920,7.25,7.25,0,0,0,'Big Sur','CA','Monterey',0,'Big-Sur'),(93915,7.75,7.25,0,0.5,0,'Salinas','CA','Monterey',0,'Salinas'),(93912,7.75,7.25,0,0.5,0,'Salinas','CA','Monterey',0,'Salinas'),(93908,7.75,7.25,0,0.5,0,'Salinas','CA','Monterey',0,'Salinas'),(93907,7.75,7.25,0,0.5,0,'Salinas','CA','Monterey',0,'Salinas'),(93906,7.75,7.25,0,0.5,0,'Salinas','CA','Monterey',0,'Salinas'),(93905,7.75,7.25,0,0.5,0,'Salinas','CA','Monterey',0,'Salinas'),(93902,7.75,7.25,0,0.5,0,'Salinas','CA','Monterey',0,'Salinas'),(93901,7.75,7.25,0,0.5,0,'Salinas','CA','Monterey',0,'Salinas'),(93888,7.975,7.25,0.725,0,0,'Fresno','CA','Fresno',0,'Fresno'),(93844,7.975,7.25,0.725,0,0,'Fresno','CA','Fresno',0,'Fresno'),(93794,7.975,7.25,0.725,0,0,'Fresno','CA','Fresno',0,'Fresno'),(93793,7.975,7.25,0.725,0,0,'Fresno','CA','Fresno',0,'Fresno'),(93792,7.975,7.25,0.725,0,0,'Fresno','CA','Fresno',0,'Fresno'),(93791,7.975,7.25,0.725,0,0,'Fresno','CA','Fresno',0,'Fresno'),(93790,7.975,7.25,0.725,0,0,'Fresno','CA','Fresno',0,'Fresno'),(93786,7.975,7.25,0.725,0,0,'Fresno','CA','Fresno',0,'Fresno'),(93779,7.975,7.25,0.725,0,0,'Fresno','CA','Fresno',0,'Fresno'),(93778,7.975,7.25,0.725,0,0,'Fresno','CA','Fresno',0,'Fresno'),(93777,7.975,7.25,0.725,0,0,'Fresno','CA','Fresno',0,'Fresno'),(93776,7.975,7.25,0.725,0,0,'Fresno','CA','Fresno',0,'Fresno'),(93775,7.975,7.25,0.725,0,0,'Fresno','CA','Fresno',0,'Fresno'),(93774,7.975,7.25,0.725,0,0,'Fresno','CA','Fresno',0,'Fresno'),(93773,7.975,7.25,0.725,0,0,'Fresno','CA','Fresno',0,'Fresno'),(93772,7.975,7.25,0.725,0,0,'Fresno','CA','Fresno',0,'Fresno'),(93771,7.975,7.25,0.725,0,0,'Fresno','CA','Fresno',0,'Fresno'),(93765,7.975,7.25,0.725,0,0,'Fresno','CA','Fresno',0,'Fresno'),(93764,7.975,7.25,0.725,0,0,'Fresno','CA','Fresno',0,'Fresno'),(93761,7.975,7.25,0.725,0,0,'Fresno','CA','Fresno',0,'Fresno'),(93760,7.975,7.25,0.725,0,0,'Fresno','CA','Fresno',0,'Fresno'),(93755,7.975,7.25,0.725,0,0,'Fresno','CA','Fresno',0,'Fresno'),(93750,7.975,7.25,0.725,0,0,'Fresno','CA','Fresno',0,'Fresno'),(93747,7.975,7.25,0.725,0,0,'Fresno','CA','Fresno',0,'Fresno'),(93745,7.975,7.25,0.725,0,0,'Fresno','CA','Fresno',0,'Fresno'),(93744,7.975,7.25,0.725,0,0,'Fresno','CA','Fresno',0,'Fresno'),(93741,7.975,7.25,0.725,0,0,'Fresno','CA','Fresno',0,'Fresno'),(93740,7.975,7.25,0.725,0,0,'Fresno','CA','Fresno',0,'Fresno'),(93737,7.975,7.25,0.725,0,0,'Fresno','CA','Fresno',0,'Fresno'),(93730,7.975,7.25,0.725,0,0,'Fresno','CA','Fresno',0,'Fresno'),(93729,7.975,7.25,0.725,0,0,'Fresno','CA','Fresno',0,'Fresno'),(93728,7.975,7.25,0.725,0,0,'Fresno','CA','Fresno',0,'Fresno'),(93727,7.975,7.25,0.725,0,0,'Fresno','CA','Fresno',0,'Fresno'),(93726,7.975,7.25,0.725,0,0,'Fresno','CA','Fresno',0,'Fresno'),(93725,7.975,7.25,0.725,0,0,'Fresno','CA','Fresno',0,'Fresno'),(93724,7.975,7.25,0.725,0,0,'Fresno','CA','Fresno',0,'Fresno'),(93723,7.975,7.25,0.725,0,0,'Fresno','CA','Fresno',0,'Fresno'),(93722,7.975,7.25,0.725,0,0,'Fresno','CA','Fresno',0,'Fresno'),(93721,7.975,7.25,0.725,0,0,'Fresno','CA','Fresno',0,'Fresno'),(93720,7.975,7.25,0.725,0,0,'Fresno','CA','Fresno',0,'Fresno'),(93718,7.975,7.25,0.725,0,0,'Fresno','CA','Fresno',0,'Fresno'),(93717,7.975,7.25,0.725,0,0,'Fresno','CA','Fresno',0,'Fresno'),(93716,7.975,7.25,0.725,0,0,'Fresno','CA','Fresno',0,'Fresno'),(93715,7.975,7.25,0.725,0,0,'Fresno','CA','Fresno',0,'Fresno'),(93714,7.975,7.25,0.725,0,0,'Fresno','CA','Fresno',0,'Fresno'),(93712,7.975,7.25,0.725,0,0,'Fresno','CA','Fresno',0,'Fresno'),(93711,7.975,7.25,0.725,0,0,'Fresno','CA','Fresno',0,'Fresno'),(93710,7.975,7.25,0.725,0,0,'Fresno','CA','Fresno',0,'Fresno'),(93709,7.975,7.25,0.725,0,0,'Fresno','CA','Fresno',0,'Fresno'),(93708,7.975,7.25,0.725,0,0,'Fresno','CA','Fresno',0,'Fresno'),(93707,7.975,7.25,0.725,0,0,'Fresno','CA','Fresno',0,'Fresno'),(93706,7.975,7.25,0.725,0,0,'Fresno','CA','Fresno',0,'Fresno'),(93705,7.975,7.25,0.725,0,0,'Fresno','CA','Fresno',0,'Fresno'),(93704,7.975,7.25,0.725,0,0,'Fresno','CA','Fresno',0,'Fresno'),(93703,7.975,7.25,0.725,0,0,'Fresno','CA','Fresno',0,'Fresno'),(93702,7.975,7.25,0.725,0,0,'Fresno','CA','Fresno',0,'Fresno'),(93701,7.975,7.25,0.725,0,0,'Fresno','CA','Fresno',0,'Fresno'),(93675,7.975,7.25,0.725,0,0,'Squaw Valley','CA','Fresno',0,'Squaw-Valley'),(93673,7.75,7.25,0.5,0,0,'Traver','CA','Tulare',0,'Traver'),(93670,7.75,7.25,0.5,0,0,'Yettem','CA','Tulare',0,'Yettem'),(93669,7.75,7.25,0.5,0,0,'Wishon','CA','Madera',0,'Wishon'),(93668,7.975,7.25,0.725,0,0,'Tranquillity','CA','Fresno',0,'Tranquillity'),(93667,7.975,7.25,0.725,0,0,'Tollhouse','CA','Fresno',0,'Tollhouse'),(93666,7.75,7.25,0.5,0,0,'Sultana','CA','Tulare',0,'Sultana'),(93665,7.25,7.25,0,0,0,'South Dos Palos','CA','Merced',0,'South-Dos-Palos'),(93664,7.975,7.25,0.725,0,0,'Shaver Lake','CA','Fresno',0,'Shaver-Lake'),(93662,8.475,7.25,0.725,0.5,0,'Selma','CA','Fresno',0,'Selma'),(93661,7.25,7.25,0,0,0,'Santa Rita Park','CA','Merced',0,'Santa-Rita-Park'),(93660,7.975,7.25,0.725,0,0,'San Joaquin','CA','Fresno',0,'San-Joaquin'),(93657,8.725,7.25,0.725,0.75,0,'Sanger','CA','Fresno',0,'Sanger'),(93656,7.975,7.25,0.725,0,0,'Riverdale','CA','Fresno',0,'Riverdale'),(93654,8.475,7.25,0.725,0.5,0,'Reedley','CA','Fresno',0,'Reedley'),(93653,7.75,7.25,0.5,0,0,'Raymond','CA','Madera',0,'Raymond'),(93652,7.975,7.25,0.725,0,0,'Raisin City','CA','Fresno',0,'Raisin-City'),(93651,7.975,7.25,0.725,0,0,'Prather','CA','Fresno',0,'Prather'),(93650,7.975,7.25,0.725,0,0,'Fresno','CA','Fresno',0,'Fresno'),(93649,7.975,7.25,0.725,0,0,'Piedra','CA','Fresno',0,'Piedra'),(93648,7.975,7.25,0.725,0,0,'Parlier','CA','Fresno',0,'Parlier'),(93647,7.75,7.25,0.5,0,0,'Orosi','CA','Tulare',0,'Orosi'),(93646,7.975,7.25,0.725,0,0,'Orange Cove','CA','Fresno',0,'Orange-Cove'),(93645,7.75,7.25,0.5,0,0,'O Neals','CA','Madera',0,'O-Neals'),(93644,7.75,7.25,0.5,0,0,'Oakhurst','CA','Madera',0,'Oakhurst'),(93643,7.75,7.25,0.5,0,0,'North Fork','CA','Madera',0,'North-Fork'),(93642,7.975,7.25,0.725,0,0,'Mono Hot Springs','CA','Fresno',0,'Mono-Hot-Springs'),(93641,7.975,7.25,0.725,0,0,'Miramonte','CA','Fresno',0,'Miramonte'),(93640,7.975,7.25,0.725,0,0,'Mendota','CA','Fresno',0,'Mendota'),(93639,7.75,7.25,0.5,0,0,'Madera','CA','Madera',0,'Madera'),(93638,7.75,7.25,0.5,0,0,'Madera','CA','Madera',0,'Madera'),(93637,7.75,7.25,0.5,0,0,'Madera','CA','Madera',0,'Madera'),(93636,7.75,7.25,0.5,0,0,'Madera','CA','Madera',0,'Madera'),(93635,7.75,7.25,0,0.5,0,'Los Banos','CA','Merced',0,'Los-Banos'),(93634,7.975,7.25,0.725,0,0,'Lakeshore','CA','Fresno',0,'Lakeshore'),(93633,7.75,7.25,0.5,0,0,'Kings Canyon National Pk','CA','Tulare',0,'Kings-Canyon-National-Pk'),(93631,7.975,7.25,0.725,0,0,'Kingsburg','CA','Fresno',0,'Kingsburg'),(93630,7.975,7.25,0.725,0,0,'Kerman','CA','Fresno',0,'Kerman'),(93628,7.975,7.25,0.725,0,0,'Hume','CA','Fresno',0,'Hume'),(93627,7.975,7.25,0.725,0,0,'Helm','CA','Fresno',0,'Helm'),(93626,7.975,7.25,0.725,0,0,'Friant','CA','Fresno',0,'Friant'),(93625,7.975,7.25,0.725,0,0,'Fowler','CA','Fresno',0,'Fowler'),(93624,7.975,7.25,0.725,0,0,'Five Points','CA','Fresno',0,'Five-Points'),(93623,7.75,7.25,0.5,0,0,'Fish Camp','CA','Mariposa',0,'Fish-Camp'),(93622,7.975,7.25,0.725,0,0,'Firebaugh','CA','Fresno',0,'Firebaugh'),(93621,7.975,7.25,0.725,0,0,'Dunlap','CA','Fresno',0,'Dunlap'),(93620,7.25,7.25,0,0,0,'Dos Palos','CA','Merced',0,'Dos-Palos'),(93619,7.975,7.25,0.725,0,0,'Clovis','CA','Fresno',0,'Clovis'),(93618,8.5,7.25,0.5,0.75,0,'Dinuba','CA','Tulare',0,'Dinuba'),(93616,7.975,7.25,0.725,0,0,'Del Rey','CA','Fresno',0,'Del-Rey'),(93615,7.75,7.25,0.5,0,0,'Cutler','CA','Tulare',0,'Cutler'),(93614,7.75,7.25,0.5,0,0,'Coarsegold','CA','Madera',0,'Coarsegold'),(93613,7.975,7.25,0.725,0,0,'Clovis','CA','Fresno',0,'Clovis'),(93612,7.975,7.25,0.725,0,0,'Clovis','CA','Fresno',0,'Clovis'),(93611,7.975,7.25,0.725,0,0,'Clovis','CA','Fresno',0,'Clovis'),(93610,7.75,7.25,0.5,0,0,'Chowchilla','CA','Madera',0,'Chowchilla'),(93609,7.975,7.25,0.725,0,0,'Caruthers','CA','Fresno',0,'Caruthers'),(93608,7.975,7.25,0.725,0,0,'Cantua Creek','CA','Fresno',0,'Cantua-Creek'),(93607,7.975,7.25,0.725,0,0,'Burrel','CA','Fresno',0,'Burrel'),(93606,7.975,7.25,0.725,0,0,'Biola','CA','Fresno',0,'Biola'),(93605,7.975,7.25,0.725,0,0,'Big Creek','CA','Fresno',0,'Big-Creek'),(93604,7.75,7.25,0.5,0,0,'Bass Lake','CA','Madera',0,'Bass-Lake'),(93603,7.75,7.25,0.5,0,0,'Badger','CA','Tulare',0,'Badger'),(93602,7.975,7.25,0.725,0,0,'Auberry','CA','Fresno',0,'Auberry'),(93601,7.75,7.25,0.5,0,0,'Ahwahnee','CA','Madera',0,'Ahwahnee'),(93599,8.75,7.25,1.5,0,0,'Palmdale','CA','Los Angeles',0,'Palmdale'),(93596,7.25,7.25,0,0,0,'Boron','CA','Kern',0,'Boron'),(93592,7.75,7.25,0.5,0,0,'Trona','CA','San Bernardino',0,'Trona'),(93591,8.75,7.25,1.5,0,0,'Palmdale','CA','Los Angeles',0,'Palmdale'),(93590,8.75,7.25,1.5,0,0,'Palmdale','CA','Los Angeles',0,'Palmdale'),(93586,8.75,7.25,1.5,0,0,'Lancaster','CA','Los Angeles',0,'Lancaster'),(93584,8.75,7.25,1.5,0,0,'Lancaster','CA','Los Angeles',0,'Lancaster'),(93581,7.25,7.25,0,0,0,'Tehachapi','CA','Kern',0,'Tehachapi'),(93563,8.75,7.25,1.5,0,0,'Valyermo','CA','Los Angeles',0,'Valyermo'),(93562,7.75,7.25,0.5,0,0,'Trona','CA','San Bernardino',0,'Trona'),(93561,7.25,7.25,0,0,0,'Tehachapi','CA','Kern',0,'Tehachapi'),(93560,7.25,7.25,0,0,0,'Rosamond','CA','Kern',0,'Rosamond'),(93558,7.75,7.25,0.5,0,0,'Red Mountain','CA','San Bernardino',0,'Red-Mountain'),(93556,7.25,7.25,0,0,0,'Ridgecrest','CA','Kern',0,'Ridgecrest'),(93555,7.25,7.25,0,0,0,'Ridgecrest','CA','Kern',0,'Ridgecrest'),(93554,7.25,7.25,0,0,0,'Randsburg','CA','Kern',0,'Randsburg'),(93553,8.75,7.25,1.5,0,0,'Pearblossom','CA','Los Angeles',0,'Pearblossom'),(93552,8.75,7.25,1.5,0,0,'Palmdale','CA','Los Angeles',0,'Palmdale'),(93551,8.75,7.25,1.5,0,0,'Palmdale','CA','Los Angeles',0,'Palmdale'),(93550,8.75,7.25,1.5,0,0,'Palmdale','CA','Los Angeles',0,'Palmdale'),(93549,7.75,7.25,0.5,0,0,'Olancha','CA','Inyo',0,'Olancha'),(93546,7.75,7.25,0,0.5,0,'Mammoth Lakes','CA','Mono',0,'Mammoth-Lakes'),(93545,7.75,7.25,0.5,0,0,'Lone Pine','CA','Inyo',0,'Lone-Pine'),(93544,8.75,7.25,1.5,0,0,'Llano','CA','Los Angeles',0,'Llano'),(93543,8.75,7.25,1.5,0,0,'Littlerock','CA','Los Angeles',0,'Littlerock'),(93542,7.75,7.25,0.5,0,0,'Little Lake','CA','Inyo',0,'Little-Lake'),(93541,7.25,7.25,0,0,0,'Lee Vining','CA','Mono',0,'Lee-Vining'),(93539,8.75,7.25,1.5,0,0,'Lancaster','CA','Los Angeles',0,'Lancaster'),(93536,8.75,7.25,1.5,0,0,'Lancaster','CA','Los Angeles',0,'Lancaster'),(93535,8.75,7.25,1.5,0,0,'Lancaster','CA','Los Angeles',0,'Lancaster'),(93534,8.75,7.25,1.5,0,0,'Lancaster','CA','Los Angeles',0,'Lancaster'),(93532,8.75,7.25,1.5,0,0,'Lake Hughes','CA','Los Angeles',0,'Lake-Hughes'),(93531,7.25,7.25,0,0,0,'Keene','CA','Kern',0,'Keene'),(93530,7.75,7.25,0.5,0,0,'Keeler','CA','Inyo',0,'Keeler'),(93529,7.25,7.25,0,0,0,'June Lake','CA','Mono',0,'June-Lake'),(93528,7.25,7.25,0,0,0,'Johannesburg','CA','Kern',0,'Johannesburg'),(93527,7.25,7.25,0,0,0,'Inyokern','CA','Kern',0,'Inyokern'),(93526,7.75,7.25,0.5,0,0,'Independence','CA','Inyo',0,'Independence'),(93524,7.25,7.25,0,0,0,'Edwards','CA','Kern',0,'Edwards'),(93523,7.25,7.25,0,0,0,'Edwards','CA','Kern',0,'Edwards'),(93522,7.75,7.25,0.5,0,0,'Darwin','CA','Inyo',0,'Darwin'),(93519,7.25,7.25,0,0,0,'Cantil','CA','Kern',0,'Cantil'),(93518,7.25,7.25,0,0,0,'Caliente','CA','Kern',0,'Caliente'),(93517,7.25,7.25,0,0,0,'Bridgeport','CA','Mono',0,'Bridgeport'),(93516,7.25,7.25,0,0,0,'Boron','CA','Kern',0,'Boron'),(93515,7.75,7.25,0.5,0,0,'Bishop','CA','Inyo',0,'Bishop'),(93514,7.75,7.25,0.5,0,0,'Bishop','CA','Inyo',0,'Bishop'),(93513,7.75,7.25,0.5,0,0,'Big Pine','CA','Inyo',0,'Big-Pine'),(93512,7.25,7.25,0,0,0,'Benton','CA','Mono',0,'Benton'),(93510,8.75,7.25,1.5,0,0,'Acton','CA','Los Angeles',0,'Acton'),(93505,7.25,7.25,0,0,0,'California City','CA','Kern',0,'California-City'),(93504,7.25,7.25,0,0,0,'California City','CA','Kern',0,'California-City'),(93502,7.25,7.25,0,0,0,'Mojave','CA','Kern',0,'Mojave'),(93501,7.25,7.25,0,0,0,'Mojave','CA','Kern',0,'Mojave'),(93483,7.75,7.25,0,0.5,0,'Grover Beach','CA','San Luis Obispo',0,'Grover-Beach'),(93475,7.25,7.25,0,0,0,'Oceano','CA','San Luis Obispo',0,'Oceano'),(93465,7.25,7.25,0,0,0,'Templeton','CA','San Luis Obispo',0,'Templeton'),(93464,7.75,7.25,0.5,0,0,'Solvang','CA','Santa Barbara',0,'Solvang'),(93463,7.75,7.25,0.5,0,0,'Solvang','CA','Santa Barbara',0,'Solvang'),(93461,7.25,7.25,0,0,0,'Shandon','CA','San Luis Obispo',0,'Shandon'),(93460,7.75,7.25,0.5,0,0,'Santa Ynez','CA','Santa Barbara',0,'Santa-Ynez'),(93458,7.75,7.25,0.5,0,0,'Santa Maria','CA','Santa Barbara',0,'Santa-Maria'),(93457,7.75,7.25,0.5,0,0,'Santa Maria','CA','Santa Barbara',0,'Santa-Maria'),(93456,7.75,7.25,0.5,0,0,'Santa Maria','CA','Santa Barbara',0,'Santa-Maria'),(93455,7.75,7.25,0.5,0,0,'Santa Maria','CA','Santa Barbara',0,'Santa-Maria'),(93454,7.75,7.25,0.5,0,0,'Santa Maria','CA','Santa Barbara',0,'Santa-Maria'),(93453,7.25,7.25,0,0,0,'Santa Margarita','CA','San Luis Obispo',0,'Santa-Margarita'),(93452,7.25,7.25,0,0,0,'San Simeon','CA','San Luis Obispo',0,'San-Simeon'),(93451,7.25,7.25,0,0,0,'San Miguel','CA','San Luis Obispo',0,'San-Miguel'),(93450,7.25,7.25,0,0,0,'San Ardo','CA','Monterey',0,'San-Ardo'),(93449,7.75,7.25,0,0.5,0,'Pismo Beach','CA','San Luis Obispo',0,'Pismo-Beach'),(93448,7.75,7.25,0,0.5,0,'Pismo Beach','CA','San Luis Obispo',0,'Pismo-Beach'),(93447,7.25,7.25,0,0,0,'Paso Robles','CA','San Luis Obispo',0,'Paso-Robles'),(93446,7.25,7.25,0,0,0,'Paso Robles','CA','San Luis Obispo',0,'Paso-Robles'),(93445,7.25,7.25,0,0,0,'Oceano','CA','San Luis Obispo',0,'Oceano'),(93444,7.25,7.25,0,0,0,'Nipomo','CA','San Luis Obispo',0,'Nipomo'),(93443,7.75,7.25,0,0.5,0,'Morro Bay','CA','San Luis Obispo',0,'Morro-Bay'),(93442,7.75,7.25,0,0.5,0,'Morro Bay','CA','San Luis Obispo',0,'Morro-Bay'),(93441,7.75,7.25,0.5,0,0,'Los Olivos','CA','Santa Barbara',0,'Los-Olivos'),(93440,7.75,7.25,0.5,0,0,'Los Alamos','CA','Santa Barbara',0,'Los-Alamos'),(93438,7.75,7.25,0.5,0,0,'Lompoc','CA','Santa Barbara',0,'Lompoc'),(93437,7.75,7.25,0.5,0,0,'Lompoc','CA','Santa Barbara',0,'Lompoc'),(93436,7.75,7.25,0.5,0,0,'Lompoc','CA','Santa Barbara',0,'Lompoc'),(93435,7.25,7.25,0,0,0,'Harmony','CA','San Luis Obispo',0,'Harmony'),(93434,7.75,7.25,0.5,0,0,'Guadalupe','CA','Santa Barbara',0,'Guadalupe'),(93433,7.75,7.25,0,0.5,0,'Grover Beach','CA','San Luis Obispo',0,'Grover-Beach'),(93432,7.25,7.25,0,0,0,'Creston','CA','San Luis Obispo',0,'Creston'),(93430,7.25,7.25,0,0,0,'Cayucos','CA','San Luis Obispo',0,'Cayucos'),(93429,7.75,7.25,0.5,0,0,'Casmalia','CA','Santa Barbara',0,'Casmalia'),(93428,7.25,7.25,0,0,0,'Cambria','CA','San Luis Obispo',0,'Cambria'),(93427,7.75,7.25,0.5,0,0,'Buellton','CA','Santa Barbara',0,'Buellton'),(93426,7.25,7.25,0,0,0,'Bradley','CA','Monterey',0,'Bradley'),(93424,7.25,7.25,0,0,0,'Avila Beach','CA','San Luis Obispo',0,'Avila-Beach'),(93423,7.25,7.25,0,0,0,'Atascadero','CA','San Luis Obispo',0,'Atascadero'),(93422,7.25,7.25,0,0,0,'Atascadero','CA','San Luis Obispo',0,'Atascadero'),(93421,7.75,7.25,0,0.5,0,'Arroyo Grande','CA','San Luis Obispo',0,'Arroyo-Grande'),(93420,7.75,7.25,0,0.5,0,'Arroyo Grande','CA','San Luis Obispo',0,'Arroyo-Grande'),(93412,7.25,7.25,0,0,0,'Los Osos','CA','San Luis Obispo',0,'Los-Osos'),(93410,7.75,7.25,0,0.5,0,'San Luis Obispo','CA','San Luis Obispo',0,'San-Luis-Obispo'),(93409,7.75,7.25,0,0.5,0,'San Luis Obispo','CA','San Luis Obispo',0,'San-Luis-Obispo'),(93408,7.75,7.25,0,0.5,0,'San Luis Obispo','CA','San Luis Obispo',0,'San-Luis-Obispo'),(93407,7.75,7.25,0,0.5,0,'San Luis Obispo','CA','San Luis Obispo',0,'San-Luis-Obispo'),(93406,7.75,7.25,0,0.5,0,'San Luis Obispo','CA','San Luis Obispo',0,'San-Luis-Obispo'),(93405,7.75,7.25,0,0.5,0,'San Luis Obispo','CA','San Luis Obispo',0,'San-Luis-Obispo'),(93403,7.75,7.25,0,0.5,0,'San Luis Obispo','CA','San Luis Obispo',0,'San-Luis-Obispo'),(93402,7.25,7.25,0,0,0,'Los Osos','CA','San Luis Obispo',0,'Los-Osos'),(93401,7.75,7.25,0,0.5,0,'San Luis Obispo','CA','San Luis Obispo',0,'San-Luis-Obispo'),(93390,7.25,7.25,0,0,0,'Bakersfield','CA','Kern',0,'Bakersfield'),(93389,7.25,7.25,0,0,0,'Bakersfield','CA','Kern',0,'Bakersfield'),(93388,7.25,7.25,0,0,0,'Bakersfield','CA','Kern',0,'Bakersfield'),(93387,7.25,7.25,0,0,0,'Bakersfield','CA','Kern',0,'Bakersfield'),(93386,7.25,7.25,0,0,0,'Bakersfield','CA','Kern',0,'Bakersfield'),(93385,7.25,7.25,0,0,0,'Bakersfield','CA','Kern',0,'Bakersfield'),(93384,7.25,7.25,0,0,0,'Bakersfield','CA','Kern',0,'Bakersfield'),(93383,7.25,7.25,0,0,0,'Bakersfield','CA','Kern',0,'Bakersfield'),(93380,7.25,7.25,0,0,0,'Bakersfield','CA','Kern',0,'Bakersfield'),(93314,7.25,7.25,0,0,0,'Bakersfield','CA','Kern',0,'Bakersfield'),(93313,7.25,7.25,0,0,0,'Bakersfield','CA','Kern',0,'Bakersfield'),(93312,7.25,7.25,0,0,0,'Bakersfield','CA','Kern',0,'Bakersfield'),(93311,7.25,7.25,0,0,0,'Bakersfield','CA','Kern',0,'Bakersfield'),(93309,7.25,7.25,0,0,0,'Bakersfield','CA','Kern',0,'Bakersfield'),(93308,7.25,7.25,0,0,0,'Bakersfield','CA','Kern',0,'Bakersfield'),(93307,7.25,7.25,0,0,0,'Bakersfield','CA','Kern',0,'Bakersfield'),(93306,7.25,7.25,0,0,0,'Bakersfield','CA','Kern',0,'Bakersfield'),(93305,7.25,7.25,0,0,0,'Bakersfield','CA','Kern',0,'Bakersfield'),(93304,7.25,7.25,0,0,0,'Bakersfield','CA','Kern',0,'Bakersfield'),(93303,7.25,7.25,0,0,0,'Bakersfield','CA','Kern',0,'Bakersfield'),(93302,7.25,7.25,0,0,0,'Bakersfield','CA','Kern',0,'Bakersfield'),(93301,7.25,7.25,0,0,0,'Bakersfield','CA','Kern',0,'Bakersfield'),(93292,8,7.25,0.5,0.25,0,'Visalia','CA','Tulare',0,'Visalia'),(93291,8,7.25,0.5,0.25,0,'Visalia','CA','Tulare',0,'Visalia'),(93290,8,7.25,0.5,0.25,0,'Visalia','CA','Tulare',0,'Visalia'),(93287,7.25,7.25,0,0,0,'Woody','CA','Kern',0,'Woody'),(93286,7.75,7.25,0.5,0,0,'Woodlake','CA','Tulare',0,'Woodlake'),(93285,7.25,7.25,0,0,0,'Wofford Heights','CA','Kern',0,'Wofford-Heights'),(93283,7.25,7.25,0,0,0,'Weldon','CA','Kern',0,'Weldon'),(93282,7.75,7.25,0.5,0,0,'Waukena','CA','Tulare',0,'Waukena'),(93280,7.25,7.25,0,0,0,'Wasco','CA','Kern',0,'Wasco'),(93279,8,7.25,0.5,0.25,0,'Visalia','CA','Tulare',0,'Visalia'),(93278,8,7.25,0.5,0.25,0,'Visalia','CA','Tulare',0,'Visalia'),(93277,8,7.25,0.5,0.25,0,'Visalia','CA','Tulare',0,'Visalia'),(93276,7.25,7.25,0,0,0,'Tupman','CA','Kern',0,'Tupman'),(93275,8.25,7.25,0.5,0.5,0,'Tulare','CA','Tulare',0,'Tulare'),(93274,8.25,7.25,0.5,0.5,0,'Tulare','CA','Tulare',0,'Tulare'),(93272,7.75,7.25,0.5,0,0,'Tipton','CA','Tulare',0,'Tipton'),(93271,7.75,7.25,0.5,0,0,'Three Rivers','CA','Tulare',0,'Three-Rivers'),(93270,7.75,7.25,0.5,0,0,'Terra Bella','CA','Tulare',0,'Terra-Bella'),(93268,7.25,7.25,0,0,0,'Taft','CA','Kern',0,'Taft'),(93267,7.75,7.25,0.5,0,0,'Strathmore','CA','Tulare',0,'Strathmore'),(93266,7.25,7.25,0,0,0,'Stratford','CA','Kings',0,'Stratford'),(93265,7.75,7.25,0.5,0,0,'Springville','CA','Tulare',0,'Springville'),(93263,7.25,7.25,0,0,0,'Shafter','CA','Kern',0,'Shafter'),(93262,7.75,7.25,0.5,0,0,'Sequoia National Park','CA','Tulare',0,'Sequoia-National-Park'),(93261,7.75,7.25,0.5,0,0,'Richgrove','CA','Tulare',0,'Richgrove'),(93260,7.75,7.25,0.5,0,0,'Posey','CA','Tulare',0,'Posey'),(93258,8.25,7.25,0.5,0.5,0,'Porterville','CA','Tulare',0,'Porterville'),(93257,8.25,7.25,0.5,0.5,0,'Porterville','CA','Tulare',0,'Porterville'),(93256,7.75,7.25,0.5,0,0,'Pixley','CA','Tulare',0,'Pixley'),(93255,7.25,7.25,0,0,0,'Onyx','CA','Kern',0,'Onyx'),(93254,7.75,7.25,0.5,0,0,'New Cuyama','CA','Santa Barbara',0,'New-Cuyama'),(93252,7.25,7.25,0,0,0,'Maricopa','CA','Kern',0,'Maricopa'),(93251,7.25,7.25,0,0,0,'Mc Kittrick','CA','Kern',0,'Mc-Kittrick'),(93250,7.25,7.25,0,0,0,'Mc Farland','CA','Kern',0,'Mc-Farland'),(93249,7.25,7.25,0,0,0,'Lost Hills','CA','Kern',0,'Lost-Hills'),(93247,7.75,7.25,0.5,0,0,'Lindsay','CA','Tulare',0,'Lindsay'),(93246,7.25,7.25,0,0,0,'Lemoore','CA','Kings',0,'Lemoore'),(93245,7.25,7.25,0,0,0,'Lemoore','CA','Kings',0,'Lemoore'),(93244,7.75,7.25,0.5,0,0,'Lemon Cove','CA','Tulare',0,'Lemon-Cove'),(93243,7.25,7.25,0,0,0,'Lebec','CA','Kern',0,'Lebec'),(93242,7.975,7.25,0.725,0,0,'Laton','CA','Fresno',0,'Laton'),(93241,7.25,7.25,0,0,0,'Lamont','CA','Kern',0,'Lamont'),(93240,7.25,7.25,0,0,0,'Lake Isabella','CA','Kern',0,'Lake-Isabella'),(93239,7.25,7.25,0,0,0,'Kettleman City','CA','Kings',0,'Kettleman-City'),(93238,7.25,7.25,0,0,0,'Kernville','CA','Kern',0,'Kernville'),(93237,7.75,7.25,0.5,0,0,'Kaweah','CA','Tulare',0,'Kaweah'),(93235,7.75,7.25,0.5,0,0,'Ivanhoe','CA','Tulare',0,'Ivanhoe'),(93234,7.975,7.25,0.725,0,0,'Huron','CA','Fresno',0,'Huron'),(93232,7.25,7.25,0,0,0,'Hanford','CA','Kings',0,'Hanford'),(93230,7.25,7.25,0,0,0,'Hanford','CA','Kings',0,'Hanford'),(93227,7.75,7.25,0.5,0,0,'Goshen','CA','Tulare',0,'Goshen'),(93226,7.25,7.25,0,0,0,'Glennville','CA','Kern',0,'Glennville'),(93225,7.25,7.25,0,0,0,'Frazier Park','CA','Kern',0,'Frazier-Park'),(93224,7.25,7.25,0,0,0,'Fellows','CA','Kern',0,'Fellows'),(93223,8.25,7.25,0.5,0.5,0,'Farmersville','CA','Tulare',0,'Farmersville'),(93222,7.25,7.25,0,0,0,'Pine Mountain Club','CA','Kern',0,'Pine-Mountain-Club'),(93221,7.75,7.25,0.5,0,0,'Exeter','CA','Tulare',0,'Exeter'),(93220,7.25,7.25,0,0,0,'Edison','CA','Kern',0,'Edison'),(93219,7.75,7.25,0.5,0,0,'Earlimart','CA','Tulare',0,'Earlimart'),(93218,7.75,7.25,0.5,0,0,'Ducor','CA','Tulare',0,'Ducor'),(93216,8.25,7.25,0,1,0,'Delano','CA','Kern',0,'Delano'),(93215,8.25,7.25,0,1,0,'Delano','CA','Kern',0,'Delano'),(93212,7.25,7.25,0,0,0,'Corcoran','CA','Kings',0,'Corcoran'),(93210,7.975,7.25,0.725,0,0,'Coalinga','CA','Fresno',0,'Coalinga'),(93208,7.75,7.25,0.5,0,0,'Camp Nelson','CA','Tulare',0,'Camp-Nelson'),(93207,7.75,7.25,0.5,0,0,'California Hot Springs','CA','Tulare',0,'California-Hot-Springs'),(93206,7.25,7.25,0,0,0,'Buttonwillow','CA','Kern',0,'Buttonwillow'),(93205,7.25,7.25,0,0,0,'Bodfish','CA','Kern',0,'Bodfish'),(93204,7.25,7.25,0,0,0,'Avenal','CA','Kings',0,'Avenal'),(93203,8.25,7.25,0,1,0,'Arvin','CA','Kern',0,'Arvin'),(93202,7.25,7.25,0,0,0,'Armona','CA','Kings',0,'Armona'),(93201,7.75,7.25,0.5,0,0,'Alpaugh','CA','Tulare',0,'Alpaugh'),(93199,7.75,7.25,0.5,0,0,'Goleta','CA','Santa Barbara',0,'Goleta'),(93190,7.75,7.25,0.5,0,0,'Santa Barbara','CA','Santa Barbara',0,'Santa-Barbara'),(93160,7.75,7.25,0.5,0,0,'Santa Barbara','CA','Santa Barbara',0,'Santa-Barbara'),(93150,7.75,7.25,0.5,0,0,'Santa Barbara','CA','Santa Barbara',0,'Santa-Barbara'),(93140,7.75,7.25,0.5,0,0,'Santa Barbara','CA','Santa Barbara',0,'Santa-Barbara'),(93130,7.75,7.25,0.5,0,0,'Santa Barbara','CA','Santa Barbara',0,'Santa-Barbara'),(93121,7.75,7.25,0.5,0,0,'Santa Barbara','CA','Santa Barbara',0,'Santa-Barbara'),(93120,7.75,7.25,0.5,0,0,'Santa Barbara','CA','Santa Barbara',0,'Santa-Barbara'),(93118,7.75,7.25,0.5,0,0,'Goleta','CA','Santa Barbara',0,'Goleta'),(93117,7.75,7.25,0.5,0,0,'Goleta','CA','Santa Barbara',0,'Goleta'),(93116,7.75,7.25,0.5,0,0,'Goleta','CA','Santa Barbara',0,'Goleta'),(93111,7.75,7.25,0.5,0,0,'Santa Barbara','CA','Santa Barbara',0,'Santa-Barbara'),(93110,7.75,7.25,0.5,0,0,'Santa Barbara','CA','Santa Barbara',0,'Santa-Barbara'),(93109,7.75,7.25,0.5,0,0,'Santa Barbara','CA','Santa Barbara',0,'Santa-Barbara'),(93108,7.75,7.25,0.5,0,0,'Santa Barbara','CA','Santa Barbara',0,'Santa-Barbara'),(93107,7.75,7.25,0.5,0,0,'Santa Barbara','CA','Santa Barbara',0,'Santa-Barbara'),(93106,7.75,7.25,0.5,0,0,'Santa Barbara','CA','Santa Barbara',0,'Santa-Barbara'),(93105,7.75,7.25,0.5,0,0,'Santa Barbara','CA','Santa Barbara',0,'Santa-Barbara'),(93103,7.75,7.25,0.5,0,0,'Santa Barbara','CA','Santa Barbara',0,'Santa-Barbara'),(93102,7.75,7.25,0.5,0,0,'Santa Barbara','CA','Santa Barbara',0,'Santa-Barbara'),(93101,7.75,7.25,0.5,0,0,'Santa Barbara','CA','Santa Barbara',0,'Santa-Barbara'),(93099,7.25,7.25,0,0,0,'Simi Valley','CA','Ventura',0,'Simi-Valley'),(93094,7.25,7.25,0,0,0,'Simi Valley','CA','Ventura',0,'Simi-Valley'),(93067,7.75,7.25,0.5,0,0,'Summerland','CA','Santa Barbara',0,'Summerland'),(93066,7.25,7.25,0,0,0,'Somis','CA','Ventura',0,'Somis'),(93065,7.25,7.25,0,0,0,'Simi Valley','CA','Ventura',0,'Simi-Valley'),(93064,7.25,7.25,0,0,0,'Brandeis','CA','Ventura',0,'Brandeis'),(93063,7.25,7.25,0,0,0,'Simi Valley','CA','Ventura',0,'Simi-Valley'),(93062,7.25,7.25,0,0,0,'Simi Valley','CA','Ventura',0,'Simi-Valley'),(93061,7.25,7.25,0,0,0,'Santa Paula','CA','Ventura',0,'Santa-Paula'),(93060,7.25,7.25,0,0,0,'Santa Paula','CA','Ventura',0,'Santa-Paula'),(93044,7.75,7.25,0,0.5,0,'Port Hueneme','CA','Ventura',0,'Port-Hueneme'),(93043,7.25,7.25,0,0,0,'Port Hueneme Cbc Base','CA','Ventura',0,'Port-Hueneme-Cbc-Base'),(93042,7.25,7.25,0,0,0,'Point Mugu Nawc','CA','Ventura',0,'Point-Mugu-Nawc'),(93041,7.75,7.25,0,0.5,0,'Port Hueneme','CA','Ventura',0,'Port-Hueneme'),(93040,7.25,7.25,0,0,0,'Piru','CA','Ventura',0,'Piru'),(93036,7.75,7.25,0,0.5,0,'Oxnard','CA','Ventura',0,'Oxnard'),(93035,7.75,7.25,0,0.5,0,'Oxnard','CA','Ventura',0,'Oxnard'),(93034,7.75,7.25,0,0.5,0,'Oxnard','CA','Ventura',0,'Oxnard'),(93033,7.75,7.25,0,0.5,0,'Oxnard','CA','Ventura',0,'Oxnard'),(93032,7.75,7.25,0,0.5,0,'Oxnard','CA','Ventura',0,'Oxnard'),(93031,7.75,7.25,0,0.5,0,'Oxnard','CA','Ventura',0,'Oxnard'),(93030,7.75,7.25,0,0.5,0,'Oxnard','CA','Ventura',0,'Oxnard'),(93024,7.25,7.25,0,0,0,'Ojai','CA','Ventura',0,'Ojai'),(93023,7.25,7.25,0,0,0,'Ojai','CA','Ventura',0,'Ojai'),(93022,7.25,7.25,0,0,0,'Oak View','CA','Ventura',0,'Oak-View'),(93021,7.25,7.25,0,0,0,'Moorpark','CA','Ventura',0,'Moorpark'),(93020,7.25,7.25,0,0,0,'Moorpark','CA','Ventura',0,'Moorpark'),(93016,7.25,7.25,0,0,0,'Fillmore','CA','Ventura',0,'Fillmore'),(93015,7.25,7.25,0,0,0,'Fillmore','CA','Ventura',0,'Fillmore'),(93014,7.75,7.25,0.5,0,0,'Carpinteria','CA','Santa Barbara',0,'Carpinteria'),(93013,7.75,7.25,0.5,0,0,'Carpinteria','CA','Santa Barbara',0,'Carpinteria'),(93012,7.25,7.25,0,0,0,'Camarillo','CA','Ventura',0,'Camarillo'),(93011,7.25,7.25,0,0,0,'Camarillo','CA','Ventura',0,'Camarillo'),(93010,7.25,7.25,0,0,0,'Camarillo','CA','Ventura',0,'Camarillo'),(93009,7.25,7.25,0,0,0,'Ventura','CA','Ventura',0,'Ventura'),(93007,7.25,7.25,0,0,0,'Ventura','CA','Ventura',0,'Ventura'),(93006,7.25,7.25,0,0,0,'Ventura','CA','Ventura',0,'Ventura'),(93005,7.25,7.25,0,0,0,'Ventura','CA','Ventura',0,'Ventura'),(93004,7.25,7.25,0,0,0,'Ventura','CA','Ventura',0,'Ventura'),(93003,7.25,7.25,0,0,0,'Ventura','CA','Ventura',0,'Ventura'),(93002,7.25,7.25,0,0,0,'Ventura','CA','Ventura',0,'Ventura'),(93001,7.25,7.25,0,0,0,'Ventura','CA','Ventura',0,'Ventura'),(92899,7.75,7.25,0.5,0,0,'Anaheim','CA','Orange',0,'Anaheim'),(92887,7.75,7.25,0.5,0,0,'Yorba Linda','CA','Orange',0,'Yorba-Linda'),(92886,7.75,7.25,0.5,0,0,'Yorba Linda','CA','Orange',0,'Yorba-Linda'),(92885,7.75,7.25,0.5,0,0,'Yorba Linda','CA','Orange',0,'Yorba-Linda'),(92883,7.75,7.25,0.5,0,0,'Corona','CA','Riverside',0,'Corona'),(92882,7.75,7.25,0.5,0,0,'Corona','CA','Riverside',0,'Corona'),(92881,7.75,7.25,0.5,0,0,'Corona','CA','Riverside',0,'Corona'),(92880,7.75,7.25,0.5,0,0,'Corona','CA','Riverside',0,'Corona'),(92879,7.75,7.25,0.5,0,0,'Corona','CA','Riverside',0,'Corona'),(92878,7.75,7.25,0.5,0,0,'Corona','CA','Riverside',0,'Corona'),(92877,7.75,7.25,0.5,0,0,'Corona','CA','Riverside',0,'Corona'),(92871,7.75,7.25,0.5,0,0,'Placentia','CA','Orange',0,'Placentia'),(92870,7.75,7.25,0.5,0,0,'Placentia','CA','Orange',0,'Placentia'),(92869,7.75,7.25,0.5,0,0,'Orange','CA','Orange',0,'Orange'),(92868,7.75,7.25,0.5,0,0,'Orange','CA','Orange',0,'Orange'),(92867,7.75,7.25,0.5,0,0,'Orange','CA','Orange',0,'Orange'),(92866,7.75,7.25,0.5,0,0,'Orange','CA','Orange',0,'Orange'),(92865,7.75,7.25,0.5,0,0,'Orange','CA','Orange',0,'Orange'),(92864,7.75,7.25,0.5,0,0,'Orange','CA','Orange',0,'Orange'),(92863,7.75,7.25,0.5,0,0,'Orange','CA','Orange',0,'Orange'),(92862,7.75,7.25,0.5,0,0,'Orange','CA','Orange',0,'Orange'),(92861,7.75,7.25,0.5,0,0,'Villa Park','CA','Orange',0,'Villa-Park'),(92860,7.75,7.25,0.5,0,0,'Norco','CA','Riverside',0,'Norco'),(92859,7.75,7.25,0.5,0,0,'Orange','CA','Orange',0,'Orange'),(92857,7.75,7.25,0.5,0,0,'Orange','CA','Orange',0,'Orange'),(92856,7.75,7.25,0.5,0,0,'Orange','CA','Orange',0,'Orange'),(92850,7.75,7.25,0.5,0,0,'Anaheim','CA','Orange',0,'Anaheim'),(92846,7.75,7.25,0.5,0,0,'Garden Grove','CA','Orange',0,'Garden-Grove'),(92845,7.75,7.25,0.5,0,0,'Garden Grove','CA','Orange',0,'Garden-Grove'),(92844,7.75,7.25,0.5,0,0,'Garden Grove','CA','Orange',0,'Garden-Grove'),(92843,7.75,7.25,0.5,0,0,'Garden Grove','CA','Orange',0,'Garden-Grove'),(92842,7.75,7.25,0.5,0,0,'Garden Grove','CA','Orange',0,'Garden-Grove'),(92841,7.75,7.25,0.5,0,0,'Garden Grove','CA','Orange',0,'Garden-Grove'),(92840,7.75,7.25,0.5,0,0,'Garden Grove','CA','Orange',0,'Garden-Grove'),(92838,7.75,7.25,0.5,0,0,'Fullerton','CA','Orange',0,'Fullerton'),(92837,7.75,7.25,0.5,0,0,'Fullerton','CA','Orange',0,'Fullerton'),(92836,7.75,7.25,0.5,0,0,'Fullerton','CA','Orange',0,'Fullerton'),(92835,7.75,7.25,0.5,0,0,'Fullerton','CA','Orange',0,'Fullerton'),(92834,7.75,7.25,0.5,0,0,'Fullerton','CA','Orange',0,'Fullerton'),(92833,7.75,7.25,0.5,0,0,'Fullerton','CA','Orange',0,'Fullerton'),(92832,7.75,7.25,0.5,0,0,'Fullerton','CA','Orange',0,'Fullerton'),(92831,7.75,7.25,0.5,0,0,'Fullerton','CA','Orange',0,'Fullerton'),(92825,7.75,7.25,0.5,0,0,'Anaheim','CA','Orange',0,'Anaheim'),(92823,7.75,7.25,0.5,0,0,'Brea','CA','Orange',0,'Brea'),(92822,7.75,7.25,0.5,0,0,'Brea','CA','Orange',0,'Brea'),(92821,7.75,7.25,0.5,0,0,'Brea','CA','Orange',0,'Brea'),(92817,7.75,7.25,0.5,0,0,'Anaheim','CA','Orange',0,'Anaheim'),(92816,7.75,7.25,0.5,0,0,'Anaheim','CA','Orange',0,'Anaheim'),(92815,7.75,7.25,0.5,0,0,'Anaheim','CA','Orange',0,'Anaheim'),(92814,7.75,7.25,0.5,0,0,'Anaheim','CA','Orange',0,'Anaheim'),(92812,7.75,7.25,0.5,0,0,'Anaheim','CA','Orange',0,'Anaheim'),(92811,7.75,7.25,0.5,0,0,'Atwood','CA','Orange',0,'Atwood'),(92809,7.75,7.25,0.5,0,0,'Anaheim','CA','Orange',0,'Anaheim'),(92808,7.75,7.25,0.5,0,0,'Anaheim','CA','Orange',0,'Anaheim'),(92807,7.75,7.25,0.5,0,0,'Anaheim','CA','Orange',0,'Anaheim'),(92806,7.75,7.25,0.5,0,0,'Anaheim','CA','Orange',0,'Anaheim'),(92805,7.75,7.25,0.5,0,0,'Anaheim','CA','Orange',0,'Anaheim'),(92804,7.75,7.25,0.5,0,0,'Anaheim','CA','Orange',0,'Anaheim'),(92803,7.75,7.25,0.5,0,0,'Anaheim','CA','Orange',0,'Anaheim'),(92802,7.75,7.25,0.5,0,0,'Anaheim','CA','Orange',0,'Anaheim'),(92801,7.75,7.25,0.5,0,0,'Anaheim','CA','Orange',0,'Anaheim'),(92799,7.75,7.25,0.5,0,0,'Santa Ana','CA','Orange',0,'Santa-Ana'),(92782,7.75,7.25,0.5,0,0,'Tustin','CA','Orange',0,'Tustin'),(92781,7.75,7.25,0.5,0,0,'Tustin','CA','Orange',0,'Tustin'),(92780,7.75,7.25,0.5,0,0,'Tustin','CA','Orange',0,'Tustin'),(92735,7.75,7.25,0.5,0,0,'Santa Ana','CA','Orange',0,'Santa-Ana'),(92728,7.75,7.25,0.5,0,0,'Fountain Valley','CA','Orange',0,'Fountain-Valley'),(92725,7.75,7.25,0.5,0,0,'Santa Ana','CA','Orange',0,'Santa-Ana'),(92712,7.75,7.25,0.5,0,0,'Santa Ana','CA','Orange',0,'Santa-Ana'),(92711,7.75,7.25,0.5,0,0,'Santa Ana','CA','Orange',0,'Santa-Ana'),(92708,7.75,7.25,0.5,0,0,'Fountain Valley','CA','Orange',0,'Fountain-Valley'),(92707,7.75,7.25,0.5,0,0,'Santa Ana','CA','Orange',0,'Santa-Ana'),(92706,7.75,7.25,0.5,0,0,'Santa Ana','CA','Orange',0,'Santa-Ana'),(92705,7.75,7.25,0.5,0,0,'Santa Ana','CA','Orange',0,'Santa-Ana'),(92704,7.75,7.25,0.5,0,0,'Santa Ana','CA','Orange',0,'Santa-Ana'),(92703,7.75,7.25,0.5,0,0,'Santa Ana','CA','Orange',0,'Santa-Ana'),(92702,7.75,7.25,0.5,0,0,'Santa Ana','CA','Orange',0,'Santa-Ana'),(92701,7.75,7.25,0.5,0,0,'Santa Ana','CA','Orange',0,'Santa-Ana'),(92698,7.75,7.25,0.5,0,0,'Aliso Viejo','CA','Orange',0,'Aliso-Viejo'),(92697,7.75,7.25,0.5,0,0,'Irvine','CA','Orange',0,'Irvine'),(92694,7.75,7.25,0.5,0,0,'Ladera Ranch','CA','Orange',0,'Ladera-Ranch'),(92693,7.75,7.25,0.5,0,0,'San Juan Capistrano','CA','Orange',0,'San-Juan-Capistrano'),(92692,7.75,7.25,0.5,0,0,'Mission Viejo','CA','Orange',0,'Mission-Viejo'),(92691,7.75,7.25,0.5,0,0,'Mission Viejo','CA','Orange',0,'Mission-Viejo'),(92690,7.75,7.25,0.5,0,0,'Mission Viejo','CA','Orange',0,'Mission-Viejo'),(92688,7.75,7.25,0.5,0,0,'Rancho Santa Margarita','CA','Orange',0,'Rancho-Santa-Margarita'),(92685,7.75,7.25,0.5,0,0,'Westminster','CA','Orange',0,'Westminster'),(92684,7.75,7.25,0.5,0,0,'Westminster','CA','Orange',0,'Westminster'),(92683,7.75,7.25,0.5,0,0,'Westminster','CA','Orange',0,'Westminster'),(92679,7.75,7.25,0.5,0,0,'Trabuco Canyon','CA','Orange',0,'Trabuco-Canyon'),(92678,7.75,7.25,0.5,0,0,'Trabuco Canyon','CA','Orange',0,'Trabuco-Canyon'),(92677,7.75,7.25,0.5,0,0,'Laguna Niguel','CA','Orange',0,'Laguna-Niguel'),(92676,7.75,7.25,0.5,0,0,'Silverado','CA','Orange',0,'Silverado'),(92675,7.75,7.25,0.5,0,0,'San Juan Capistrano','CA','Orange',0,'San-Juan-Capistrano'),(92674,7.75,7.25,0.5,0,0,'San Clemente','CA','Orange',0,'San-Clemente'),(92673,7.75,7.25,0.5,0,0,'San Clemente','CA','Orange',0,'San-Clemente'),(92672,7.75,7.25,0.5,0,0,'San Clemente','CA','Orange',0,'San-Clemente'),(92663,7.75,7.25,0.5,0,0,'Newport Beach','CA','Orange',0,'Newport-Beach'),(92662,7.75,7.25,0.5,0,0,'Newport Beach','CA','Orange',0,'Newport-Beach'),(92661,7.75,7.25,0.5,0,0,'Newport Beach','CA','Orange',0,'Newport-Beach'),(92660,7.75,7.25,0.5,0,0,'Newport Beach','CA','Orange',0,'Newport-Beach'),(92659,7.75,7.25,0.5,0,0,'Newport Beach','CA','Orange',0,'Newport-Beach'),(92658,7.75,7.25,0.5,0,0,'Newport Beach','CA','Orange',0,'Newport-Beach'),(92657,7.75,7.25,0.5,0,0,'Newport Coast','CA','Orange',0,'Newport-Coast'),(92656,7.75,7.25,0.5,0,0,'Aliso Viejo','CA','Orange',0,'Aliso-Viejo'),(92655,7.75,7.25,0.5,0,0,'Midway City','CA','Orange',0,'Midway-City'),(92654,7.75,7.25,0.5,0,0,'Laguna Hills','CA','Orange',0,'Laguna-Hills'),(92653,7.75,7.25,0.5,0,0,'Laguna Hills','CA','Orange',0,'Laguna-Hills'),(92652,7.75,7.25,0.5,0,0,'Laguna Beach','CA','Orange',0,'Laguna-Beach'),(92651,7.75,7.25,0.5,0,0,'Laguna Beach','CA','Orange',0,'Laguna-Beach'),(92650,7.75,7.25,0.5,0,0,'East Irvine','CA','Orange',0,'East-Irvine'),(92649,7.75,7.25,0.5,0,0,'Huntington Beach','CA','Orange',0,'Huntington-Beach'),(92648,7.75,7.25,0.5,0,0,'Huntington Beach','CA','Orange',0,'Huntington-Beach'),(92647,7.75,7.25,0.5,0,0,'Huntington Beach','CA','Orange',0,'Huntington-Beach'),(92646,7.75,7.25,0.5,0,0,'Huntington Beach','CA','Orange',0,'Huntington-Beach'),(92637,7.75,7.25,0.5,0,0,'Laguna Woods','CA','Orange',0,'Laguna-Woods'),(92630,7.75,7.25,0.5,0,0,'Lake Forest','CA','Orange',0,'Lake-Forest'),(92629,7.75,7.25,0.5,0,0,'Dana Point','CA','Orange',0,'Dana-Point'),(92628,7.75,7.25,0.5,0,0,'Costa Mesa','CA','Orange',0,'Costa-Mesa'),(92627,7.75,7.25,0.5,0,0,'Costa Mesa','CA','Orange',0,'Costa-Mesa'),(92626,7.75,7.25,0.5,0,0,'Costa Mesa','CA','Orange',0,'Costa-Mesa'),(92625,7.75,7.25,0.5,0,0,'Corona Del Mar','CA','Orange',0,'Corona-Del-Mar'),(92624,7.75,7.25,0.5,0,0,'Capistrano Beach','CA','Orange',0,'Capistrano-Beach'),(92623,7.75,7.25,0.5,0,0,'Irvine','CA','Orange',0,'Irvine'),(92620,7.75,7.25,0.5,0,0,'Irvine','CA','Orange',0,'Irvine'),(92619,7.75,7.25,0.5,0,0,'Irvine','CA','Orange',0,'Irvine'),(92618,7.75,7.25,0.5,0,0,'Irvine','CA','Orange',0,'Irvine'),(92617,7.75,7.25,0.5,0,0,'Irvine','CA','Orange',0,'Irvine'),(92616,7.75,7.25,0.5,0,0,'Irvine','CA','Orange',0,'Irvine'),(92615,7.75,7.25,0.5,0,0,'Huntington Beach','CA','Orange',0,'Huntington-Beach'),(92614,7.75,7.25,0.5,0,0,'Irvine','CA','Orange',0,'Irvine'),(92612,7.75,7.25,0.5,0,0,'Irvine','CA','Orange',0,'Irvine'),(92610,7.75,7.25,0.5,0,0,'Foothill Ranch','CA','Orange',0,'Foothill-Ranch'),(92609,7.75,7.25,0.5,0,0,'El Toro','CA','Orange',0,'El-Toro'),(92607,7.75,7.25,0.5,0,0,'Laguna Niguel','CA','Orange',0,'Laguna-Niguel'),(92606,7.75,7.25,0.5,0,0,'Irvine','CA','Orange',0,'Irvine'),(92605,7.75,7.25,0.5,0,0,'Huntington Beach','CA','Orange',0,'Huntington-Beach'),(92604,7.75,7.25,0.5,0,0,'Irvine','CA','Orange',0,'Irvine'),(92603,7.75,7.25,0.5,0,0,'Irvine','CA','Orange',0,'Irvine'),(92602,7.75,7.25,0.5,0,0,'Irvine','CA','Orange',0,'Irvine'),(92599,7.75,7.25,0.5,0,0,'Perris','CA','Riverside',0,'Perris'),(92596,7.75,7.25,0.5,0,0,'Winchester','CA','Riverside',0,'Winchester'),(92595,7.75,7.25,0.5,0,0,'Wildomar','CA','Riverside',0,'Wildomar'),(92593,7.75,7.25,0.5,0,0,'Temecula','CA','Riverside',0,'Temecula'),(92592,7.75,7.25,0.5,0,0,'Temecula','CA','Riverside',0,'Temecula'),(92591,7.75,7.25,0.5,0,0,'Temecula','CA','Riverside',0,'Temecula'),(92590,7.75,7.25,0.5,0,0,'Temecula','CA','Riverside',0,'Temecula'),(92589,7.75,7.25,0.5,0,0,'Temecula','CA','Riverside',0,'Temecula'),(92587,7.75,7.25,0.5,0,0,'Sun City','CA','Riverside',0,'Sun-City'),(92586,7.75,7.25,0.5,0,0,'Sun City','CA','Riverside',0,'Sun-City'),(92585,7.75,7.25,0.5,0,0,'Sun City','CA','Riverside',0,'Sun-City'),(92584,7.75,7.25,0.5,0,0,'Menifee','CA','Riverside',0,'Menifee'),(92583,7.75,7.25,0.5,0,0,'San Jacinto','CA','Riverside',0,'San-Jacinto'),(92582,7.75,7.25,0.5,0,0,'San Jacinto','CA','Riverside',0,'San-Jacinto'),(92581,7.75,7.25,0.5,0,0,'San Jacinto','CA','Riverside',0,'San-Jacinto'),(92572,7.75,7.25,0.5,0,0,'Perris','CA','Riverside',0,'Perris'),(92571,7.75,7.25,0.5,0,0,'Perris','CA','Riverside',0,'Perris'),(92570,7.75,7.25,0.5,0,0,'Perris','CA','Riverside',0,'Perris'),(92567,7.75,7.25,0.5,0,0,'Nuevo','CA','Riverside',0,'Nuevo'),(92564,7.75,7.25,0.5,0,0,'Murrieta','CA','Riverside',0,'Murrieta'),(92563,7.75,7.25,0.5,0,0,'Murrieta','CA','Riverside',0,'Murrieta'),(92562,7.75,7.25,0.5,0,0,'Murrieta','CA','Riverside',0,'Murrieta'),(92561,7.75,7.25,0.5,0,0,'Mountain Center','CA','Riverside',0,'Mountain-Center'),(92557,7.75,7.25,0.5,0,0,'Moreno Valley','CA','Riverside',0,'Moreno-Valley'),(92556,7.75,7.25,0.5,0,0,'Moreno Valley','CA','Riverside',0,'Moreno-Valley'),(92555,7.75,7.25,0.5,0,0,'Moreno Valley','CA','Riverside',0,'Moreno-Valley'),(92554,7.75,7.25,0.5,0,0,'Moreno Valley','CA','Riverside',0,'Moreno-Valley'),(92553,7.75,7.25,0.5,0,0,'Moreno Valley','CA','Riverside',0,'Moreno-Valley'),(92552,7.75,7.25,0.5,0,0,'Moreno Valley','CA','Riverside',0,'Moreno-Valley'),(92551,7.75,7.25,0.5,0,0,'Moreno Valley','CA','Riverside',0,'Moreno-Valley'),(92549,7.75,7.25,0.5,0,0,'Idyllwild','CA','Riverside',0,'Idyllwild'),(92548,7.75,7.25,0.5,0,0,'Homeland','CA','Riverside',0,'Homeland'),(92546,7.75,7.25,0.5,0,0,'Hemet','CA','Riverside',0,'Hemet'),(92545,7.75,7.25,0.5,0,0,'Hemet','CA','Riverside',0,'Hemet'),(92544,7.75,7.25,0.5,0,0,'Hemet','CA','Riverside',0,'Hemet'),(92543,7.75,7.25,0.5,0,0,'Hemet','CA','Riverside',0,'Hemet'),(92539,7.75,7.25,0.5,0,0,'Anza','CA','Riverside',0,'Anza'),(92536,7.75,7.25,0.5,0,0,'Aguanga','CA','Riverside',0,'Aguanga'),(92532,7.75,7.25,0.5,0,0,'Lake Elsinore','CA','Riverside',0,'Lake-Elsinore'),(92531,7.75,7.25,0.5,0,0,'Lake Elsinore','CA','Riverside',0,'Lake-Elsinore'),(92530,7.75,7.25,0.5,0,0,'Lake Elsinore','CA','Riverside',0,'Lake-Elsinore'),(92522,7.75,7.25,0.5,0,0,'Riverside','CA','Riverside',0,'Riverside'),(92521,7.75,7.25,0.5,0,0,'Riverside','CA','Riverside',0,'Riverside'),(92519,7.75,7.25,0.5,0,0,'Riverside','CA','Riverside',0,'Riverside'),(92518,7.75,7.25,0.5,0,0,'March Air Reserve Base','CA','Riverside',0,'March-Air-Reserve-Base'),(92517,7.75,7.25,0.5,0,0,'Riverside','CA','Riverside',0,'Riverside'),(92516,7.75,7.25,0.5,0,0,'Riverside','CA','Riverside',0,'Riverside'),(92515,7.75,7.25,0.5,0,0,'Riverside','CA','Riverside',0,'Riverside'),(92514,7.75,7.25,0.5,0,0,'Riverside','CA','Riverside',0,'Riverside'),(92513,7.75,7.25,0.5,0,0,'Riverside','CA','Riverside',0,'Riverside'),(92509,7.75,7.25,0.5,0,0,'Riverside','CA','Riverside',0,'Riverside'),(92508,7.75,7.25,0.5,0,0,'Riverside','CA','Riverside',0,'Riverside'),(92507,7.75,7.25,0.5,0,0,'Riverside','CA','Riverside',0,'Riverside'),(92506,7.75,7.25,0.5,0,0,'Riverside','CA','Riverside',0,'Riverside'),(92505,7.75,7.25,0.5,0,0,'Riverside','CA','Riverside',0,'Riverside'),(92504,7.75,7.25,0.5,0,0,'Riverside','CA','Riverside',0,'Riverside'),(92503,7.75,7.25,0.5,0,0,'Riverside','CA','Riverside',0,'Riverside'),(92502,7.75,7.25,0.5,0,0,'Riverside','CA','Riverside',0,'Riverside'),(92501,7.75,7.25,0.5,0,0,'Riverside','CA','Riverside',0,'Riverside'),(92427,8,7.25,0.5,0.25,0,'San Bernardino','CA','San Bernardino',0,'San-Bernardino'),(92424,8,7.25,0.5,0.25,0,'San Bernardino','CA','San Bernardino',0,'San-Bernardino'),(92423,8,7.25,0.5,0.25,0,'San Bernardino','CA','San Bernardino',0,'San-Bernardino'),(92418,8,7.25,0.5,0.25,0,'San Bernardino','CA','San Bernardino',0,'San-Bernardino'),(92415,8,7.25,0.5,0.25,0,'San Bernardino','CA','San Bernardino',0,'San-Bernardino'),(92414,8,7.25,0.5,0.25,0,'San Bernardino','CA','San Bernardino',0,'San-Bernardino'),(92413,8,7.25,0.5,0.25,0,'San Bernardino','CA','San Bernardino',0,'San-Bernardino'),(92412,8,7.25,0.5,0.25,0,'San Bernardino','CA','San Bernardino',0,'San-Bernardino'),(92411,8,7.25,0.5,0.25,0,'San Bernardino','CA','San Bernardino',0,'San-Bernardino'),(92410,8,7.25,0.5,0.25,0,'San Bernardino','CA','San Bernardino',0,'San-Bernardino'),(92408,8,7.25,0.5,0.25,0,'San Bernardino','CA','San Bernardino',0,'San-Bernardino'),(92407,8,7.25,0.5,0.25,0,'San Bernardino','CA','San Bernardino',0,'San-Bernardino'),(92406,8,7.25,0.5,0.25,0,'San Bernardino','CA','San Bernardino',0,'San-Bernardino'),(92405,8,7.25,0.5,0.25,0,'San Bernardino','CA','San Bernardino',0,'San-Bernardino'),(92404,8,7.25,0.5,0.25,0,'San Bernardino','CA','San Bernardino',0,'San-Bernardino'),(92403,8,7.25,0.5,0.25,0,'San Bernardino','CA','San Bernardino',0,'San-Bernardino'),(92402,8,7.25,0.5,0.25,0,'San Bernardino','CA','San Bernardino',0,'San-Bernardino'),(92401,8,7.25,0.5,0.25,0,'San Bernardino','CA','San Bernardino',0,'San-Bernardino'),(92399,7.75,7.25,0.5,0,0,'Yucaipa','CA','San Bernardino',0,'Yucaipa'),(92398,7.75,7.25,0.5,0,0,'Yermo','CA','San Bernardino',0,'Yermo'),(92397,7.75,7.25,0.5,0,0,'Wrightwood','CA','San Bernardino',0,'Wrightwood'),(92395,7.75,7.25,0.5,0,0,'Victorville','CA','San Bernardino',0,'Victorville'),(92394,7.75,7.25,0.5,0,0,'Victorville','CA','San Bernardino',0,'Victorville'),(92393,7.75,7.25,0.5,0,0,'Victorville','CA','San Bernardino',0,'Victorville'),(92392,7.75,7.25,0.5,0,0,'Victorville','CA','San Bernardino',0,'Victorville'),(92391,7.75,7.25,0.5,0,0,'Twin Peaks','CA','San Bernardino',0,'Twin-Peaks'),(92389,7.75,7.25,0.5,0,0,'Tecopa','CA','Inyo',0,'Tecopa'),(92386,7.75,7.25,0.5,0,0,'Sugarloaf','CA','San Bernardino',0,'Sugarloaf'),(92385,7.75,7.25,0.5,0,0,'Skyforest','CA','San Bernardino',0,'Skyforest'),(92384,7.75,7.25,0.5,0,0,'Shoshone','CA','Inyo',0,'Shoshone'),(92382,7.75,7.25,0.5,0,0,'Running Springs','CA','San Bernardino',0,'Running-Springs'),(92378,7.75,7.25,0.5,0,0,'Rimforest','CA','San Bernardino',0,'Rimforest'),(92377,7.75,7.25,0.5,0,0,'Rialto','CA','San Bernardino',0,'Rialto'),(92376,7.75,7.25,0.5,0,0,'Rialto','CA','San Bernardino',0,'Rialto'),(92375,7.75,7.25,0.5,0,0,'Redlands','CA','San Bernardino',0,'Redlands'),(92374,7.75,7.25,0.5,0,0,'Redlands','CA','San Bernardino',0,'Redlands'),(92373,7.75,7.25,0.5,0,0,'Redlands','CA','San Bernardino',0,'Redlands'),(92372,7.75,7.25,0.5,0,0,'Pinon Hills','CA','San Bernardino',0,'Pinon-Hills'),(92371,7.75,7.25,0.5,0,0,'Phelan','CA','San Bernardino',0,'Phelan'),(92369,7.75,7.25,0.5,0,0,'Patton','CA','San Bernardino',0,'Patton'),(92368,7.75,7.25,0.5,0,0,'Oro Grande','CA','San Bernardino',0,'Oro-Grande'),(92366,7.75,7.25,0.5,0,0,'Mountain Pass','CA','San Bernardino',0,'Mountain-Pass'),(92365,7.75,7.25,0.5,0,0,'Newberry Springs','CA','San Bernardino',0,'Newberry-Springs'),(92364,7.75,7.25,0.5,0,0,'Nipton','CA','San Bernardino',0,'Nipton'),(92363,7.75,7.25,0.5,0,0,'Needles','CA','San Bernardino',0,'Needles'),(92359,7.75,7.25,0.5,0,0,'Mentone','CA','San Bernardino',0,'Mentone'),(92358,7.75,7.25,0.5,0,0,'Lytle Creek','CA','San Bernardino',0,'Lytle-Creek'),(92357,7.75,7.25,0.5,0,0,'Loma Linda','CA','San Bernardino',0,'Loma-Linda'),(92356,7.75,7.25,0.5,0,0,'Lucerne Valley','CA','San Bernardino',0,'Lucerne-Valley'),(92354,7.75,7.25,0.5,0,0,'Loma Linda','CA','San Bernardino',0,'Loma-Linda'),(92352,7.75,7.25,0.5,0,0,'Lake Arrowhead','CA','San Bernardino',0,'Lake-Arrowhead'),(92350,7.75,7.25,0.5,0,0,'Loma Linda','CA','San Bernardino',0,'Loma-Linda'),(92347,7.75,7.25,0.5,0,0,'Hinkley','CA','San Bernardino',0,'Hinkley'),(92346,7.75,7.25,0.5,0,0,'Highland','CA','San Bernardino',0,'Highland'),(92345,7.75,7.25,0.5,0,0,'Hesperia','CA','San Bernardino',0,'Hesperia'),(92344,7.75,7.25,0.5,0,0,'Hesperia','CA','San Bernardino',0,'Hesperia'),(92342,7.75,7.25,0.5,0,0,'Helendale','CA','San Bernardino',0,'Helendale'),(92341,7.75,7.25,0.5,0,0,'Green Valley Lake','CA','San Bernardino',0,'Green-Valley-Lake'),(92340,7.75,7.25,0.5,0,0,'Hesperia','CA','San Bernardino',0,'Hesperia'),(92339,7.75,7.25,0.5,0,0,'Forest Falls','CA','San Bernardino',0,'Forest-Falls'),(92338,7.75,7.25,0.5,0,0,'Ludlow','CA','San Bernardino',0,'Ludlow'),(92337,7.75,7.25,0.5,0,0,'Fontana','CA','San Bernardino',0,'Fontana'),(92336,7.75,7.25,0.5,0,0,'Fontana','CA','San Bernardino',0,'Fontana'),(92335,7.75,7.25,0.5,0,0,'Fontana','CA','San Bernardino',0,'Fontana'),(92334,7.75,7.25,0.5,0,0,'Fontana','CA','San Bernardino',0,'Fontana'),(92333,7.75,7.25,0.5,0,0,'Fawnskin','CA','San Bernardino',0,'Fawnskin'),(92332,7.75,7.25,0.5,0,0,'Essex','CA','San Bernardino',0,'Essex'),(92331,7.75,7.25,0.5,0,0,'Fontana','CA','San Bernardino',0,'Fontana'),(92329,7.75,7.25,0.5,0,0,'Phelan','CA','San Bernardino',0,'Phelan'),(92328,7.75,7.25,0.5,0,0,'Death Valley','CA','Inyo',0,'Death-Valley'),(92327,7.75,7.25,0.5,0,0,'Daggett','CA','San Bernardino',0,'Daggett'),(92326,7.75,7.25,0.5,0,0,'Crest Park','CA','San Bernardino',0,'Crest-Park'),(92325,7.75,7.25,0.5,0,0,'Crestline','CA','San Bernardino',0,'Crestline'),(92324,7.75,7.25,0.5,0,0,'Colton','CA','San Bernardino',0,'Colton'),(92323,7.75,7.25,0.5,0,0,'Cima','CA','San Bernardino',0,'Cima'),(92322,7.75,7.25,0.5,0,0,'Cedarpines Park','CA','San Bernardino',0,'Cedarpines-Park'),(92321,7.75,7.25,0.5,0,0,'Cedar Glen','CA','San Bernardino',0,'Cedar-Glen'),(92320,7.75,7.25,0.5,0,0,'Calimesa','CA','Riverside',0,'Calimesa'),(92318,7.75,7.25,0.5,0,0,'Bryn Mawr','CA','San Bernardino',0,'Bryn-Mawr'),(92317,7.75,7.25,0.5,0,0,'Blue Jay','CA','San Bernardino',0,'Blue-Jay'),(92316,7.75,7.25,0.5,0,0,'Bloomington','CA','San Bernardino',0,'Bloomington'),(92315,7.75,7.25,0.5,0,0,'Big Bear Lake','CA','San Bernardino',0,'Big-Bear-Lake'),(92314,7.75,7.25,0.5,0,0,'Big Bear City','CA','San Bernardino',0,'Big-Bear-City'),(92313,7.75,7.25,0.5,0,0,'Grand Terrace','CA','San Bernardino',0,'Grand-Terrace'),(92312,7.75,7.25,0.5,0,0,'Barstow','CA','San Bernardino',0,'Barstow'),(92311,7.75,7.25,0.5,0,0,'Barstow','CA','San Bernardino',0,'Barstow'),(92310,7.75,7.25,0.5,0,0,'Fort Irwin','CA','San Bernardino',0,'Fort-Irwin'),(92309,7.75,7.25,0.5,0,0,'Baker','CA','San Bernardino',0,'Baker'),(92308,7.75,7.25,0.5,0,0,'Apple Valley','CA','San Bernardino',0,'Apple-Valley'),(92307,7.75,7.25,0.5,0,0,'Apple Valley','CA','San Bernardino',0,'Apple-Valley'),(92305,7.75,7.25,0.5,0,0,'Angelus Oaks','CA','San Bernardino',0,'Angelus-Oaks'),(92304,7.75,7.25,0.5,0,0,'Amboy','CA','San Bernardino',0,'Amboy'),(92301,7.75,7.25,0.5,0,0,'Adelanto','CA','San Bernardino',0,'Adelanto'),(92286,7.75,7.25,0.5,0,0,'Yucca Valley','CA','San Bernardino',0,'Yucca-Valley'),(92285,7.75,7.25,0.5,0,0,'Landers','CA','San Bernardino',0,'Landers'),(92284,7.75,7.25,0.5,0,0,'Yucca Valley','CA','San Bernardino',0,'Yucca-Valley'),(92283,7.75,7.25,0.5,0,0,'Winterhaven','CA','Imperial',0,'Winterhaven'),(92282,7.75,7.25,0.5,0,0,'Whitewater','CA','Riverside',0,'Whitewater'),(92281,7.75,7.25,0.5,0,0,'Westmorland','CA','Imperial',0,'Westmorland'),(92280,7.75,7.25,0.5,0,0,'Vidal','CA','San Bernardino',0,'Vidal'),(92278,7.75,7.25,0.5,0,0,'Twentynine Palms','CA','San Bernardino',0,'Twentynine-Palms'),(92277,7.75,7.25,0.5,0,0,'Twentynine Palms','CA','San Bernardino',0,'Twentynine-Palms'),(92276,7.75,7.25,0.5,0,0,'Thousand Palms','CA','Riverside',0,'Thousand-Palms'),(92275,7.75,7.25,0.5,0,0,'Salton City','CA','Imperial',0,'Salton-City'),(92274,7.75,7.25,0.5,0,0,'Thermal','CA','Riverside',0,'Thermal'),(92273,7.75,7.25,0.5,0,0,'Seeley','CA','Imperial',0,'Seeley'),(92270,7.75,7.25,0.5,0,0,'Rancho Mirage','CA','Riverside',0,'Rancho-Mirage'),(92268,7.75,7.25,0.5,0,0,'Pioneertown','CA','San Bernardino',0,'Pioneertown'),(92267,7.75,7.25,0.5,0,0,'Parker Dam','CA','San Bernardino',0,'Parker-Dam'),(92266,7.75,7.25,0.5,0,0,'Palo Verde','CA','Imperial',0,'Palo-Verde'),(92264,7.75,7.25,0.5,0,0,'Palm Springs','CA','Riverside',0,'Palm-Springs'),(92263,7.75,7.25,0.5,0,0,'Palm Springs','CA','Riverside',0,'Palm-Springs'),(92262,7.75,7.25,0.5,0,0,'Palm Springs','CA','Riverside',0,'Palm-Springs'),(92261,7.75,7.25,0.5,0,0,'Palm Desert','CA','Riverside',0,'Palm-Desert'),(92260,7.75,7.25,0.5,0,0,'Palm Desert','CA','Riverside',0,'Palm-Desert'),(92259,7.75,7.25,0.5,0,0,'Ocotillo','CA','Imperial',0,'Ocotillo'),(92258,7.75,7.25,0.5,0,0,'North Palm Springs','CA','Riverside',0,'North-Palm-Springs'),(92257,7.75,7.25,0.5,0,0,'Niland','CA','Imperial',0,'Niland'),(92256,7.75,7.25,0.5,0,0,'Morongo Valley','CA','San Bernardino',0,'Morongo-Valley'),(92255,7.75,7.25,0.5,0,0,'Palm Desert','CA','Riverside',0,'Palm-Desert'),(92254,7.75,7.25,0.5,0,0,'Mecca','CA','Riverside',0,'Mecca'),(92253,7.75,7.25,0.5,0,0,'La Quinta','CA','Riverside',0,'La-Quinta'),(92252,7.75,7.25,0.5,0,0,'Joshua Tree','CA','San Bernardino',0,'Joshua-Tree'),(92251,7.75,7.25,0.5,0,0,'Imperial','CA','Imperial',0,'Imperial'),(92250,7.75,7.25,0.5,0,0,'Holtville','CA','Imperial',0,'Holtville'),(92249,7.75,7.25,0.5,0,0,'Heber','CA','Imperial',0,'Heber'),(92248,7.75,7.25,0.5,0,0,'La Quinta','CA','Riverside',0,'La-Quinta'),(92247,7.75,7.25,0.5,0,0,'La Quinta','CA','Riverside',0,'La-Quinta'),(92244,7.75,7.25,0.5,0,0,'El Centro','CA','Imperial',0,'El-Centro'),(92243,7.75,7.25,0.5,0,0,'El Centro','CA','Imperial',0,'El-Centro'),(92242,7.75,7.25,0.5,0,0,'Earp','CA','San Bernardino',0,'Earp'),(92241,7.75,7.25,0.5,0,0,'Desert Hot Springs','CA','Riverside',0,'Desert-Hot-Springs'),(92240,7.75,7.25,0.5,0,0,'Desert Hot Springs','CA','Riverside',0,'Desert-Hot-Springs'),(92239,7.75,7.25,0.5,0,0,'Desert Center','CA','Riverside',0,'Desert-Center'),(92236,7.75,7.25,0.5,0,0,'Coachella','CA','Riverside',0,'Coachella'),(92235,8.75,7.25,0.5,1,0,'Cathedral City','CA','Riverside',0,'Cathedral-City'),(92234,8.75,7.25,0.5,1,0,'Cathedral City','CA','Riverside',0,'Cathedral-City'),(92233,7.75,7.25,0.5,0,0,'Calipatria','CA','Imperial',0,'Calipatria'),(92232,8.25,7.25,0.5,0.5,0,'Calexico','CA','Imperial',0,'Calexico'),(92231,8.25,7.25,0.5,0.5,0,'Calexico','CA','Imperial',0,'Calexico'),(92230,7.75,7.25,0.5,0,0,'Cabazon','CA','Riverside',0,'Cabazon'),(92227,7.75,7.25,0.5,0,0,'Brawley','CA','Imperial',0,'Brawley'),(92226,7.75,7.25,0.5,0,0,'Blythe','CA','Riverside',0,'Blythe'),(92225,7.75,7.25,0.5,0,0,'Blythe','CA','Riverside',0,'Blythe'),(92223,7.75,7.25,0.5,0,0,'Beaumont','CA','Riverside',0,'Beaumont'),(92222,7.75,7.25,0.5,0,0,'Bard','CA','Imperial',0,'Bard'),(92220,7.75,7.25,0.5,0,0,'Banning','CA','Riverside',0,'Banning'),(92211,7.75,7.25,0.5,0,0,'Palm Desert','CA','Riverside',0,'Palm-Desert'),(92210,7.75,7.25,0.5,0,0,'Indian Wells','CA','Riverside',0,'Indian-Wells'),(92203,7.75,7.25,0.5,0,0,'Indio','CA','Riverside',0,'Indio'),(92202,7.75,7.25,0.5,0,0,'Indio','CA','Riverside',0,'Indio'),(92201,7.75,7.25,0.5,0,0,'Indio','CA','Riverside',0,'Indio'),(92199,7.75,7.25,0.5,0,0,'San Diego','CA','San Diego',0,'San-Diego'),(92198,7.75,7.25,0.5,0,0,'San Diego','CA','San Diego',0,'San-Diego'),(92197,7.75,7.25,0.5,0,0,'San Diego','CA','San Diego',0,'San-Diego'),(92196,7.75,7.25,0.5,0,0,'San Diego','CA','San Diego',0,'San-Diego'),(92195,7.75,7.25,0.5,0,0,'San Diego','CA','San Diego',0,'San-Diego'),(92193,7.75,7.25,0.5,0,0,'San Diego','CA','San Diego',0,'San-Diego'),(92192,7.75,7.25,0.5,0,0,'San Diego','CA','San Diego',0,'San-Diego'),(92191,7.75,7.25,0.5,0,0,'San Diego','CA','San Diego',0,'San-Diego'),(92190,7.75,7.25,0.5,0,0,'San Diego','CA','San Diego',0,'San-Diego'),(92187,7.75,7.25,0.5,0,0,'San Diego','CA','San Diego',0,'San-Diego'),(92186,7.75,7.25,0.5,0,0,'San Diego','CA','San Diego',0,'San-Diego'),(92184,7.75,7.25,0.5,0,0,'San Diego','CA','San Diego',0,'San-Diego'),(92182,7.75,7.25,0.5,0,0,'San Diego','CA','San Diego',0,'San-Diego'),(92179,7.75,7.25,0.5,0,0,'San Diego','CA','San Diego',0,'San-Diego'),(92178,7.75,7.25,0.5,0,0,'Coronado','CA','San Diego',0,'Coronado'),(92177,7.75,7.25,0.5,0,0,'San Diego','CA','San Diego',0,'San-Diego'),(92176,7.75,7.25,0.5,0,0,'San Diego','CA','San Diego',0,'San-Diego'),(92175,7.75,7.25,0.5,0,0,'San Diego','CA','San Diego',0,'San-Diego'),(92174,7.75,7.25,0.5,0,0,'San Diego','CA','San Diego',0,'San-Diego'),(92173,7.75,7.25,0.5,0,0,'San Ysidro','CA','San Diego',0,'San-Ysidro'),(92172,7.75,7.25,0.5,0,0,'San Diego','CA','San Diego',0,'San-Diego'),(92171,7.75,7.25,0.5,0,0,'San Diego','CA','San Diego',0,'San-Diego'),(92170,7.75,7.25,0.5,0,0,'San Diego','CA','San Diego',0,'San-Diego'),(92169,7.75,7.25,0.5,0,0,'San Diego','CA','San Diego',0,'San-Diego'),(92168,7.75,7.25,0.5,0,0,'San Diego','CA','San Diego',0,'San-Diego'),(92167,7.75,7.25,0.5,0,0,'San Diego','CA','San Diego',0,'San-Diego'),(92166,7.75,7.25,0.5,0,0,'San Diego','CA','San Diego',0,'San-Diego'),(92165,7.75,7.25,0.5,0,0,'San Diego','CA','San Diego',0,'San-Diego'),(92164,7.75,7.25,0.5,0,0,'San Diego','CA','San Diego',0,'San-Diego'),(92163,7.75,7.25,0.5,0,0,'San Diego','CA','San Diego',0,'San-Diego'),(92162,7.75,7.25,0.5,0,0,'San Diego','CA','San Diego',0,'San-Diego'),(92161,7.75,7.25,0.5,0,0,'San Diego','CA','San Diego',0,'San-Diego'),(92160,7.75,7.25,0.5,0,0,'San Diego','CA','San Diego',0,'San-Diego'),(92159,7.75,7.25,0.5,0,0,'San Diego','CA','San Diego',0,'San-Diego'),(92158,7.75,7.25,0.5,0,0,'San Diego','CA','San Diego',0,'San-Diego'),(92155,7.75,7.25,0.5,0,0,'San Diego','CA','San Diego',0,'San-Diego'),(92154,7.75,7.25,0.5,0,0,'San Diego','CA','San Diego',0,'San-Diego'),(92153,7.75,7.25,0.5,0,0,'San Diego','CA','San Diego',0,'San-Diego'),(92152,7.75,7.25,0.5,0,0,'San Diego','CA','San Diego',0,'San-Diego'),(92150,7.75,7.25,0.5,0,0,'San Diego','CA','San Diego',0,'San-Diego'),(92149,7.75,7.25,0.5,0,0,'San Diego','CA','San Diego',0,'San-Diego'),(92147,7.75,7.25,0.5,0,0,'San Diego','CA','San Diego',0,'San-Diego'),(92145,7.75,7.25,0.5,0,0,'San Diego','CA','San Diego',0,'San-Diego'),(92143,7.75,7.25,0.5,0,0,'San Ysidro','CA','San Diego',0,'San-Ysidro'),(92142,7.75,7.25,0.5,0,0,'San Diego','CA','San Diego',0,'San-Diego'),(92140,7.75,7.25,0.5,0,0,'San Diego','CA','San Diego',0,'San-Diego'),(92139,7.75,7.25,0.5,0,0,'San Diego','CA','San Diego',0,'San-Diego'),(92138,7.75,7.25,0.5,0,0,'San Diego','CA','San Diego',0,'San-Diego'),(92137,7.75,7.25,0.5,0,0,'San Diego','CA','San Diego',0,'San-Diego'),(92136,7.75,7.25,0.5,0,0,'San Diego','CA','San Diego',0,'San-Diego'),(92135,7.75,7.25,0.5,0,0,'San Diego','CA','San Diego',0,'San-Diego'),(92134,7.75,7.25,0.5,0,0,'San Diego','CA','San Diego',0,'San-Diego'),(92132,7.75,7.25,0.5,0,0,'San Diego','CA','San Diego',0,'San-Diego'),(92131,7.75,7.25,0.5,0,0,'San Diego','CA','San Diego',0,'San-Diego'),(92130,7.75,7.25,0.5,0,0,'San Diego','CA','San Diego',0,'San-Diego'),(92129,7.75,7.25,0.5,0,0,'San Diego','CA','San Diego',0,'San-Diego'),(92128,7.75,7.25,0.5,0,0,'San Diego','CA','San Diego',0,'San-Diego'),(92127,7.75,7.25,0.5,0,0,'San Diego','CA','San Diego',0,'San-Diego'),(92126,7.75,7.25,0.5,0,0,'San Diego','CA','San Diego',0,'San-Diego'),(92124,7.75,7.25,0.5,0,0,'San Diego','CA','San Diego',0,'San-Diego'),(92123,7.75,7.25,0.5,0,0,'San Diego','CA','San Diego',0,'San-Diego'),(92122,7.75,7.25,0.5,0,0,'San Diego','CA','San Diego',0,'San-Diego'),(92121,7.75,7.25,0.5,0,0,'San Diego','CA','San Diego',0,'San-Diego'),(92120,7.75,7.25,0.5,0,0,'San Diego','CA','San Diego',0,'San-Diego'),(92119,7.75,7.25,0.5,0,0,'San Diego','CA','San Diego',0,'San-Diego'),(92118,7.75,7.25,0.5,0,0,'Coronado','CA','San Diego',0,'Coronado'),(92117,7.75,7.25,0.5,0,0,'San Diego','CA','San Diego',0,'San-Diego'),(92116,7.75,7.25,0.5,0,0,'San Diego','CA','San Diego',0,'San-Diego'),(92115,7.75,7.25,0.5,0,0,'San Diego','CA','San Diego',0,'San-Diego'),(92114,7.75,7.25,0.5,0,0,'San Diego','CA','San Diego',0,'San-Diego'),(92113,7.75,7.25,0.5,0,0,'San Diego','CA','San Diego',0,'San-Diego'),(92112,7.75,7.25,0.5,0,0,'San Diego','CA','San Diego',0,'San-Diego'),(92111,7.75,7.25,0.5,0,0,'San Diego','CA','San Diego',0,'San-Diego'),(92110,7.75,7.25,0.5,0,0,'San Diego','CA','San Diego',0,'San-Diego'),(92109,7.75,7.25,0.5,0,0,'San Diego','CA','San Diego',0,'San-Diego'),(92108,7.75,7.25,0.5,0,0,'San Diego','CA','San Diego',0,'San-Diego'),(92107,7.75,7.25,0.5,0,0,'San Diego','CA','San Diego',0,'San-Diego'),(92106,7.75,7.25,0.5,0,0,'San Diego','CA','San Diego',0,'San-Diego'),(92105,7.75,7.25,0.5,0,0,'San Diego','CA','San Diego',0,'San-Diego'),(92104,7.75,7.25,0.5,0,0,'San Diego','CA','San Diego',0,'San-Diego'),(92103,7.75,7.25,0.5,0,0,'San Diego','CA','San Diego',0,'San-Diego'),(92102,7.75,7.25,0.5,0,0,'San Diego','CA','San Diego',0,'San-Diego'),(92101,7.75,7.25,0.5,0,0,'San Diego','CA','San Diego',0,'San-Diego'),(92096,7.75,7.25,0.5,0,0,'San Marcos','CA','San Diego',0,'San-Marcos'),(92093,7.75,7.25,0.5,0,0,'La Jolla','CA','San Diego',0,'La-Jolla'),(92092,7.75,7.25,0.5,0,0,'La Jolla','CA','San Diego',0,'La-Jolla'),(92091,7.75,7.25,0.5,0,0,'Rancho Santa Fe','CA','San Diego',0,'Rancho-Santa-Fe'),(92088,7.75,7.25,0.5,0,0,'Fallbrook','CA','San Diego',0,'Fallbrook'),(92086,7.75,7.25,0.5,0,0,'Warner Springs','CA','San Diego',0,'Warner-Springs'),(92085,8.25,7.25,0.5,0.5,0,'Vista','CA','San Diego',0,'Vista'),(92084,8.25,7.25,0.5,0.5,0,'Vista','CA','San Diego',0,'Vista'),(92083,8.25,7.25,0.5,0.5,0,'Vista','CA','San Diego',0,'Vista'),(92082,7.75,7.25,0.5,0,0,'Valley Center','CA','San Diego',0,'Valley-Center'),(92081,8.25,7.25,0.5,0.5,0,'Vista','CA','San Diego',0,'Vista'),(92079,7.75,7.25,0.5,0,0,'San Marcos','CA','San Diego',0,'San-Marcos'),(92078,7.75,7.25,0.5,0,0,'San Marcos','CA','San Diego',0,'San-Marcos'),(92075,7.75,7.25,0.5,0,0,'Solana Beach','CA','San Diego',0,'Solana-Beach'),(92074,7.75,7.25,0.5,0,0,'Poway','CA','San Diego',0,'Poway'),(92072,7.75,7.25,0.5,0,0,'Santee','CA','San Diego',0,'Santee'),(92071,7.75,7.25,0.5,0,0,'Santee','CA','San Diego',0,'Santee'),(92070,7.75,7.25,0.5,0,0,'Santa Ysabel','CA','San Diego',0,'Santa-Ysabel'),(92069,7.75,7.25,0.5,0,0,'San Marcos','CA','San Diego',0,'San-Marcos'),(92068,7.75,7.25,0.5,0,0,'San Luis Rey','CA','San Diego',0,'San-Luis-Rey'),(92067,7.75,7.25,0.5,0,0,'Rancho Santa Fe','CA','San Diego',0,'Rancho-Santa-Fe'),(92066,7.75,7.25,0.5,0,0,'Ranchita','CA','San Diego',0,'Ranchita'),(92065,7.75,7.25,0.5,0,0,'Ramona','CA','San Diego',0,'Ramona'),(92064,7.75,7.25,0.5,0,0,'Poway','CA','San Diego',0,'Poway'),(92061,7.75,7.25,0.5,0,0,'Pauma Valley','CA','San Diego',0,'Pauma-Valley'),(92060,7.75,7.25,0.5,0,0,'Palomar Mountain','CA','San Diego',0,'Palomar-Mountain'),(92059,7.75,7.25,0.5,0,0,'Pala','CA','San Diego',0,'Pala'),(92058,7.75,7.25,0.5,0,0,'Oceanside','CA','San Diego',0,'Oceanside'),(92057,7.75,7.25,0.5,0,0,'Oceanside','CA','San Diego',0,'Oceanside'),(92056,7.75,7.25,0.5,0,0,'Oceanside','CA','San Diego',0,'Oceanside'),(92055,7.75,7.25,0.5,0,0,'Camp Pendleton','CA','San Diego',0,'Camp-Pendleton'),(92054,7.75,7.25,0.5,0,0,'Oceanside','CA','San Diego',0,'Oceanside'),(92052,7.75,7.25,0.5,0,0,'Oceanside','CA','San Diego',0,'Oceanside'),(92051,7.75,7.25,0.5,0,0,'Oceanside','CA','San Diego',0,'Oceanside'),(92049,7.75,7.25,0.5,0,0,'Oceanside','CA','San Diego',0,'Oceanside'),(92046,7.75,7.25,0.5,0,0,'Escondido','CA','San Diego',0,'Escondido'),(92040,7.75,7.25,0.5,0,0,'Lakeside','CA','San Diego',0,'Lakeside'),(92039,7.75,7.25,0.5,0,0,'La Jolla','CA','San Diego',0,'La-Jolla'),(92038,7.75,7.25,0.5,0,0,'La Jolla','CA','San Diego',0,'La-Jolla'),(92037,7.75,7.25,0.5,0,0,'La Jolla','CA','San Diego',0,'La-Jolla'),(92036,7.75,7.25,0.5,0,0,'Julian','CA','San Diego',0,'Julian'),(92033,7.75,7.25,0.5,0,0,'Escondido','CA','San Diego',0,'Escondido'),(92030,7.75,7.25,0.5,0,0,'Escondido','CA','San Diego',0,'Escondido'),(92029,7.75,7.25,0.5,0,0,'Escondido','CA','San Diego',0,'Escondido'),(92028,7.75,7.25,0.5,0,0,'Fallbrook','CA','San Diego',0,'Fallbrook'),(92027,7.75,7.25,0.5,0,0,'Escondido','CA','San Diego',0,'Escondido'),(92026,7.75,7.25,0.5,0,0,'Escondido','CA','San Diego',0,'Escondido'),(92025,7.75,7.25,0.5,0,0,'Escondido','CA','San Diego',0,'Escondido'),(92024,7.75,7.25,0.5,0,0,'Encinitas','CA','San Diego',0,'Encinitas'),(92023,7.75,7.25,0.5,0,0,'Encinitas','CA','San Diego',0,'Encinitas'),(92022,8.75,7.25,0.5,1,0,'El Cajon','CA','San Diego',0,'El-Cajon'),(92021,8.75,7.25,0.5,1,0,'El Cajon','CA','San Diego',0,'El-Cajon'),(92020,8.75,7.25,0.5,1,0,'El Cajon','CA','San Diego',0,'El-Cajon'),(92019,8.75,7.25,0.5,1,0,'El Cajon','CA','San Diego',0,'El-Cajon'),(92018,7.75,7.25,0.5,0,0,'Carlsbad','CA','San Diego',0,'Carlsbad'),(92014,7.75,7.25,0.5,0,0,'Del Mar','CA','San Diego',0,'Del-Mar'),(92013,7.75,7.25,0.5,0,0,'Carlsbad','CA','San Diego',0,'Carlsbad'),(92011,7.75,7.25,0.5,0,0,'Carlsbad','CA','San Diego',0,'Carlsbad'),(92010,7.75,7.25,0.5,0,0,'Carlsbad','CA','San Diego',0,'Carlsbad'),(92009,7.75,7.25,0.5,0,0,'Carlsbad','CA','San Diego',0,'Carlsbad'),(92008,7.75,7.25,0.5,0,0,'Carlsbad','CA','San Diego',0,'Carlsbad'),(92007,7.75,7.25,0.5,0,0,'Cardiff By The Sea','CA','San Diego',0,'Cardiff-By-The-Sea'),(92004,7.75,7.25,0.5,0,0,'Borrego Springs','CA','San Diego',0,'Borrego-Springs'),(92003,7.75,7.25,0.5,0,0,'Bonsall','CA','San Diego',0,'Bonsall'),(91987,7.75,7.25,0.5,0,0,'Tecate','CA','San Diego',0,'Tecate'),(91980,7.75,7.25,0.5,0,0,'Tecate','CA','San Diego',0,'Tecate'),(91979,7.75,7.25,0.5,0,0,'Spring Valley','CA','San Diego',0,'Spring-Valley'),(91978,7.75,7.25,0.5,0,0,'Spring Valley','CA','San Diego',0,'Spring-Valley'),(91977,7.75,7.25,0.5,0,0,'Spring Valley','CA','San Diego',0,'Spring-Valley'),(91976,7.75,7.25,0.5,0,0,'Spring Valley','CA','San Diego',0,'Spring-Valley'),(91963,7.75,7.25,0.5,0,0,'Potrero','CA','San Diego',0,'Potrero'),(91962,7.75,7.25,0.5,0,0,'Pine Valley','CA','San Diego',0,'Pine-Valley'),(91951,8.75,7.25,0.5,1,0,'National City','CA','San Diego',0,'National-City'),(91950,8.75,7.25,0.5,1,0,'National City','CA','San Diego',0,'National-City'),(91948,7.75,7.25,0.5,0,0,'Mount Laguna','CA','San Diego',0,'Mount-Laguna'),(91947,7.75,7.25,0.5,0,0,'Lincoln Acres','CA','San Diego',0,'Lincoln-Acres'),(91946,7.75,7.25,0.5,0,0,'Lemon Grove','CA','San Diego',0,'Lemon-Grove'),(91945,7.75,7.25,0.5,0,0,'Lemon Grove','CA','San Diego',0,'Lemon-Grove'),(91944,8.5,7.25,0.5,0.75,0,'La Mesa','CA','San Diego',0,'La-Mesa'),(91943,8.5,7.25,0.5,0.75,0,'La Mesa','CA','San Diego',0,'La-Mesa'),(91942,8.5,7.25,0.5,0.75,0,'La Mesa','CA','San Diego',0,'La-Mesa'),(91941,8.5,7.25,0.5,0.75,0,'La Mesa','CA','San Diego',0,'La-Mesa'),(91935,7.75,7.25,0.5,0,0,'Jamul','CA','San Diego',0,'Jamul'),(91934,7.75,7.25,0.5,0,0,'Jacumba','CA','San Diego',0,'Jacumba'),(91933,7.75,7.25,0.5,0,0,'Imperial Beach','CA','San Diego',0,'Imperial-Beach'),(91932,7.75,7.25,0.5,0,0,'Imperial Beach','CA','San Diego',0,'Imperial-Beach'),(91931,7.75,7.25,0.5,0,0,'Guatay','CA','San Diego',0,'Guatay'),(91921,7.75,7.25,0.5,0,0,'Chula Vista','CA','San Diego',0,'Chula-Vista'),(91917,7.75,7.25,0.5,0,0,'Dulzura','CA','San Diego',0,'Dulzura'),(91916,7.75,7.25,0.5,0,0,'Descanso','CA','San Diego',0,'Descanso'),(91915,7.75,7.25,0.5,0,0,'Chula Vista','CA','San Diego',0,'Chula-Vista'),(91914,7.75,7.25,0.5,0,0,'Chula Vista','CA','San Diego',0,'Chula-Vista'),(91913,7.75,7.25,0.5,0,0,'Chula Vista','CA','San Diego',0,'Chula-Vista'),(91912,7.75,7.25,0.5,0,0,'Chula Vista','CA','San Diego',0,'Chula-Vista'),(91911,7.75,7.25,0.5,0,0,'Chula Vista','CA','San Diego',0,'Chula-Vista'),(91910,7.75,7.25,0.5,0,0,'Chula Vista','CA','San Diego',0,'Chula-Vista'),(91909,7.75,7.25,0.5,0,0,'Chula Vista','CA','San Diego',0,'Chula-Vista'),(91908,7.75,7.25,0.5,0,0,'Bonita','CA','San Diego',0,'Bonita'),(91906,7.75,7.25,0.5,0,0,'Campo','CA','San Diego',0,'Campo'),(91905,7.75,7.25,0.5,0,0,'Boulevard','CA','San Diego',0,'Boulevard'),(91903,7.75,7.25,0.5,0,0,'Alpine','CA','San Diego',0,'Alpine'),(91902,7.75,7.25,0.5,0,0,'Bonita','CA','San Diego',0,'Bonita'),(91901,7.75,7.25,0.5,0,0,'Alpine','CA','San Diego',0,'Alpine'),(91899,8.75,7.25,1.5,0,0,'Alhambra','CA','Los Angeles',0,'Alhambra'),(91896,8.75,7.25,1.5,0,0,'Alhambra','CA','Los Angeles',0,'Alhambra'),(91804,8.75,7.25,1.5,0,0,'Alhambra','CA','Los Angeles',0,'Alhambra'),(91803,8.75,7.25,1.5,0,0,'Alhambra','CA','Los Angeles',0,'Alhambra'),(91802,8.75,7.25,1.5,0,0,'Alhambra','CA','Los Angeles',0,'Alhambra'),(91801,8.75,7.25,1.5,0,0,'Alhambra','CA','Los Angeles',0,'Alhambra'),(91795,8.75,7.25,1.5,0,0,'Walnut','CA','Los Angeles',0,'Walnut'),(91793,8.75,7.25,1.5,0,0,'West Covina','CA','Los Angeles',0,'West-Covina'),(91792,8.75,7.25,1.5,0,0,'West Covina','CA','Los Angeles',0,'West-Covina'),(91791,8.75,7.25,1.5,0,0,'West Covina','CA','Los Angeles',0,'West-Covina'),(91790,8.75,7.25,1.5,0,0,'West Covina','CA','Los Angeles',0,'West-Covina'),(91789,8.75,7.25,1.5,0,0,'Walnut','CA','Los Angeles',0,'Walnut'),(91788,8.75,7.25,1.5,0,0,'Walnut','CA','Los Angeles',0,'Walnut'),(91786,7.75,7.25,0.5,0,0,'Upland','CA','San Bernardino',0,'Upland'),(91785,7.75,7.25,0.5,0,0,'Upland','CA','San Bernardino',0,'Upland'),(91784,7.75,7.25,0.5,0,0,'Upland','CA','San Bernardino',0,'Upland'),(91780,8.75,7.25,1.5,0,0,'Temple City','CA','Los Angeles',0,'Temple-City'),(91778,8.75,7.25,1.5,0,0,'San Gabriel','CA','Los Angeles',0,'San-Gabriel'),(91776,8.75,7.25,1.5,0,0,'San Gabriel','CA','Los Angeles',0,'San-Gabriel'),(91775,8.75,7.25,1.5,0,0,'San Gabriel','CA','Los Angeles',0,'San-Gabriel'),(91773,8.75,7.25,1.5,0,0,'San Dimas','CA','Los Angeles',0,'San-Dimas'),(91772,8.75,7.25,1.5,0,0,'Rosemead','CA','Los Angeles',0,'Rosemead'),(91771,8.75,7.25,1.5,0,0,'Rosemead','CA','Los Angeles',0,'Rosemead'),(91770,8.75,7.25,1.5,0,0,'Rosemead','CA','Los Angeles',0,'Rosemead'),(91769,8.75,7.25,1.5,0,0,'Pomona','CA','Los Angeles',0,'Pomona'),(91768,8.75,7.25,1.5,0,0,'Pomona','CA','Los Angeles',0,'Pomona'),(91767,8.75,7.25,1.5,0,0,'Pomona','CA','Los Angeles',0,'Pomona'),(91766,8.75,7.25,1.5,0,0,'Pomona','CA','Los Angeles',0,'Pomona'),(91765,8.75,7.25,1.5,0,0,'Diamond Bar','CA','Los Angeles',0,'Diamond-Bar'),(91764,7.75,7.25,0.5,0,0,'Ontario','CA','San Bernardino',0,'Ontario'),(91763,8,7.25,0.5,0.25,0,'Montclair','CA','San Bernardino',0,'Montclair'),(91762,7.75,7.25,0.5,0,0,'Ontario','CA','San Bernardino',0,'Ontario'),(91761,7.75,7.25,0.5,0,0,'Ontario','CA','San Bernardino',0,'Ontario'),(91759,8.75,7.25,1.5,0,0,'Mt Baldy','CA','Los Angeles',0,'Mt-Baldy'),(91758,7.75,7.25,0.5,0,0,'Ontario','CA','San Bernardino',0,'Ontario'),(91756,8.75,7.25,1.5,0,0,'Monterey Park','CA','Los Angeles',0,'Monterey-Park'),(91755,8.75,7.25,1.5,0,0,'Monterey Park','CA','Los Angeles',0,'Monterey-Park'),(91754,8.75,7.25,1.5,0,0,'Monterey Park','CA','Los Angeles',0,'Monterey-Park'),(91752,7.75,7.25,0.5,0,0,'Mira Loma','CA','Riverside',0,'Mira-Loma'),(91750,8.75,7.25,1.5,0,0,'La Verne','CA','Los Angeles',0,'La-Verne'),(91749,8.75,7.25,1.5,0,0,'La Puente','CA','Los Angeles',0,'La-Puente'),(91748,8.75,7.25,1.5,0,0,'Rowland Heights','CA','Los Angeles',0,'Rowland-Heights'),(91747,8.75,7.25,1.5,0,0,'La Puente','CA','Los Angeles',0,'La-Puente'),(91746,8.75,7.25,1.5,0,0,'La Puente','CA','Los Angeles',0,'La-Puente'),(91745,8.75,7.25,1.5,0,0,'Hacienda Heights','CA','Los Angeles',0,'Hacienda-Heights'),(91744,8.75,7.25,1.5,0,0,'La Puente','CA','Los Angeles',0,'La-Puente'),(91743,7.75,7.25,0.5,0,0,'Guasti','CA','San Bernardino',0,'Guasti'),(91741,8.75,7.25,1.5,0,0,'Glendora','CA','Los Angeles',0,'Glendora'),(91740,8.75,7.25,1.5,0,0,'Glendora','CA','Los Angeles',0,'Glendora'),(91739,7.75,7.25,0.5,0,0,'Rancho Cucamonga','CA','San Bernardino',0,'Rancho-Cucamonga'),(91737,7.75,7.25,0.5,0,0,'Rancho Cucamonga','CA','San Bernardino',0,'Rancho-Cucamonga'),(91735,9.25,7.25,1.5,0.5,0,'El Monte','CA','Los Angeles',0,'El-Monte'),(91734,9.25,7.25,1.5,0.5,0,'El Monte','CA','Los Angeles',0,'El-Monte'),(91733,9.25,7.25,1.5,0.5,0,'South El Monte','CA','Los Angeles',0,'South-El-Monte'),(91732,9.25,7.25,1.5,0.5,0,'El Monte','CA','Los Angeles',0,'El-Monte'),(91731,9.25,7.25,1.5,0.5,0,'El Monte','CA','Los Angeles',0,'El-Monte'),(91730,7.75,7.25,0.5,0,0,'Rancho Cucamonga','CA','San Bernardino',0,'Rancho-Cucamonga'),(91729,7.75,7.25,0.5,0,0,'Rancho Cucamonga','CA','San Bernardino',0,'Rancho-Cucamonga'),(91724,8.75,7.25,1.5,0,0,'Covina','CA','Los Angeles',0,'Covina'),(91723,8.75,7.25,1.5,0,0,'Covina','CA','Los Angeles',0,'Covina'),(91722,8.75,7.25,1.5,0,0,'Covina','CA','Los Angeles',0,'Covina'),(91716,8.75,7.25,1.5,0,0,'City Of Industry','CA','Los Angeles',0,'City-Of-Industry'),(91715,8.75,7.25,1.5,0,0,'City Of Industry','CA','Los Angeles',0,'City-Of-Industry'),(91714,8.75,7.25,1.5,0,0,'City Of Industry','CA','Los Angeles',0,'City-Of-Industry'),(91711,8.75,7.25,1.5,0,0,'Claremont','CA','Los Angeles',0,'Claremont'),(91710,7.75,7.25,0.5,0,0,'Chino','CA','San Bernardino',0,'Chino'),(91709,7.75,7.25,0.5,0,0,'Chino Hills','CA','San Bernardino',0,'Chino-Hills'),(91708,7.75,7.25,0.5,0,0,'Chino','CA','San Bernardino',0,'Chino'),(91706,8.75,7.25,1.5,0,0,'Baldwin Park','CA','Los Angeles',0,'Baldwin-Park'),(91702,8.75,7.25,1.5,0,0,'Azusa','CA','Los Angeles',0,'Azusa'),(91701,7.75,7.25,0.5,0,0,'Rancho Cucamonga','CA','San Bernardino',0,'Rancho-Cucamonga'),(91618,8.75,7.25,1.5,0,0,'North Hollywood','CA','Los Angeles',0,'North-Hollywood'),(91617,8.75,7.25,1.5,0,0,'Valley Village','CA','Los Angeles',0,'Valley-Village'),(91616,8.75,7.25,1.5,0,0,'North Hollywood','CA','Los Angeles',0,'North-Hollywood'),(91615,8.75,7.25,1.5,0,0,'North Hollywood','CA','Los Angeles',0,'North-Hollywood'),(91614,8.75,7.25,1.5,0,0,'Studio City','CA','Los Angeles',0,'Studio-City'),(91612,8.75,7.25,1.5,0,0,'North Hollywood','CA','Los Angeles',0,'North-Hollywood'),(91611,8.75,7.25,1.5,0,0,'North Hollywood','CA','Los Angeles',0,'North-Hollywood'),(91610,8.75,7.25,1.5,0,0,'Toluca Lake','CA','Los Angeles',0,'Toluca-Lake'),(91609,8.75,7.25,1.5,0,0,'North Hollywood','CA','Los Angeles',0,'North-Hollywood'),(91608,8.75,7.25,1.5,0,0,'Universal City','CA','Los Angeles',0,'Universal-City'),(91607,8.75,7.25,1.5,0,0,'Valley Village','CA','Los Angeles',0,'Valley-Village'),(91606,8.75,7.25,1.5,0,0,'North Hollywood','CA','Los Angeles',0,'North-Hollywood'),(91605,8.75,7.25,1.5,0,0,'North Hollywood','CA','Los Angeles',0,'North-Hollywood'),(91604,8.75,7.25,1.5,0,0,'Studio City','CA','Los Angeles',0,'Studio-City'),(91603,8.75,7.25,1.5,0,0,'North Hollywood','CA','Los Angeles',0,'North-Hollywood'),(91602,8.75,7.25,1.5,0,0,'North Hollywood','CA','Los Angeles',0,'North-Hollywood'),(91601,8.75,7.25,1.5,0,0,'North Hollywood','CA','Los Angeles',0,'North-Hollywood'),(91526,8.75,7.25,1.5,0,0,'Burbank','CA','Los Angeles',0,'Burbank'),(91523,8.75,7.25,1.5,0,0,'Burbank','CA','Los Angeles',0,'Burbank'),(91522,8.75,7.25,1.5,0,0,'Burbank','CA','Los Angeles',0,'Burbank'),(91521,8.75,7.25,1.5,0,0,'Burbank','CA','Los Angeles',0,'Burbank'),(91510,8.75,7.25,1.5,0,0,'Burbank','CA','Los Angeles',0,'Burbank'),(91508,8.75,7.25,1.5,0,0,'Burbank','CA','Los Angeles',0,'Burbank'),(91507,8.75,7.25,1.5,0,0,'Burbank','CA','Los Angeles',0,'Burbank'),(91506,8.75,7.25,1.5,0,0,'Burbank','CA','Los Angeles',0,'Burbank'),(91505,8.75,7.25,1.5,0,0,'Burbank','CA','Los Angeles',0,'Burbank'),(91504,8.75,7.25,1.5,0,0,'Burbank','CA','Los Angeles',0,'Burbank'),(91503,8.75,7.25,1.5,0,0,'Burbank','CA','Los Angeles',0,'Burbank'),(91502,8.75,7.25,1.5,0,0,'Burbank','CA','Los Angeles',0,'Burbank'),(91501,8.75,7.25,1.5,0,0,'Burbank','CA','Los Angeles',0,'Burbank'),(91499,8.75,7.25,1.5,0,0,'Van Nuys','CA','Los Angeles',0,'Van-Nuys'),(91496,8.75,7.25,1.5,0,0,'Van Nuys','CA','Los Angeles',0,'Van-Nuys'),(91495,8.75,7.25,1.5,0,0,'Sherman Oaks','CA','Los Angeles',0,'Sherman-Oaks'),(91482,8.75,7.25,1.5,0,0,'Van Nuys','CA','Los Angeles',0,'Van-Nuys'),(91470,8.75,7.25,1.5,0,0,'Van Nuys','CA','Los Angeles',0,'Van-Nuys'),(91436,8.75,7.25,1.5,0,0,'Encino','CA','Los Angeles',0,'Encino'),(91426,8.75,7.25,1.5,0,0,'Encino','CA','Los Angeles',0,'Encino'),(91423,8.75,7.25,1.5,0,0,'Sherman Oaks','CA','Los Angeles',0,'Sherman-Oaks'),(91416,8.75,7.25,1.5,0,0,'Encino','CA','Los Angeles',0,'Encino'),(91413,8.75,7.25,1.5,0,0,'Sherman Oaks','CA','Los Angeles',0,'Sherman-Oaks'),(91412,8.75,7.25,1.5,0,0,'Panorama City','CA','Los Angeles',0,'Panorama-City'),(91411,8.75,7.25,1.5,0,0,'Van Nuys','CA','Los Angeles',0,'Van-Nuys'),(91410,8.75,7.25,1.5,0,0,'Van Nuys','CA','Los Angeles',0,'Van-Nuys'),(91409,8.75,7.25,1.5,0,0,'Van Nuys','CA','Los Angeles',0,'Van-Nuys'),(91408,8.75,7.25,1.5,0,0,'Van Nuys','CA','Los Angeles',0,'Van-Nuys'),(91407,8.75,7.25,1.5,0,0,'Van Nuys','CA','Los Angeles',0,'Van-Nuys'),(91406,8.75,7.25,1.5,0,0,'Van Nuys','CA','Los Angeles',0,'Van-Nuys'),(91405,8.75,7.25,1.5,0,0,'Van Nuys','CA','Los Angeles',0,'Van-Nuys'),(91404,8.75,7.25,1.5,0,0,'Van Nuys','CA','Los Angeles',0,'Van-Nuys'),(91403,8.75,7.25,1.5,0,0,'Sherman Oaks','CA','Los Angeles',0,'Sherman-Oaks'),(91402,8.75,7.25,1.5,0,0,'Panorama City','CA','Los Angeles',0,'Panorama-City'),(91401,8.75,7.25,1.5,0,0,'Van Nuys','CA','Los Angeles',0,'Van-Nuys'),(91396,8.75,7.25,1.5,0,0,'Winnetka','CA','Los Angeles',0,'Winnetka'),(91395,8.75,7.25,1.5,0,0,'Mission Hills','CA','Los Angeles',0,'Mission-Hills'),(91394,8.75,7.25,1.5,0,0,'Granada Hills','CA','Los Angeles',0,'Granada-Hills'),(91393,8.75,7.25,1.5,0,0,'North Hills','CA','Los Angeles',0,'North-Hills'),(91392,8.75,7.25,1.5,0,0,'Sylmar','CA','Los Angeles',0,'Sylmar'),(91390,8.75,7.25,1.5,0,0,'Santa Clarita','CA','Los Angeles',0,'Santa-Clarita'),(91387,8.75,7.25,1.5,0,0,'Canyon Country','CA','Los Angeles',0,'Canyon-Country'),(91386,8.75,7.25,1.5,0,0,'Canyon Country','CA','Los Angeles',0,'Canyon-Country'),(91385,8.75,7.25,1.5,0,0,'Valencia','CA','Los Angeles',0,'Valencia'),(91384,8.75,7.25,1.5,0,0,'Castaic','CA','Los Angeles',0,'Castaic'),(91383,8.75,7.25,1.5,0,0,'Santa Clarita','CA','Los Angeles',0,'Santa-Clarita'),(91382,8.75,7.25,1.5,0,0,'Santa Clarita','CA','Los Angeles',0,'Santa-Clarita'),(91381,8.75,7.25,1.5,0,0,'Stevenson Ranch','CA','Los Angeles',0,'Stevenson-Ranch'),(91380,8.75,7.25,1.5,0,0,'Santa Clarita','CA','Los Angeles',0,'Santa-Clarita'),(91377,7.25,7.25,0,0,0,'Oak Park','CA','Ventura',0,'Oak-Park'),(91376,8.75,7.25,1.5,0,0,'Agoura Hills','CA','Los Angeles',0,'Agoura-Hills'),(91372,8.75,7.25,1.5,0,0,'Calabasas','CA','Los Angeles',0,'Calabasas'),(91371,8.75,7.25,1.5,0,0,'Woodland Hills','CA','Los Angeles',0,'Woodland-Hills'),(91367,8.75,7.25,1.5,0,0,'Woodland Hills','CA','Los Angeles',0,'Woodland-Hills'),(91365,8.75,7.25,1.5,0,0,'Woodland Hills','CA','Los Angeles',0,'Woodland-Hills'),(91364,8.75,7.25,1.5,0,0,'Woodland Hills','CA','Los Angeles',0,'Woodland-Hills'),(91362,7.25,7.25,0,0,0,'Thousand Oaks','CA','Ventura',0,'Thousand-Oaks'),(91361,7.25,7.25,0,0,0,'Westlake Village','CA','Ventura',0,'Westlake-Village'),(91360,7.25,7.25,0,0,0,'Thousand Oaks','CA','Ventura',0,'Thousand-Oaks'),(91359,7.25,7.25,0,0,0,'Westlake Village','CA','Ventura',0,'Westlake-Village'),(91358,7.25,7.25,0,0,0,'Thousand Oaks','CA','Ventura',0,'Thousand-Oaks'),(91357,8.75,7.25,1.5,0,0,'Tarzana','CA','Los Angeles',0,'Tarzana'),(91356,8.75,7.25,1.5,0,0,'Tarzana','CA','Los Angeles',0,'Tarzana'),(91355,8.75,7.25,1.5,0,0,'Valencia','CA','Los Angeles',0,'Valencia'),(91354,8.75,7.25,1.5,0,0,'Valencia','CA','Los Angeles',0,'Valencia'),(91353,8.75,7.25,1.5,0,0,'Sun Valley','CA','Los Angeles',0,'Sun-Valley'),(91352,8.75,7.25,1.5,0,0,'Sun Valley','CA','Los Angeles',0,'Sun-Valley'),(91351,8.75,7.25,1.5,0,0,'Canyon Country','CA','Los Angeles',0,'Canyon-Country'),(91350,8.75,7.25,1.5,0,0,'Santa Clarita','CA','Los Angeles',0,'Santa-Clarita'),(91346,8.75,7.25,1.5,0,0,'Mission Hills','CA','Los Angeles',0,'Mission-Hills'),(91345,8.75,7.25,1.5,0,0,'Mission Hills','CA','Los Angeles',0,'Mission-Hills'),(91344,8.75,7.25,1.5,0,0,'Granada Hills','CA','Los Angeles',0,'Granada-Hills'),(91343,8.75,7.25,1.5,0,0,'North Hills','CA','Los Angeles',0,'North-Hills'),(91342,8.75,7.25,1.5,0,0,'Sylmar','CA','Los Angeles',0,'Sylmar'),(91341,8.75,7.25,1.5,0,0,'San Fernando','CA','Los Angeles',0,'San-Fernando'),(91340,8.75,7.25,1.5,0,0,'San Fernando','CA','Los Angeles',0,'San-Fernando'),(91337,8.75,7.25,1.5,0,0,'Reseda','CA','Los Angeles',0,'Reseda'),(91335,8.75,7.25,1.5,0,0,'Reseda','CA','Los Angeles',0,'Reseda'),(91334,8.75,7.25,1.5,0,0,'Pacoima','CA','Los Angeles',0,'Pacoima'),(91333,8.75,7.25,1.5,0,0,'Pacoima','CA','Los Angeles',0,'Pacoima'),(91331,8.75,7.25,1.5,0,0,'Pacoima','CA','Los Angeles',0,'Pacoima'),(91330,8.75,7.25,1.5,0,0,'Northridge','CA','Los Angeles',0,'Northridge'),(91329,8.75,7.25,1.5,0,0,'Northridge','CA','Los Angeles',0,'Northridge'),(91328,8.75,7.25,1.5,0,0,'Northridge','CA','Los Angeles',0,'Northridge'),(91327,8.75,7.25,1.5,0,0,'Northridge','CA','Los Angeles',0,'Northridge'),(91326,8.75,7.25,1.5,0,0,'Porter Ranch','CA','Los Angeles',0,'Porter-Ranch'),(91325,8.75,7.25,1.5,0,0,'Northridge','CA','Los Angeles',0,'Northridge'),(91324,8.75,7.25,1.5,0,0,'Northridge','CA','Los Angeles',0,'Northridge'),(91322,8.75,7.25,1.5,0,0,'Newhall','CA','Los Angeles',0,'Newhall'),(91321,8.75,7.25,1.5,0,0,'Newhall','CA','Los Angeles',0,'Newhall'),(91320,7.25,7.25,0,0,0,'Newbury Park','CA','Ventura',0,'Newbury-Park'),(91319,7.25,7.25,0,0,0,'Newbury Park','CA','Ventura',0,'Newbury-Park'),(91316,8.75,7.25,1.5,0,0,'Encino','CA','Los Angeles',0,'Encino'),(91313,8.75,7.25,1.5,0,0,'Chatsworth','CA','Los Angeles',0,'Chatsworth'),(91311,8.75,7.25,1.5,0,0,'Chatsworth','CA','Los Angeles',0,'Chatsworth'),(91310,8.75,7.25,1.5,0,0,'Castaic','CA','Los Angeles',0,'Castaic'),(91309,8.75,7.25,1.5,0,0,'Canoga Park','CA','Los Angeles',0,'Canoga-Park'),(91308,8.75,7.25,1.5,0,0,'West Hills','CA','Los Angeles',0,'West-Hills'),(91307,8.75,7.25,1.5,0,0,'West Hills','CA','Los Angeles',0,'West-Hills'),(91306,8.75,7.25,1.5,0,0,'Winnetka','CA','Los Angeles',0,'Winnetka'),(91305,8.75,7.25,1.5,0,0,'Canoga Park','CA','Los Angeles',0,'Canoga-Park'),(91304,8.75,7.25,1.5,0,0,'Canoga Park','CA','Los Angeles',0,'Canoga-Park'),(91303,8.75,7.25,1.5,0,0,'Canoga Park','CA','Los Angeles',0,'Canoga-Park'),(91302,8.75,7.25,1.5,0,0,'Calabasas','CA','Los Angeles',0,'Calabasas'),(91301,8.75,7.25,1.5,0,0,'Agoura Hills','CA','Los Angeles',0,'Agoura-Hills'),(91226,8.75,7.25,1.5,0,0,'Glendale','CA','Los Angeles',0,'Glendale'),(91225,8.75,7.25,1.5,0,0,'Glendale','CA','Los Angeles',0,'Glendale'),(91224,8.75,7.25,1.5,0,0,'La Crescenta','CA','Los Angeles',0,'La-Crescenta'),(91222,8.75,7.25,1.5,0,0,'Glendale','CA','Los Angeles',0,'Glendale'),(91221,8.75,7.25,1.5,0,0,'Glendale','CA','Los Angeles',0,'Glendale'),(91214,8.75,7.25,1.5,0,0,'La Crescenta','CA','Los Angeles',0,'La-Crescenta'),(91210,8.75,7.25,1.5,0,0,'Glendale','CA','Los Angeles',0,'Glendale'),(91209,8.75,7.25,1.5,0,0,'Glendale','CA','Los Angeles',0,'Glendale'),(91208,8.75,7.25,1.5,0,0,'Glendale','CA','Los Angeles',0,'Glendale'),(91207,8.75,7.25,1.5,0,0,'Glendale','CA','Los Angeles',0,'Glendale'),(91206,8.75,7.25,1.5,0,0,'Glendale','CA','Los Angeles',0,'Glendale'),(91205,8.75,7.25,1.5,0,0,'Glendale','CA','Los Angeles',0,'Glendale'),(91204,8.75,7.25,1.5,0,0,'Glendale','CA','Los Angeles',0,'Glendale'),(91203,8.75,7.25,1.5,0,0,'Glendale','CA','Los Angeles',0,'Glendale'),(91202,8.75,7.25,1.5,0,0,'Glendale','CA','Los Angeles',0,'Glendale'),(91201,8.75,7.25,1.5,0,0,'Glendale','CA','Los Angeles',0,'Glendale'),(91199,8.75,7.25,1.5,0,0,'Pasadena','CA','Los Angeles',0,'Pasadena'),(91189,8.75,7.25,1.5,0,0,'Pasadena','CA','Los Angeles',0,'Pasadena'),(91188,8.75,7.25,1.5,0,0,'Pasadena','CA','Los Angeles',0,'Pasadena'),(91185,8.75,7.25,1.5,0,0,'Pasadena','CA','Los Angeles',0,'Pasadena'),(91184,8.75,7.25,1.5,0,0,'Pasadena','CA','Los Angeles',0,'Pasadena'),(91182,8.75,7.25,1.5,0,0,'Pasadena','CA','Los Angeles',0,'Pasadena'),(91129,8.75,7.25,1.5,0,0,'Pasadena','CA','Los Angeles',0,'Pasadena'),(91126,8.75,7.25,1.5,0,0,'Pasadena','CA','Los Angeles',0,'Pasadena'),(91125,8.75,7.25,1.5,0,0,'Pasadena','CA','Los Angeles',0,'Pasadena'),(91124,8.75,7.25,1.5,0,0,'Pasadena','CA','Los Angeles',0,'Pasadena'),(91123,8.75,7.25,1.5,0,0,'Pasadena','CA','Los Angeles',0,'Pasadena'),(91121,8.75,7.25,1.5,0,0,'Pasadena','CA','Los Angeles',0,'Pasadena'),(91118,8.75,7.25,1.5,0,0,'San Marino','CA','Los Angeles',0,'San-Marino'),(91117,8.75,7.25,1.5,0,0,'Pasadena','CA','Los Angeles',0,'Pasadena'),(91116,8.75,7.25,1.5,0,0,'Pasadena','CA','Los Angeles',0,'Pasadena'),(91115,8.75,7.25,1.5,0,0,'Pasadena','CA','Los Angeles',0,'Pasadena'),(91114,8.75,7.25,1.5,0,0,'Pasadena','CA','Los Angeles',0,'Pasadena'),(91110,8.75,7.25,1.5,0,0,'Pasadena','CA','Los Angeles',0,'Pasadena'),(91109,8.75,7.25,1.5,0,0,'Pasadena','CA','Los Angeles',0,'Pasadena'),(91108,8.75,7.25,1.5,0,0,'San Marino','CA','Los Angeles',0,'San-Marino'),(91107,8.75,7.25,1.5,0,0,'Pasadena','CA','Los Angeles',0,'Pasadena'),(91106,8.75,7.25,1.5,0,0,'Pasadena','CA','Los Angeles',0,'Pasadena'),(91105,8.75,7.25,1.5,0,0,'Pasadena','CA','Los Angeles',0,'Pasadena'),(91104,8.75,7.25,1.5,0,0,'Pasadena','CA','Los Angeles',0,'Pasadena'),(91103,8.75,7.25,1.5,0,0,'Pasadena','CA','Los Angeles',0,'Pasadena'),(91102,8.75,7.25,1.5,0,0,'Pasadena','CA','Los Angeles',0,'Pasadena'),(91101,8.75,7.25,1.5,0,0,'Pasadena','CA','Los Angeles',0,'Pasadena'),(91077,8.75,7.25,1.5,0,0,'Arcadia','CA','Los Angeles',0,'Arcadia'),(91066,8.75,7.25,1.5,0,0,'Arcadia','CA','Los Angeles',0,'Arcadia'),(91046,8.75,7.25,1.5,0,0,'Verdugo City','CA','Los Angeles',0,'Verdugo-City'),(91043,8.75,7.25,1.5,0,0,'Tujunga','CA','Los Angeles',0,'Tujunga'),(91042,8.75,7.25,1.5,0,0,'Tujunga','CA','Los Angeles',0,'Tujunga'),(91041,8.75,7.25,1.5,0,0,'Sunland','CA','Los Angeles',0,'Sunland'),(91040,8.75,7.25,1.5,0,0,'Sunland','CA','Los Angeles',0,'Sunland'),(91031,8.75,7.25,1.5,0,0,'South Pasadena','CA','Los Angeles',0,'South-Pasadena'),(91030,8.75,7.25,1.5,0,0,'South Pasadena','CA','Los Angeles',0,'South-Pasadena'),(91025,8.75,7.25,1.5,0,0,'Sierra Madre','CA','Los Angeles',0,'Sierra-Madre'),(91024,8.75,7.25,1.5,0,0,'Sierra Madre','CA','Los Angeles',0,'Sierra-Madre'),(91023,8.75,7.25,1.5,0,0,'Mount Wilson','CA','Los Angeles',0,'Mount-Wilson'),(91021,8.75,7.25,1.5,0,0,'Montrose','CA','Los Angeles',0,'Montrose'),(91020,8.75,7.25,1.5,0,0,'Montrose','CA','Los Angeles',0,'Montrose'),(91017,8.75,7.25,1.5,0,0,'Monrovia','CA','Los Angeles',0,'Monrovia'),(91016,8.75,7.25,1.5,0,0,'Monrovia','CA','Los Angeles',0,'Monrovia'),(91012,8.75,7.25,1.5,0,0,'La Canada Flintridge','CA','Los Angeles',0,'La-Canada-Flintridge'),(91011,8.75,7.25,1.5,0,0,'La Canada Flintridge','CA','Los Angeles',0,'La-Canada-Flintridge'),(91010,8.75,7.25,1.5,0,0,'Duarte','CA','Los Angeles',0,'Duarte'),(91009,8.75,7.25,1.5,0,0,'Duarte','CA','Los Angeles',0,'Duarte'),(91008,8.75,7.25,1.5,0,0,'Duarte','CA','Los Angeles',0,'Duarte'),(91007,8.75,7.25,1.5,0,0,'Arcadia','CA','Los Angeles',0,'Arcadia'),(91006,8.75,7.25,1.5,0,0,'Arcadia','CA','Los Angeles',0,'Arcadia'),(91003,8.75,7.25,1.5,0,0,'Altadena','CA','Los Angeles',0,'Altadena'),(91001,8.75,7.25,1.5,0,0,'Altadena','CA','Los Angeles',0,'Altadena'),(90899,8.75,7.25,1.5,0,0,'Long Beach','CA','Los Angeles',0,'Long-Beach'),(90895,8.75,7.25,1.5,0,0,'Carson','CA','Los Angeles',0,'Carson'),(90853,8.75,7.25,1.5,0,0,'Long Beach','CA','Los Angeles',0,'Long-Beach'),(90848,8.75,7.25,1.5,0,0,'Long Beach','CA','Los Angeles',0,'Long-Beach'),(90847,8.75,7.25,1.5,0,0,'Long Beach','CA','Los Angeles',0,'Long-Beach'),(90846,8.75,7.25,1.5,0,0,'Long Beach','CA','Los Angeles',0,'Long-Beach'),(90844,8.75,7.25,1.5,0,0,'Long Beach','CA','Los Angeles',0,'Long-Beach'),(90842,8.75,7.25,1.5,0,0,'Long Beach','CA','Los Angeles',0,'Long-Beach'),(90840,8.75,7.25,1.5,0,0,'Long Beach','CA','Los Angeles',0,'Long-Beach'),(90835,8.75,7.25,1.5,0,0,'Long Beach','CA','Los Angeles',0,'Long-Beach'),(90834,8.75,7.25,1.5,0,0,'Long Beach','CA','Los Angeles',0,'Long-Beach'),(90833,8.75,7.25,1.5,0,0,'Long Beach','CA','Los Angeles',0,'Long-Beach'),(90832,8.75,7.25,1.5,0,0,'Long Beach','CA','Los Angeles',0,'Long-Beach'),(90831,8.75,7.25,1.5,0,0,'Long Beach','CA','Los Angeles',0,'Long-Beach'),(90822,8.75,7.25,1.5,0,0,'Long Beach','CA','Los Angeles',0,'Long-Beach'),(90815,8.75,7.25,1.5,0,0,'Long Beach','CA','Los Angeles',0,'Long-Beach'),(90814,8.75,7.25,1.5,0,0,'Long Beach','CA','Los Angeles',0,'Long-Beach'),(90813,8.75,7.25,1.5,0,0,'Long Beach','CA','Los Angeles',0,'Long-Beach'),(90810,8.75,7.25,1.5,0,0,'Long Beach','CA','Los Angeles',0,'Long-Beach'),(90809,8.75,7.25,1.5,0,0,'Long Beach','CA','Los Angeles',0,'Long-Beach'),(90808,8.75,7.25,1.5,0,0,'Long Beach','CA','Los Angeles',0,'Long-Beach'),(90807,8.75,7.25,1.5,0,0,'Long Beach','CA','Los Angeles',0,'Long-Beach'),(90806,8.75,7.25,1.5,0,0,'Long Beach','CA','Los Angeles',0,'Long-Beach'),(90805,8.75,7.25,1.5,0,0,'Long Beach','CA','Los Angeles',0,'Long-Beach'),(90804,8.75,7.25,1.5,0,0,'Long Beach','CA','Los Angeles',0,'Long-Beach'),(90803,8.75,7.25,1.5,0,0,'Long Beach','CA','Los Angeles',0,'Long-Beach'),(90802,8.75,7.25,1.5,0,0,'Long Beach','CA','Los Angeles',0,'Long-Beach'),(90801,8.75,7.25,1.5,0,0,'Long Beach','CA','Los Angeles',0,'Long-Beach'),(90755,8.75,7.25,1.5,0,0,'Signal Hill','CA','Los Angeles',0,'Signal-Hill'),(90749,8.75,7.25,1.5,0,0,'Carson','CA','Los Angeles',0,'Carson'),(90748,8.75,7.25,1.5,0,0,'Wilmington','CA','Los Angeles',0,'Wilmington'),(90747,8.75,7.25,1.5,0,0,'Carson','CA','Los Angeles',0,'Carson'),(90746,8.75,7.25,1.5,0,0,'Carson','CA','Los Angeles',0,'Carson'),(90745,8.75,7.25,1.5,0,0,'Carson','CA','Los Angeles',0,'Carson'),(90744,8.75,7.25,1.5,0,0,'Wilmington','CA','Los Angeles',0,'Wilmington'),(90743,7.75,7.25,0.5,0,0,'Surfside','CA','Orange',0,'Surfside'),(90742,7.75,7.25,0.5,0,0,'Sunset Beach','CA','Orange',0,'Sunset-Beach'),(90740,7.75,7.25,0.5,0,0,'Seal Beach','CA','Orange',0,'Seal-Beach'),(90734,8.75,7.25,1.5,0,0,'San Pedro','CA','Los Angeles',0,'San-Pedro'),(90733,8.75,7.25,1.5,0,0,'San Pedro','CA','Los Angeles',0,'San-Pedro'),(90732,8.75,7.25,1.5,0,0,'San Pedro','CA','Los Angeles',0,'San-Pedro'),(90731,8.75,7.25,1.5,0,0,'San Pedro','CA','Los Angeles',0,'San-Pedro'),(90723,8.75,7.25,1.5,0,0,'Paramount','CA','Los Angeles',0,'Paramount'),(90721,7.75,7.25,0.5,0,0,'Los Alamitos','CA','Orange',0,'Los-Alamitos'),(90720,7.75,7.25,0.5,0,0,'Los Alamitos','CA','Orange',0,'Los-Alamitos'),(90717,8.75,7.25,1.5,0,0,'Lomita','CA','Los Angeles',0,'Lomita'),(90716,8.75,7.25,1.5,0,0,'Hawaiian Gardens','CA','Los Angeles',0,'Hawaiian-Gardens'),(90715,8.75,7.25,1.5,0,0,'Lakewood','CA','Los Angeles',0,'Lakewood'),(90714,8.75,7.25,1.5,0,0,'Lakewood','CA','Los Angeles',0,'Lakewood'),(90713,8.75,7.25,1.5,0,0,'Lakewood','CA','Los Angeles',0,'Lakewood'),(90712,8.75,7.25,1.5,0,0,'Lakewood','CA','Los Angeles',0,'Lakewood'),(90711,8.75,7.25,1.5,0,0,'Lakewood','CA','Los Angeles',0,'Lakewood'),(90710,8.75,7.25,1.5,0,0,'Harbor City','CA','Los Angeles',0,'Harbor-City'),(90707,8.75,7.25,1.5,0,0,'Bellflower','CA','Los Angeles',0,'Bellflower'),(90706,8.75,7.25,1.5,0,0,'Bellflower','CA','Los Angeles',0,'Bellflower'),(90704,9.25,7.25,1.5,0.5,0,'Avalon','CA','Los Angeles',0,'Avalon'),(90703,8.75,7.25,1.5,0,0,'Cerritos','CA','Los Angeles',0,'Cerritos'),(90702,8.75,7.25,1.5,0,0,'Artesia','CA','Los Angeles',0,'Artesia'),(90701,8.75,7.25,1.5,0,0,'Artesia','CA','Los Angeles',0,'Artesia'),(90680,7.75,7.25,0.5,0,0,'Stanton','CA','Orange',0,'Stanton'),(90671,8.75,7.25,1.5,0,0,'Santa Fe Springs','CA','Los Angeles',0,'Santa-Fe-Springs'),(90670,8.75,7.25,1.5,0,0,'Santa Fe Springs','CA','Los Angeles',0,'Santa-Fe-Springs'),(90662,9.75,7.25,1.5,1,0,'Pico Rivera','CA','Los Angeles',0,'Pico-Rivera'),(90661,9.75,7.25,1.5,1,0,'Pico Rivera','CA','Los Angeles',0,'Pico-Rivera'),(90660,9.75,7.25,1.5,1,0,'Pico Rivera','CA','Los Angeles',0,'Pico-Rivera'),(90652,8.75,7.25,1.5,0,0,'Norwalk','CA','Los Angeles',0,'Norwalk'),(90651,8.75,7.25,1.5,0,0,'Norwalk','CA','Los Angeles',0,'Norwalk'),(90650,8.75,7.25,1.5,0,0,'Norwalk','CA','Los Angeles',0,'Norwalk'),(90640,8.75,7.25,1.5,0,0,'Montebello','CA','Los Angeles',0,'Montebello'),(90639,8.75,7.25,1.5,0,0,'La Mirada','CA','Los Angeles',0,'La-Mirada'),(90638,8.75,7.25,1.5,0,0,'La Mirada','CA','Los Angeles',0,'La-Mirada'),(90637,8.75,7.25,1.5,0,0,'La Mirada','CA','Los Angeles',0,'La-Mirada'),(90633,8.25,7.25,0.5,0.5,0,'La Habra','CA','Orange',0,'La-Habra'),(90632,8.25,7.25,0.5,0.5,0,'La Habra','CA','Orange',0,'La-Habra'),(90631,8.25,7.25,0.5,0.5,0,'La Habra','CA','Orange',0,'La-Habra'),(90630,7.75,7.25,0.5,0,0,'Cypress','CA','Orange',0,'Cypress'),(90624,7.75,7.25,0.5,0,0,'Buena Park','CA','Orange',0,'Buena-Park'),(90623,7.75,7.25,0.5,0,0,'La Palma','CA','Orange',0,'La-Palma'),(90622,7.75,7.25,0.5,0,0,'Buena Park','CA','Orange',0,'Buena-Park'),(90621,7.75,7.25,0.5,0,0,'Buena Park','CA','Orange',0,'Buena-Park'),(90620,7.75,7.25,0.5,0,0,'Buena Park','CA','Orange',0,'Buena-Park'),(90610,8.75,7.25,1.5,0,0,'Whittier','CA','Los Angeles',0,'Whittier'),(90609,8.75,7.25,1.5,0,0,'Whittier','CA','Los Angeles',0,'Whittier'),(90608,8.75,7.25,1.5,0,0,'Whittier','CA','Los Angeles',0,'Whittier'),(90607,8.75,7.25,1.5,0,0,'Whittier','CA','Los Angeles',0,'Whittier'),(90606,8.75,7.25,1.5,0,0,'Whittier','CA','Los Angeles',0,'Whittier'),(90605,8.75,7.25,1.5,0,0,'Whittier','CA','Los Angeles',0,'Whittier'),(90604,8.75,7.25,1.5,0,0,'Whittier','CA','Los Angeles',0,'Whittier'),(90603,8.75,7.25,1.5,0,0,'Whittier','CA','Los Angeles',0,'Whittier'),(90602,8.75,7.25,1.5,0,0,'Whittier','CA','Los Angeles',0,'Whittier'),(90601,8.75,7.25,1.5,0,0,'Whittier','CA','Los Angeles',0,'Whittier'),(90510,8.75,7.25,1.5,0,0,'Torrance','CA','Los Angeles',0,'Torrance'),(90509,8.75,7.25,1.5,0,0,'Torrance','CA','Los Angeles',0,'Torrance'),(90508,8.75,7.25,1.5,0,0,'Torrance','CA','Los Angeles',0,'Torrance'),(90507,8.75,7.25,1.5,0,0,'Torrance','CA','Los Angeles',0,'Torrance'),(90506,8.75,7.25,1.5,0,0,'Torrance','CA','Los Angeles',0,'Torrance'),(90505,8.75,7.25,1.5,0,0,'Torrance','CA','Los Angeles',0,'Torrance'),(90504,8.75,7.25,1.5,0,0,'Torrance','CA','Los Angeles',0,'Torrance'),(90503,8.75,7.25,1.5,0,0,'Torrance','CA','Los Angeles',0,'Torrance'),(90502,8.75,7.25,1.5,0,0,'Torrance','CA','Los Angeles',0,'Torrance'),(90501,8.75,7.25,1.5,0,0,'Torrance','CA','Los Angeles',0,'Torrance'),(90411,9.25,7.25,1.5,0.5,0,'Santa Monica','CA','Los Angeles',0,'Santa-Monica'),(90410,9.25,7.25,1.5,0.5,0,'Santa Monica','CA','Los Angeles',0,'Santa-Monica'),(90409,9.25,7.25,1.5,0.5,0,'Santa Monica','CA','Los Angeles',0,'Santa-Monica'),(90408,9.25,7.25,1.5,0.5,0,'Santa Monica','CA','Los Angeles',0,'Santa-Monica'),(90407,9.25,7.25,1.5,0.5,0,'Santa Monica','CA','Los Angeles',0,'Santa-Monica'),(90406,9.25,7.25,1.5,0.5,0,'Santa Monica','CA','Los Angeles',0,'Santa-Monica'),(90405,9.25,7.25,1.5,0.5,0,'Santa Monica','CA','Los Angeles',0,'Santa-Monica'),(90404,9.25,7.25,1.5,0.5,0,'Santa Monica','CA','Los Angeles',0,'Santa-Monica'),(90403,9.25,7.25,1.5,0.5,0,'Santa Monica','CA','Los Angeles',0,'Santa-Monica'),(90402,9.25,7.25,1.5,0.5,0,'Santa Monica','CA','Los Angeles',0,'Santa-Monica'),(90401,9.25,7.25,1.5,0.5,0,'Santa Monica','CA','Los Angeles',0,'Santa-Monica'),(90312,9.25,7.25,1.5,0.5,0,'Inglewood','CA','Los Angeles',0,'Inglewood'),(90311,9.25,7.25,1.5,0.5,0,'Inglewood','CA','Los Angeles',0,'Inglewood'),(90310,9.25,7.25,1.5,0.5,0,'Inglewood','CA','Los Angeles',0,'Inglewood'),(90309,9.25,7.25,1.5,0.5,0,'Inglewood','CA','Los Angeles',0,'Inglewood'),(90308,9.25,7.25,1.5,0.5,0,'Inglewood','CA','Los Angeles',0,'Inglewood'),(90307,9.25,7.25,1.5,0.5,0,'Inglewood','CA','Los Angeles',0,'Inglewood'),(90306,9.25,7.25,1.5,0.5,0,'Inglewood','CA','Los Angeles',0,'Inglewood'),(90305,9.25,7.25,1.5,0.5,0,'Inglewood','CA','Los Angeles',0,'Inglewood'),(90304,9.25,7.25,1.5,0.5,0,'Inglewood','CA','Los Angeles',0,'Inglewood'),(90303,9.25,7.25,1.5,0.5,0,'Inglewood','CA','Los Angeles',0,'Inglewood'),(90302,9.25,7.25,1.5,0.5,0,'Inglewood','CA','Los Angeles',0,'Inglewood'),(90301,9.25,7.25,1.5,0.5,0,'Inglewood','CA','Los Angeles',0,'Inglewood'),(90296,8.75,7.25,1.5,0,0,'Playa Del Rey','CA','Los Angeles',0,'Playa-Del-Rey'),(90295,8.75,7.25,1.5,0,0,'Marina Del Rey','CA','Los Angeles',0,'Marina-Del-Rey'),(90294,8.75,7.25,1.5,0,0,'Venice','CA','Los Angeles',0,'Venice'),(90293,8.75,7.25,1.5,0,0,'Playa Del Rey','CA','Los Angeles',0,'Playa-Del-Rey'),(90292,8.75,7.25,1.5,0,0,'Marina Del Rey','CA','Los Angeles',0,'Marina-Del-Rey'),(90291,8.75,7.25,1.5,0,0,'Venice','CA','Los Angeles',0,'Venice'),(90290,8.75,7.25,1.5,0,0,'Topanga','CA','Los Angeles',0,'Topanga'),(90280,9.75,7.25,1.5,1,0,'South Gate','CA','Los Angeles',0,'South-Gate'),(90278,8.75,7.25,1.5,0,0,'Redondo Beach','CA','Los Angeles',0,'Redondo-Beach'),(90277,8.75,7.25,1.5,0,0,'Redondo Beach','CA','Los Angeles',0,'Redondo-Beach'),(90275,8.75,7.25,1.5,0,0,'Rancho Palos Verdes','CA','Los Angeles',0,'Rancho-Palos-Verdes'),(90274,8.75,7.25,1.5,0,0,'Palos Verdes Peninsula','CA','Los Angeles',0,'Palos-Verdes-Peninsula'),(90272,8.75,7.25,1.5,0,0,'Pacific Palisades','CA','Los Angeles',0,'Pacific-Palisades'),(90270,8.75,7.25,1.5,0,0,'Maywood','CA','Los Angeles',0,'Maywood'),(90267,8.75,7.25,1.5,0,0,'Manhattan Beach','CA','Los Angeles',0,'Manhattan-Beach'),(90266,8.75,7.25,1.5,0,0,'Manhattan Beach','CA','Los Angeles',0,'Manhattan-Beach'),(90265,8.75,7.25,1.5,0,0,'Malibu','CA','Los Angeles',0,'Malibu'),(90264,8.75,7.25,1.5,0,0,'Malibu','CA','Los Angeles',0,'Malibu'),(90263,8.75,7.25,1.5,0,0,'Malibu','CA','Los Angeles',0,'Malibu'),(90262,8.75,7.25,1.5,0,0,'Lynwood','CA','Los Angeles',0,'Lynwood'),(90261,8.75,7.25,1.5,0,0,'Lawndale','CA','Los Angeles',0,'Lawndale'),(90260,8.75,7.25,1.5,0,0,'Lawndale','CA','Los Angeles',0,'Lawndale'),(90255,8.75,7.25,1.5,0,0,'Huntington Park','CA','Los Angeles',0,'Huntington-Park'),(90254,8.75,7.25,1.5,0,0,'Hermosa Beach','CA','Los Angeles',0,'Hermosa-Beach'),(90251,8.75,7.25,1.5,0,0,'Hawthorne','CA','Los Angeles',0,'Hawthorne'),(90250,8.75,7.25,1.5,0,0,'Hawthorne','CA','Los Angeles',0,'Hawthorne'),(90249,8.75,7.25,1.5,0,0,'Gardena','CA','Los Angeles',0,'Gardena'),(90248,8.75,7.25,1.5,0,0,'Gardena','CA','Los Angeles',0,'Gardena'),(90247,8.75,7.25,1.5,0,0,'Gardena','CA','Los Angeles',0,'Gardena'),(90245,8.75,7.25,1.5,0,0,'El Segundo','CA','Los Angeles',0,'El-Segundo'),(90242,8.75,7.25,1.5,0,0,'Downey','CA','Los Angeles',0,'Downey'),(90241,8.75,7.25,1.5,0,0,'Downey','CA','Los Angeles',0,'Downey'),(90240,8.75,7.25,1.5,0,0,'Downey','CA','Los Angeles',0,'Downey'),(90239,8.75,7.25,1.5,0,0,'Downey','CA','Los Angeles',0,'Downey'),(90233,8.75,7.25,1.5,0,0,'Culver City','CA','Los Angeles',0,'Culver-City'),(90232,8.75,7.25,1.5,0,0,'Culver City','CA','Los Angeles',0,'Culver-City'),(90231,8.75,7.25,1.5,0,0,'Culver City','CA','Los Angeles',0,'Culver-City'),(90230,8.75,7.25,1.5,0,0,'Culver City','CA','Los Angeles',0,'Culver-City'),(90224,8.75,7.25,1.5,0,0,'Compton','CA','Los Angeles',0,'Compton'),(90223,8.75,7.25,1.5,0,0,'Compton','CA','Los Angeles',0,'Compton'),(90222,8.75,7.25,1.5,0,0,'Compton','CA','Los Angeles',0,'Compton'),(90221,8.75,7.25,1.5,0,0,'Compton','CA','Los Angeles',0,'Compton'),(90220,8.75,7.25,1.5,0,0,'Compton','CA','Los Angeles',0,'Compton'),(90213,8.75,7.25,1.5,0,0,'Beverly Hills','CA','Los Angeles',0,'Beverly-Hills'),(90212,8.75,7.25,1.5,0,0,'Beverly Hills','CA','Los Angeles',0,'Beverly-Hills'),(90211,8.75,7.25,1.5,0,0,'Beverly Hills','CA','Los Angeles',0,'Beverly-Hills'),(90210,8.75,7.25,1.5,0,0,'Beverly Hills','CA','Los Angeles',0,'Beverly-Hills'),(90209,8.75,7.25,1.5,0,0,'Beverly Hills','CA','Los Angeles',0,'Beverly-Hills'),(90202,8.75,7.25,1.5,0,0,'Bell','CA','Los Angeles',0,'Bell'),(90201,8.75,7.25,1.5,0,0,'Bell Gardens','CA','Los Angeles',0,'Bell-Gardens'),(90189,8.75,7.25,1.5,0,0,'Los Angeles','CA','Los Angeles',0,'Los-Angeles'),(90103,8.75,7.25,1.5,0,0,'Los Angeles','CA','Los Angeles',0,'Los-Angeles'),(90101,8.75,7.25,1.5,0,0,'Los Angeles','CA','Los Angeles',0,'Los-Angeles'),(90099,8.75,7.25,1.5,0,0,'Los Angeles','CA','Los Angeles',0,'Los-Angeles'),(90096,8.75,7.25,1.5,0,0,'Los Angeles','CA','Los Angeles',0,'Los-Angeles'),(90095,8.75,7.25,1.5,0,0,'Los Angeles','CA','Los Angeles',0,'Los-Angeles'),(90094,8.75,7.25,1.5,0,0,'Playa Vista','CA','Los Angeles',0,'Playa-Vista'),(90093,8.75,7.25,1.5,0,0,'Los Angeles','CA','Los Angeles',0,'Los-Angeles'),(90091,8.75,7.25,1.5,0,0,'Los Angeles','CA','Los Angeles',0,'Los-Angeles'),(90090,8.75,7.25,1.5,0,0,'Dodgertown','CA','Los Angeles',0,'Dodgertown'),(90089,8.75,7.25,1.5,0,0,'Los Angeles','CA','Los Angeles',0,'Los-Angeles'),(90088,8.75,7.25,1.5,0,0,'Los Angeles','CA','Los Angeles',0,'Los-Angeles'),(90087,8.75,7.25,1.5,0,0,'Los Angeles','CA','Los Angeles',0,'Los-Angeles'),(90086,8.75,7.25,1.5,0,0,'Los Angeles','CA','Los Angeles',0,'Los-Angeles'),(90084,8.75,7.25,1.5,0,0,'Los Angeles','CA','Los Angeles',0,'Los-Angeles'),(90083,8.75,7.25,1.5,0,0,'Los Angeles','CA','Los Angeles',0,'Los-Angeles'),(90082,8.75,7.25,1.5,0,0,'Los Angeles','CA','Los Angeles',0,'Los-Angeles'),(90081,8.75,7.25,1.5,0,0,'Los Angeles','CA','Los Angeles',0,'Los-Angeles'),(90080,8.75,7.25,1.5,0,0,'Los Angeles','CA','Los Angeles',0,'Los-Angeles'),(90079,8.75,7.25,1.5,0,0,'Los Angeles','CA','Los Angeles',0,'Los-Angeles'),(90078,8.75,7.25,1.5,0,0,'Los Angeles','CA','Los Angeles',0,'Los-Angeles'),(90077,8.75,7.25,1.5,0,0,'Los Angeles','CA','Los Angeles',0,'Los-Angeles'),(90076,8.75,7.25,1.5,0,0,'Los Angeles','CA','Los Angeles',0,'Los-Angeles'),(90075,8.75,7.25,1.5,0,0,'Los Angeles','CA','Los Angeles',0,'Los-Angeles'),(90074,8.75,7.25,1.5,0,0,'Los Angeles','CA','Los Angeles',0,'Los-Angeles'),(90073,8.75,7.25,1.5,0,0,'Los Angeles','CA','Los Angeles',0,'Los-Angeles'),(90072,8.75,7.25,1.5,0,0,'Los Angeles','CA','Los Angeles',0,'Los-Angeles'),(90071,8.75,7.25,1.5,0,0,'Los Angeles','CA','Los Angeles',0,'Los-Angeles'),(90070,8.75,7.25,1.5,0,0,'Los Angeles','CA','Los Angeles',0,'Los-Angeles'),(90069,8.75,7.25,1.5,0,0,'West Hollywood','CA','Los Angeles',0,'West-Hollywood'),(90068,8.75,7.25,1.5,0,0,'Los Angeles','CA','Los Angeles',0,'Los-Angeles'),(90067,8.75,7.25,1.5,0,0,'Los Angeles','CA','Los Angeles',0,'Los-Angeles'),(90066,8.75,7.25,1.5,0,0,'Los Angeles','CA','Los Angeles',0,'Los-Angeles'),(90065,8.75,7.25,1.5,0,0,'Los Angeles','CA','Los Angeles',0,'Los-Angeles'),(90064,8.75,7.25,1.5,0,0,'Los Angeles','CA','Los Angeles',0,'Los-Angeles'),(90063,8.75,7.25,1.5,0,0,'Los Angeles','CA','Los Angeles',0,'Los-Angeles'),(90062,8.75,7.25,1.5,0,0,'Los Angeles','CA','Los Angeles',0,'Los-Angeles'),(90061,8.75,7.25,1.5,0,0,'Los Angeles','CA','Los Angeles',0,'Los-Angeles'),(90060,8.75,7.25,1.5,0,0,'Los Angeles','CA','Los Angeles',0,'Los-Angeles'),(90059,8.75,7.25,1.5,0,0,'Los Angeles','CA','Los Angeles',0,'Los-Angeles'),(90058,8.75,7.25,1.5,0,0,'Los Angeles','CA','Los Angeles',0,'Los-Angeles'),(90057,8.75,7.25,1.5,0,0,'Los Angeles','CA','Los Angeles',0,'Los-Angeles'),(90056,8.75,7.25,1.5,0,0,'Los Angeles','CA','Los Angeles',0,'Los-Angeles'),(90055,8.75,7.25,1.5,0,0,'Los Angeles','CA','Los Angeles',0,'Los-Angeles'),(90054,8.75,7.25,1.5,0,0,'Los Angeles','CA','Los Angeles',0,'Los-Angeles'),(90053,8.75,7.25,1.5,0,0,'Los Angeles','CA','Los Angeles',0,'Los-Angeles'),(90052,8.75,7.25,1.5,0,0,'Los Angeles','CA','Los Angeles',0,'Los-Angeles'),(90051,8.75,7.25,1.5,0,0,'Los Angeles','CA','Los Angeles',0,'Los-Angeles'),(90050,8.75,7.25,1.5,0,0,'Los Angeles','CA','Los Angeles',0,'Los-Angeles'),(90049,8.75,7.25,1.5,0,0,'Los Angeles','CA','Los Angeles',0,'Los-Angeles'),(90048,8.75,7.25,1.5,0,0,'Los Angeles','CA','Los Angeles',0,'Los-Angeles'),(90047,8.75,7.25,1.5,0,0,'Los Angeles','CA','Los Angeles',0,'Los-Angeles'),(90046,8.75,7.25,1.5,0,0,'Los Angeles','CA','Los Angeles',0,'Los-Angeles'),(90045,8.75,7.25,1.5,0,0,'Los Angeles','CA','Los Angeles',0,'Los-Angeles'),(90044,8.75,7.25,1.5,0,0,'Los Angeles','CA','Los Angeles',0,'Los-Angeles'),(90043,8.75,7.25,1.5,0,0,'Los Angeles','CA','Los Angeles',0,'Los-Angeles'),(90042,8.75,7.25,1.5,0,0,'Los Angeles','CA','Los Angeles',0,'Los-Angeles'),(90041,8.75,7.25,1.5,0,0,'Los Angeles','CA','Los Angeles',0,'Los-Angeles'),(90040,8.75,7.25,1.5,0,0,'Los Angeles','CA','Los Angeles',0,'Los-Angeles'),(90039,8.75,7.25,1.5,0,0,'Los Angeles','CA','Los Angeles',0,'Los-Angeles'),(90038,8.75,7.25,1.5,0,0,'Los Angeles','CA','Los Angeles',0,'Los-Angeles'),(90037,8.75,7.25,1.5,0,0,'Los Angeles','CA','Los Angeles',0,'Los-Angeles'),(90036,8.75,7.25,1.5,0,0,'Los Angeles','CA','Los Angeles',0,'Los-Angeles'),(90035,8.75,7.25,1.5,0,0,'Los Angeles','CA','Los Angeles',0,'Los-Angeles'),(90034,8.75,7.25,1.5,0,0,'Los Angeles','CA','Los Angeles',0,'Los-Angeles'),(90033,8.75,7.25,1.5,0,0,'Los Angeles','CA','Los Angeles',0,'Los-Angeles'),(90032,8.75,7.25,1.5,0,0,'Los Angeles','CA','Los Angeles',0,'Los-Angeles'),(90031,8.75,7.25,1.5,0,0,'Los Angeles','CA','Los Angeles',0,'Los-Angeles'),(90030,8.75,7.25,1.5,0,0,'Los Angeles','CA','Los Angeles',0,'Los-Angeles'),(90029,8.75,7.25,1.5,0,0,'Los Angeles','CA','Los Angeles',0,'Los-Angeles'),(90028,8.75,7.25,1.5,0,0,'Los Angeles','CA','Los Angeles',0,'Los-Angeles'),(90027,8.75,7.25,1.5,0,0,'Los Angeles','CA','Los Angeles',0,'Los-Angeles'),(90026,8.75,7.25,1.5,0,0,'Los Angeles','CA','Los Angeles',0,'Los-Angeles'),(90025,8.75,7.25,1.5,0,0,'Los Angeles','CA','Los Angeles',0,'Los-Angeles'),(90024,8.75,7.25,1.5,0,0,'Los Angeles','CA','Los Angeles',0,'Los-Angeles'),(90023,8.75,7.25,1.5,0,0,'Los Angeles','CA','Los Angeles',0,'Los-Angeles'),(90022,8.75,7.25,1.5,0,0,'Los Angeles','CA','Los Angeles',0,'Los-Angeles'),(90021,8.75,7.25,1.5,0,0,'Los Angeles','CA','Los Angeles',0,'Los-Angeles'),(90020,8.75,7.25,1.5,0,0,'Los Angeles','CA','Los Angeles',0,'Los-Angeles'),(90019,8.75,7.25,1.5,0,0,'Los Angeles','CA','Los Angeles',0,'Los-Angeles'),(90018,8.75,7.25,1.5,0,0,'Los Angeles','CA','Los Angeles',0,'Los-Angeles'),(90017,8.75,7.25,1.5,0,0,'Los Angeles','CA','Los Angeles',0,'Los-Angeles'),(90016,8.75,7.25,1.5,0,0,'Los Angeles','CA','Los Angeles',0,'Los-Angeles'),(90015,8.75,7.25,1.5,0,0,'Los Angeles','CA','Los Angeles',0,'Los-Angeles'),(90014,8.75,7.25,1.5,0,0,'Los Angeles','CA','Los Angeles',0,'Los-Angeles'),(90013,8.75,7.25,1.5,0,0,'Los Angeles','CA','Los Angeles',0,'Los-Angeles'),(90012,8.75,7.25,1.5,0,0,'Los Angeles','CA','Los Angeles',0,'Los-Angeles'),(90011,8.75,7.25,1.5,0,0,'Los Angeles','CA','Los Angeles',0,'Los-Angeles'),(90010,8.75,7.25,1.5,0,0,'Los Angeles','CA','Los Angeles',0,'Los-Angeles'),(90009,8.75,7.25,1.5,0,0,'Los Angeles','CA','Los Angeles',0,'Los-Angeles'),(90008,8.75,7.25,1.5,0,0,'Los Angeles','CA','Los Angeles',0,'Los-Angeles'),(90007,8.75,7.25,1.5,0,0,'Los Angeles','CA','Los Angeles',0,'Los-Angeles'),(90006,8.75,7.25,1.5,0,0,'Los Angeles','CA','Los Angeles',0,'Los-Angeles'),(90005,8.75,7.25,1.5,0,0,'Los Angeles','CA','Los Angeles',0,'Los-Angeles'),(90004,8.75,7.25,1.5,0,0,'Los Angeles','CA','Los Angeles',0,'Los-Angeles'),(90003,8.75,7.25,1.5,0,0,'Los Angeles','CA','Los Angeles',0,'Los-Angeles'),(90002,8.75,7.25,1.5,0,0,'Los Angeles','CA','Los Angeles',0,'Los-Angeles'),(90001,8.75,7.25,1.5,0,0,'Los Angeles','CA','Los Angeles',0,'Los-Angeles'),(96898,4.712,4.166,0.546,0,0,'Wake Island','HI','Honolulu',1,'Wake-Island'),(96863,4.712,4.166,0.546,0,0,'M C B H Kaneohe Bay','HI','Honolulu',1,'M-C-B-H-Kaneohe-Bay'),(96861,4.712,4.166,0.546,0,0,'Camp H M Smith','HI','Honolulu',1,'Camp-H-M-Smith'),(96860,4.712,4.166,0.546,0,0,'J B P H H','HI','Honolulu',1,'J-B-P-H-H'),(96859,4.712,4.166,0.546,0,0,'Tripler Army Medical Center','HI','Honolulu',1,'Tripler-Army-Medical-Center'),(96858,4.712,4.166,0.546,0,0,'Fort Shafter','HI','Honolulu',1,'Fort-Shafter'),(96857,4.712,4.166,0.546,0,0,'Schofield Barracks','HI','Honolulu',1,'Schofield-Barracks'),(96854,4.712,4.166,0.546,0,0,'Wheeler Army Airfield','HI','Honolulu',1,'Wheeler-Army-Airfield'),(96853,4.712,4.166,0.546,0,0,'J B P H H','HI','Honolulu',1,'J-B-P-H-H'),(96850,4.712,4.166,0.546,0,0,'Honolulu','HI','Honolulu',1,'Honolulu'),(96849,4.712,4.166,0.546,0,0,'Honolulu','HI','Honolulu',1,'Honolulu'),(96848,4.712,4.166,0.546,0,0,'Honolulu','HI','Honolulu',1,'Honolulu'),(96847,4.712,4.166,0.546,0,0,'Honolulu','HI','Honolulu',1,'Honolulu'),(96846,4.712,4.166,0.546,0,0,'Honolulu','HI','Honolulu',1,'Honolulu'),(96844,4.712,4.166,0.546,0,0,'Honolulu','HI','Honolulu',1,'Honolulu'),(96843,4.712,4.166,0.546,0,0,'Honolulu','HI','Honolulu',1,'Honolulu'),(96841,4.712,4.166,0.546,0,0,'Honolulu','HI','Honolulu',1,'Honolulu'),(96840,4.712,4.166,0.546,0,0,'Honolulu','HI','Honolulu',1,'Honolulu'),(96839,4.712,4.166,0.546,0,0,'Honolulu','HI','Honolulu',1,'Honolulu'),(96838,4.712,4.166,0.546,0,0,'Honolulu','HI','Honolulu',1,'Honolulu'),(96837,4.712,4.166,0.546,0,0,'Honolulu','HI','Honolulu',1,'Honolulu'),(96836,4.712,4.166,0.546,0,0,'Honolulu','HI','Honolulu',1,'Honolulu'),(96830,4.712,4.166,0.546,0,0,'Honolulu','HI','Honolulu',1,'Honolulu'),(96828,4.712,4.166,0.546,0,0,'Honolulu','HI','Honolulu',1,'Honolulu'),(96827,4.712,4.166,0.546,0,0,'Honolulu','HI','Honolulu',1,'Honolulu'),(96826,4.712,4.166,0.546,0,0,'Honolulu','HI','Honolulu',1,'Honolulu'),(96825,4.712,4.166,0.546,0,0,'Honolulu','HI','Honolulu',1,'Honolulu'),(96824,4.712,4.166,0.546,0,0,'Honolulu','HI','Honolulu',1,'Honolulu'),(96823,4.712,4.166,0.546,0,0,'Honolulu','HI','Honolulu',1,'Honolulu'),(96822,4.712,4.166,0.546,0,0,'Honolulu','HI','Honolulu',1,'Honolulu'),(96821,4.712,4.166,0.546,0,0,'Honolulu','HI','Honolulu',1,'Honolulu'),(96820,4.712,4.166,0.546,0,0,'Honolulu','HI','Honolulu',1,'Honolulu'),(96819,4.712,4.166,0.546,0,0,'Honolulu','HI','Honolulu',1,'Honolulu'),(96818,4.712,4.166,0.546,0,0,'Honolulu','HI','Honolulu',1,'Honolulu'),(96817,4.712,4.166,0.546,0,0,'Honolulu','HI','Honolulu',1,'Honolulu'),(96816,4.712,4.166,0.546,0,0,'Honolulu','HI','Honolulu',1,'Honolulu'),(96815,4.712,4.166,0.546,0,0,'Honolulu','HI','Honolulu',1,'Honolulu'),(96814,4.712,4.166,0.546,0,0,'Honolulu','HI','Honolulu',1,'Honolulu'),(96813,4.712,4.166,0.546,0,0,'Honolulu','HI','Honolulu',1,'Honolulu'),(96812,4.712,4.166,0.546,0,0,'Honolulu','HI','Honolulu',1,'Honolulu'),(96811,4.712,4.166,0.546,0,0,'Honolulu','HI','Honolulu',1,'Honolulu'),(96810,4.712,4.166,0.546,0,0,'Honolulu','HI','Honolulu',1,'Honolulu'),(96809,4.712,4.166,0.546,0,0,'Honolulu','HI','Honolulu',1,'Honolulu'),(96808,4.712,4.166,0.546,0,0,'Honolulu','HI','Honolulu',1,'Honolulu'),(96807,4.712,4.166,0.546,0,0,'Honolulu','HI','Honolulu',1,'Honolulu'),(96806,4.712,4.166,0.546,0,0,'Honolulu','HI','Honolulu',1,'Honolulu'),(96805,4.712,4.166,0.546,0,0,'Honolulu','HI','Honolulu',1,'Honolulu'),(96804,4.712,4.166,0.546,0,0,'Honolulu','HI','Honolulu',1,'Honolulu'),(96803,4.712,4.166,0.546,0,0,'Honolulu','HI','Honolulu',1,'Honolulu'),(96802,4.712,4.166,0.546,0,0,'Honolulu','HI','Honolulu',1,'Honolulu'),(96801,4.712,4.166,0.546,0,0,'Honolulu','HI','Honolulu',1,'Honolulu'),(96797,4.712,4.166,0.546,0,0,'Waipahu','HI','Honolulu',1,'Waipahu'),(96796,4.166,4.166,0,0,0,'Waimea','HI','Kauai',1,'Waimea'),(96795,4.712,4.166,0.546,0,0,'Waimanalo','HI','Honolulu',1,'Waimanalo'),(96793,4.166,4.166,0,0,0,'Wailuku','HI','Maui',1,'Wailuku'),(96792,4.712,4.166,0.546,0,0,'Waianae','HI','Honolulu',1,'Waianae'),(96791,4.712,4.166,0.546,0,0,'Waialua','HI','Honolulu',1,'Waialua'),(96790,4.166,4.166,0,0,0,'Kula','HI','Maui',1,'Kula'),(96789,4.712,4.166,0.546,0,0,'Mililani','HI','Honolulu',1,'Mililani'),(96788,4.166,4.166,0,0,0,'Pukalani','HI','Maui',1,'Pukalani'),(96786,4.712,4.166,0.546,0,0,'Wahiawa','HI','Honolulu',1,'Wahiawa'),(96785,4.166,4.166,0,0,0,'Volcano','HI','Hawaii',1,'Volcano'),(96784,4.166,4.166,0,0,0,'Puunene','HI','Maui',1,'Puunene'),(96783,4.166,4.166,0,0,0,'Pepeekeo','HI','Hawaii',1,'Pepeekeo'),(96782,4.712,4.166,0.546,0,0,'Pearl City','HI','Honolulu',1,'Pearl-City'),(96781,4.166,4.166,0,0,0,'Papaikou','HI','Hawaii',1,'Papaikou'),(96780,4.166,4.166,0,0,0,'Papaaloa','HI','Hawaii',1,'Papaaloa'),(96779,4.166,4.166,0,0,0,'Paia','HI','Maui',1,'Paia'),(96778,4.166,4.166,0,0,0,'Pahoa','HI','Hawaii',1,'Pahoa'),(96777,4.166,4.166,0,0,0,'Pahala','HI','Hawaii',1,'Pahala'),(96776,4.166,4.166,0,0,0,'Paauilo','HI','Hawaii',1,'Paauilo'),(96774,4.166,4.166,0,0,0,'Ookala','HI','Hawaii',1,'Ookala'),(96773,4.166,4.166,0,0,0,'Ninole','HI','Hawaii',1,'Ninole'),(96772,4.166,4.166,0,0,0,'Naalehu','HI','Hawaii',1,'Naalehu'),(96771,4.166,4.166,0,0,0,'Mountain View','HI','Hawaii',1,'Mountain-View'),(96770,4.166,4.166,0,0,0,'Maunaloa','HI','Maui',1,'Maunaloa'),(96769,4.166,4.166,0,0,0,'Makaweli','HI','Kauai',1,'Makaweli'),(96768,4.166,4.166,0,0,0,'Makawao','HI','Maui',1,'Makawao'),(96767,4.166,4.166,0,0,0,'Lahaina','HI','Maui',1,'Lahaina'),(96766,4.166,4.166,0,0,0,'Lihue','HI','Kauai',1,'Lihue'),(96765,4.166,4.166,0,0,0,'Lawai','HI','Kauai',1,'Lawai'),(96764,4.166,4.166,0,0,0,'Laupahoehoe','HI','Hawaii',1,'Laupahoehoe'),(96763,4.166,4.166,0,0,0,'Lanai City','HI','Maui',1,'Lanai-City'),(96762,4.712,4.166,0.546,0,0,'Laie','HI','Honolulu',1,'Laie'),(96761,4.166,4.166,0,0,0,'Lahaina','HI','Maui',1,'Lahaina'),(96760,4.166,4.166,0,0,0,'Kurtistown','HI','Hawaii',1,'Kurtistown'),(96759,4.712,4.166,0.546,0,0,'Kunia','HI','Honolulu',1,'Kunia'),(96757,4.166,4.166,0,0,0,'Kualapuu','HI','Maui',1,'Kualapuu'),(96756,4.166,4.166,0,0,0,'Koloa','HI','Kauai',1,'Koloa'),(96755,4.166,4.166,0,0,0,'Kapaau','HI','Hawaii',1,'Kapaau'),(96754,4.166,4.166,0,0,0,'Kilauea','HI','Kauai',1,'Kilauea'),(96753,4.166,4.166,0,0,0,'Kihei','HI','Maui',1,'Kihei'),(96752,4.166,4.166,0,0,0,'Kekaha','HI','Kauai',1,'Kekaha'),(96751,4.166,4.166,0,0,0,'Kealia','HI','Kauai',1,'Kealia'),(96750,4.166,4.166,0,0,0,'Kealakekua','HI','Hawaii',1,'Kealakekua'),(96749,4.166,4.166,0,0,0,'Keaau','HI','Hawaii',1,'Keaau'),(96748,4.166,4.166,0,0,0,'Kaunakakai','HI','Maui',1,'Kaunakakai'),(96747,4.166,4.166,0,0,0,'Kaumakani','HI','Kauai',1,'Kaumakani'),(96746,4.166,4.166,0,0,0,'Kapaa','HI','Kauai',1,'Kapaa'),(96745,4.166,4.166,0,0,0,'Kailua Kona','HI','Hawaii',1,'Kailua-Kona'),(96744,4.712,4.166,0.546,0,0,'Kaneohe','HI','Honolulu',1,'Kaneohe'),(96743,4.166,4.166,0,0,0,'Kamuela','HI','Hawaii',1,'Kamuela'),(96742,4.166,4.166,0,0,0,'Kalaupapa','HI','Maui',1,'Kalaupapa'),(96741,4.166,4.166,0,0,0,'Kalaheo','HI','Kauai',1,'Kalaheo'),(96740,4.166,4.166,0,0,0,'Kailua Kona','HI','Hawaii',1,'Kailua-Kona'),(96739,4.166,4.166,0,0,0,'Keauhou','HI','Hawaii',1,'Keauhou'),(96738,4.166,4.166,0,0,0,'Waikoloa','HI','Hawaii',1,'Waikoloa'),(96737,4.166,4.166,0,0,0,'Ocean View','HI','Hawaii',1,'Ocean-View'),(96734,4.712,4.166,0.546,0,0,'Kailua','HI','Honolulu',1,'Kailua'),(96733,4.166,4.166,0,0,0,'Kahului','HI','Maui',1,'Kahului'),(96732,4.166,4.166,0,0,0,'Kahului','HI','Maui',1,'Kahului'),(96731,4.712,4.166,0.546,0,0,'Kahuku','HI','Honolulu',1,'Kahuku'),(96730,4.712,4.166,0.546,0,0,'Kaaawa','HI','Honolulu',1,'Kaaawa'),(96729,4.166,4.166,0,0,0,'Hoolehua','HI','Maui',1,'Hoolehua'),(96728,4.166,4.166,0,0,0,'Honomu','HI','Hawaii',1,'Honomu'),(96727,4.166,4.166,0,0,0,'Honokaa','HI','Hawaii',1,'Honokaa'),(96726,4.166,4.166,0,0,0,'Honaunau','HI','Hawaii',1,'Honaunau'),(96725,4.166,4.166,0,0,0,'Holualoa','HI','Hawaii',1,'Holualoa'),(96722,4.166,4.166,0,0,0,'Princeville','HI','Kauai',1,'Princeville'),(96721,4.166,4.166,0,0,0,'Hilo','HI','Hawaii',1,'Hilo'),(96720,4.166,4.166,0,0,0,'Hilo','HI','Hawaii',1,'Hilo'),(96719,4.166,4.166,0,0,0,'Hawi','HI','Hawaii',1,'Hawi'),(96718,4.166,4.166,0,0,0,'Hawaii National Park','HI','Hawaii',1,'Hawaii-National-Park'),(96717,4.712,4.166,0.546,0,0,'Hauula','HI','Honolulu',1,'Hauula'),(96716,4.166,4.166,0,0,0,'Hanapepe','HI','Kauai',1,'Hanapepe'),(96715,4.166,4.166,0,0,0,'Hanamaulu','HI','Kauai',1,'Hanamaulu'),(96714,4.166,4.166,0,0,0,'Hanalei','HI','Kauai',1,'Hanalei'),(96713,4.166,4.166,0,0,0,'Hana','HI','Maui',1,'Hana'),(96712,4.712,4.166,0.546,0,0,'Haleiwa','HI','Honolulu',1,'Haleiwa'),(96710,4.166,4.166,0,0,0,'Hakalau','HI','Hawaii',1,'Hakalau'),(96709,4.712,4.166,0.546,0,0,'Kapolei','HI','Honolulu',1,'Kapolei'),(96708,4.166,4.166,0,0,0,'Haiku','HI','Maui',1,'Haiku'),(96707,4.712,4.166,0.546,0,0,'Kapolei','HI','Honolulu',1,'Kapolei'),(96706,4.712,4.166,0.546,0,0,'Ewa Beach','HI','Honolulu',1,'Ewa-Beach'),(96705,4.166,4.166,0,0,0,'Eleele','HI','Kauai',1,'Eleele'),(96704,4.166,4.166,0,0,0,'Captain Cook','HI','Hawaii',1,'Captain-Cook'),(96703,4.166,4.166,0,0,0,'Anahola','HI','Kauai',1,'Anahola'),(96701,4.712,4.166,0.546,0,0,'Aiea','HI','Honolulu',1,'Aiea'),(95560,7.25,7.25,0,0,0,'Redway','CA','Humboldt',0,'Redway'),(95562,7.25,7.25,0,0,0,'Rio Dell','CA','Humboldt',0,'Rio-Dell'),(95563,7.25,7.25,0,0,0,'Salyer','CA','Trinity',0,'Salyer'),(95564,7.25,7.25,0,0,0,'Samoa','CA','Humboldt',0,'Samoa'),(95565,7.25,7.25,0,0,0,'Scotia','CA','Humboldt',0,'Scotia'),(95567,7.25,7.25,0,0,0,'Smith River','CA','Del Norte',0,'Smith-River'),(95568,7.25,7.25,0,0,0,'Somes Bar','CA','Siskiyou',0,'Somes-Bar'),(95569,7.25,7.25,0,0,0,'Redcrest','CA','Humboldt',0,'Redcrest'),(95570,8,7.25,0,0.75,0,'Trinidad','CA','Humboldt',0,'Trinidad'),(95571,7.25,7.25,0,0,0,'Weott','CA','Humboldt',0,'Weott'),(95573,7.25,7.25,0,0,0,'Willow Creek','CA','Humboldt',0,'Willow-Creek'),(95585,7.25,7.25,0,0,0,'Leggett','CA','Mendocino',0,'Leggett'),(95587,7.25,7.25,0,0,0,'Piercy','CA','Mendocino',0,'Piercy'),(95589,7.25,7.25,0,0,0,'Whitethorn','CA','Humboldt',0,'Whitethorn'),(95595,7.25,7.25,0,0,0,'Zenia','CA','Trinity',0,'Zenia'),(95601,7.75,7.25,0.5,0,0,'Amador City','CA','Amador',0,'Amador-City'),(95602,7.25,7.25,0,0,0,'Auburn','CA','Placer',0,'Auburn'),(95603,7.25,7.25,0,0,0,'Auburn','CA','Placer',0,'Auburn'),(95604,7.25,7.25,0,0,0,'Auburn','CA','Placer',0,'Auburn'),(95605,7.75,7.25,0,0.5,0,'West Sacramento','CA','Yolo',0,'West-Sacramento'),(95606,7.25,7.25,0,0,0,'Brooks','CA','Yolo',0,'Brooks'),(95607,7.25,7.25,0,0,0,'Capay','CA','Yolo',0,'Capay'),(95608,7.75,7.25,0.5,0,0,'Carmichael','CA','Sacramento',0,'Carmichael'),(95609,7.75,7.25,0.5,0,0,'Carmichael','CA','Sacramento',0,'Carmichael'),(95610,7.75,7.25,0.5,0,0,'Citrus Heights','CA','Sacramento',0,'Citrus-Heights'),(95611,7.75,7.25,0.5,0,0,'Citrus Heights','CA','Sacramento',0,'Citrus-Heights'),(95612,7.25,7.25,0,0,0,'Clarksburg','CA','Yolo',0,'Clarksburg'),(95613,7.25,7.25,0,0,0,'Coloma','CA','El Dorado',0,'Coloma'),(95614,7.25,7.25,0,0,0,'Cool','CA','El Dorado',0,'Cool'),(95615,7.75,7.25,0.5,0,0,'Courtland','CA','Sacramento',0,'Courtland'),(95616,7.75,7.25,0,0.5,0,'Davis','CA','Yolo',0,'Davis'),(95617,7.75,7.25,0,0.5,0,'Davis','CA','Yolo',0,'Davis'),(95618,7.75,7.25,0,0.5,0,'Davis','CA','Yolo',0,'Davis'),(95619,7.25,7.25,0,0,0,'Diamond Springs','CA','El Dorado',0,'Diamond-Springs'),(95620,7.375,7.25,0.125,0,0,'Dixon','CA','Solano',0,'Dixon'),(95621,7.75,7.25,0.5,0,0,'Citrus Heights','CA','Sacramento',0,'Citrus-Heights'),(95623,7.25,7.25,0,0,0,'El Dorado','CA','El Dorado',0,'El-Dorado'),(95624,7.75,7.25,0.5,0,0,'Elk Grove','CA','Sacramento',0,'Elk-Grove'),(95625,7.375,7.25,0.125,0,0,'Elmira','CA','Solano',0,'Elmira'),(95626,7.75,7.25,0.5,0,0,'Elverta','CA','Sacramento',0,'Elverta'),(95627,7.25,7.25,0,0,0,'Esparto','CA','Yolo',0,'Esparto'),(95628,7.75,7.25,0.5,0,0,'Fair Oaks','CA','Sacramento',0,'Fair-Oaks'),(95629,7.75,7.25,0.5,0,0,'Fiddletown','CA','Amador',0,'Fiddletown'),(95630,7.75,7.25,0.5,0,0,'Folsom','CA','Sacramento',0,'Folsom'),(95631,7.25,7.25,0,0,0,'Foresthill','CA','Placer',0,'Foresthill'),(95632,8.25,7.25,0.5,0.5,0,'Galt','CA','Sacramento',0,'Galt'),(95633,7.25,7.25,0,0,0,'Garden Valley','CA','El Dorado',0,'Garden-Valley'),(95634,7.25,7.25,0,0,0,'Georgetown','CA','El Dorado',0,'Georgetown'),(95635,7.25,7.25,0,0,0,'Greenwood','CA','El Dorado',0,'Greenwood'),(95636,7.25,7.25,0,0,0,'Grizzly Flats','CA','El Dorado',0,'Grizzly-Flats'),(95637,7.25,7.25,0,0,0,'Guinda','CA','Yolo',0,'Guinda'),(95638,7.75,7.25,0.5,0,0,'Herald','CA','Sacramento',0,'Herald'),(95639,7.75,7.25,0.5,0,0,'Hood','CA','Sacramento',0,'Hood'),(95640,7.75,7.25,0.5,0,0,'Ione','CA','Amador',0,'Ione'),(95641,7.75,7.25,0.5,0,0,'Isleton','CA','Sacramento',0,'Isleton'),(95642,7.75,7.25,0.5,0,0,'Jackson','CA','Amador',0,'Jackson'),(95644,7.75,7.25,0.5,0,0,'Kit Carson','CA','Amador',0,'Kit-Carson'),(95645,7.25,7.25,0,0,0,'Knights Landing','CA','Yolo',0,'Knights-Landing'),(95646,7.25,7.25,0,0,0,'Kirkwood','CA','Alpine',0,'Kirkwood'),(95648,7.25,7.25,0,0,0,'Lincoln','CA','Placer',0,'Lincoln'),(95650,7.25,7.25,0,0,0,'Loomis','CA','Placer',0,'Loomis'),(95651,7.25,7.25,0,0,0,'Lotus','CA','El Dorado',0,'Lotus'),(95652,7.75,7.25,0.5,0,0,'McClellan','CA','Sacramento',0,'McClellan'),(95653,7.25,7.25,0,0,0,'Madison','CA','Yolo',0,'Madison'),(95654,7.75,7.25,0.5,0,0,'Martell','CA','Amador',0,'Martell'),(95655,7.75,7.25,0.5,0,0,'Mather','CA','Sacramento',0,'Mather'),(95656,7.25,7.25,0,0,0,'Mount Aukum','CA','El Dorado',0,'Mount-Aukum'),(95658,7.25,7.25,0,0,0,'Newcastle','CA','Placer',0,'Newcastle'),(95659,7.25,7.25,0,0,0,'Nicolaus','CA','Sutter',0,'Nicolaus'),(95660,7.75,7.25,0.5,0,0,'North Highlands','CA','Sacramento',0,'North-Highlands'),(95661,7.25,7.25,0,0,0,'Roseville','CA','Placer',0,'Roseville'),(95662,7.75,7.25,0.5,0,0,'Orangevale','CA','Sacramento',0,'Orangevale'),(95663,7.25,7.25,0,0,0,'Penryn','CA','Placer',0,'Penryn'),(95664,7.25,7.25,0,0,0,'Pilot Hill','CA','El Dorado',0,'Pilot-Hill'),(95665,7.75,7.25,0.5,0,0,'Pine Grove','CA','Amador',0,'Pine-Grove'),(95666,7.75,7.25,0.5,0,0,'Pioneer','CA','Amador',0,'Pioneer'),(95667,7.75,7.25,0,0.5,0,'Placerville','CA','El Dorado',0,'Placerville'),(95668,7.25,7.25,0,0,0,'Pleasant Grove','CA','Sutter',0,'Pleasant-Grove'),(95669,7.75,7.25,0.5,0,0,'Plymouth','CA','Amador',0,'Plymouth'),(95670,7.75,7.25,0.5,0,0,'Rancho Cordova','CA','Sacramento',0,'Rancho-Cordova'),(95671,7.75,7.25,0.5,0,0,'Represa','CA','Sacramento',0,'Represa'),(95672,7.25,7.25,0,0,0,'Rescue','CA','El Dorado',0,'Rescue'),(95673,7.75,7.25,0.5,0,0,'Rio Linda','CA','Sacramento',0,'Rio-Linda'),(95674,7.25,7.25,0,0,0,'Rio Oso','CA','Sutter',0,'Rio-Oso'),(95675,7.75,7.25,0.5,0,0,'River Pines','CA','Amador',0,'River-Pines'),(95676,7.25,7.25,0,0,0,'Robbins','CA','Sutter',0,'Robbins'),(95677,7.25,7.25,0,0,0,'Rocklin','CA','Placer',0,'Rocklin'),(95678,7.25,7.25,0,0,0,'Roseville','CA','Placer',0,'Roseville'),(95679,7.25,7.25,0,0,0,'Rumsey','CA','Yolo',0,'Rumsey'),(95680,7.75,7.25,0.5,0,0,'Ryde','CA','Sacramento',0,'Ryde'),(95681,7.25,7.25,0,0,0,'Sheridan','CA','Placer',0,'Sheridan'),(95682,7.25,7.25,0,0,0,'Shingle Springs','CA','El Dorado',0,'Shingle-Springs'),(95683,7.75,7.25,0.5,0,0,'Sloughhouse','CA','Sacramento',0,'Sloughhouse'),(95684,7.25,7.25,0,0,0,'Somerset','CA','El Dorado',0,'Somerset'),(95685,7.75,7.25,0.5,0,0,'Sutter Creek','CA','Amador',0,'Sutter-Creek'),(95686,7.75,7.25,0.5,0,0,'Thornton','CA','San Joaquin',0,'Thornton'),(95687,7.375,7.25,0.125,0,0,'Vacaville','CA','Solano',0,'Vacaville'),(95688,7.375,7.25,0.125,0,0,'Vacaville','CA','Solano',0,'Vacaville'),(95689,7.75,7.25,0.5,0,0,'Volcano','CA','Amador',0,'Volcano'),(95690,7.75,7.25,0.5,0,0,'Walnut Grove','CA','Sacramento',0,'Walnut-Grove'),(95691,7.75,7.25,0,0.5,0,'West Sacramento','CA','Yolo',0,'West-Sacramento'),(95692,7.75,7.25,0,0.5,0,'Wheatland','CA','Yuba',0,'Wheatland'),(95693,7.75,7.25,0.5,0,0,'Wilton','CA','Sacramento',0,'Wilton'),(95694,7.25,7.25,0,0,0,'Winters','CA','Yolo',0,'Winters'),(95695,8,7.25,0,0.75,0,'Woodland','CA','Yolo',0,'Woodland'),(95696,7.375,7.25,0.125,0,0,'Vacaville','CA','Solano',0,'Vacaville'),(95697,7.25,7.25,0,0,0,'Yolo','CA','Yolo',0,'Yolo'),(95698,7.25,7.25,0,0,0,'Zamora','CA','Yolo',0,'Zamora'),(95699,7.75,7.25,0.5,0,0,'Drytown','CA','Amador',0,'Drytown'),(95701,7.25,7.25,0,0,0,'Alta','CA','Placer',0,'Alta'),(95703,7.25,7.25,0,0,0,'Applegate','CA','Placer',0,'Applegate'),(95709,7.25,7.25,0,0,0,'Camino','CA','El Dorado',0,'Camino'),(95712,7.375,7.25,0.125,0,0,'Chicago Park','CA','Nevada',0,'Chicago-Park'),(95713,7.25,7.25,0,0,0,'Colfax','CA','Placer',0,'Colfax'),(95714,7.25,7.25,0,0,0,'Dutch Flat','CA','Placer',0,'Dutch-Flat'),(95715,7.25,7.25,0,0,0,'Emigrant Gap','CA','Placer',0,'Emigrant-Gap'),(95717,7.25,7.25,0,0,0,'Gold Run','CA','Placer',0,'Gold-Run'),(95720,7.25,7.25,0,0,0,'Kyburz','CA','El Dorado',0,'Kyburz'),(95721,7.25,7.25,0,0,0,'Echo Lake','CA','El Dorado',0,'Echo-Lake'),(95722,7.25,7.25,0,0,0,'Meadow Vista','CA','Placer',0,'Meadow-Vista'),(95724,7.375,7.25,0.125,0,0,'Norden','CA','Nevada',0,'Norden'),(95726,7.25,7.25,0,0,0,'Pollock Pines','CA','El Dorado',0,'Pollock-Pines'),(95728,7.375,7.25,0.125,0,0,'Soda Springs','CA','Nevada',0,'Soda-Springs'),(95735,7.25,7.25,0,0,0,'Twin Bridges','CA','El Dorado',0,'Twin-Bridges'),(95736,7.25,7.25,0,0,0,'Weimar','CA','Placer',0,'Weimar'),(95741,7.75,7.25,0.5,0,0,'Rancho Cordova','CA','Sacramento',0,'Rancho-Cordova'),(95742,7.75,7.25,0.5,0,0,'Rancho Cordova','CA','Sacramento',0,'Rancho-Cordova'),(95746,7.25,7.25,0,0,0,'Granite Bay','CA','Placer',0,'Granite-Bay'),(95747,7.25,7.25,0,0,0,'Roseville','CA','Placer',0,'Roseville'),(95757,7.75,7.25,0.5,0,0,'Elk Grove','CA','Sacramento',0,'Elk-Grove'),(95758,7.75,7.25,0.5,0,0,'Elk Grove','CA','Sacramento',0,'Elk-Grove'),(95759,7.75,7.25,0.5,0,0,'Elk Grove','CA','Sacramento',0,'Elk-Grove'),(95762,7.25,7.25,0,0,0,'El Dorado Hills','CA','El Dorado',0,'El-Dorado-Hills'),(95763,7.75,7.25,0.5,0,0,'Folsom','CA','Sacramento',0,'Folsom'),(95765,7.25,7.25,0,0,0,'Rocklin','CA','Placer',0,'Rocklin'),(95776,8,7.25,0,0.75,0,'Woodland','CA','Yolo',0,'Woodland'),(95798,7.75,7.25,0,0.5,0,'West Sacramento','CA','Yolo',0,'West-Sacramento'),(95799,7.75,7.25,0,0.5,0,'West Sacramento','CA','Yolo',0,'West-Sacramento'),(95811,7.75,7.25,0.5,0,0,'Sacramento','CA','Sacramento',0,'Sacramento'),(95812,7.75,7.25,0.5,0,0,'Sacramento','CA','Sacramento',0,'Sacramento'),(95813,7.75,7.25,0.5,0,0,'Sacramento','CA','Sacramento',0,'Sacramento'),(95814,7.75,7.25,0.5,0,0,'Sacramento','CA','Sacramento',0,'Sacramento'),(95815,7.75,7.25,0.5,0,0,'Sacramento','CA','Sacramento',0,'Sacramento'),(95816,7.75,7.25,0.5,0,0,'Sacramento','CA','Sacramento',0,'Sacramento'),(95817,7.75,7.25,0.5,0,0,'Sacramento','CA','Sacramento',0,'Sacramento'),(95818,7.75,7.25,0.5,0,0,'Sacramento','CA','Sacramento',0,'Sacramento'),(95819,7.75,7.25,0.5,0,0,'Sacramento','CA','Sacramento',0,'Sacramento'),(95820,7.75,7.25,0.5,0,0,'Sacramento','CA','Sacramento',0,'Sacramento'),(95821,7.75,7.25,0.5,0,0,'Sacramento','CA','Sacramento',0,'Sacramento'),(95822,7.75,7.25,0.5,0,0,'Sacramento','CA','Sacramento',0,'Sacramento'),(95823,7.75,7.25,0.5,0,0,'Sacramento','CA','Sacramento',0,'Sacramento'),(95824,7.75,7.25,0.5,0,0,'Sacramento','CA','Sacramento',0,'Sacramento'),(95825,7.75,7.25,0.5,0,0,'Sacramento','CA','Sacramento',0,'Sacramento'),(95826,7.75,7.25,0.5,0,0,'Sacramento','CA','Sacramento',0,'Sacramento'),(95827,7.75,7.25,0.5,0,0,'Sacramento','CA','Sacramento',0,'Sacramento'),(95828,7.75,7.25,0.5,0,0,'Sacramento','CA','Sacramento',0,'Sacramento'),(95829,7.75,7.25,0.5,0,0,'Sacramento','CA','Sacramento',0,'Sacramento'),(95830,7.75,7.25,0.5,0,0,'Sacramento','CA','Sacramento',0,'Sacramento'),(95831,7.75,7.25,0.5,0,0,'Sacramento','CA','Sacramento',0,'Sacramento'),(95832,7.75,7.25,0.5,0,0,'Sacramento','CA','Sacramento',0,'Sacramento'),(95833,7.75,7.25,0.5,0,0,'Sacramento','CA','Sacramento',0,'Sacramento'),(95834,7.75,7.25,0.5,0,0,'Sacramento','CA','Sacramento',0,'Sacramento'),(95835,7.75,7.25,0.5,0,0,'Sacramento','CA','Sacramento',0,'Sacramento'),(95836,7.75,7.25,0.5,0,0,'Sacramento','CA','Sacramento',0,'Sacramento'),(95837,7.75,7.25,0.5,0,0,'Sacramento','CA','Sacramento',0,'Sacramento'),(95838,7.75,7.25,0.5,0,0,'Sacramento','CA','Sacramento',0,'Sacramento'),(95840,7.75,7.25,0.5,0,0,'Sacramento','CA','Sacramento',0,'Sacramento'),(95841,7.75,7.25,0.5,0,0,'Sacramento','CA','Sacramento',0,'Sacramento'),(95842,7.75,7.25,0.5,0,0,'Sacramento','CA','Sacramento',0,'Sacramento'),(95843,7.75,7.25,0.5,0,0,'Antelope','CA','Sacramento',0,'Antelope'),(95851,7.75,7.25,0.5,0,0,'Sacramento','CA','Sacramento',0,'Sacramento'),(95852,7.75,7.25,0.5,0,0,'Sacramento','CA','Sacramento',0,'Sacramento'),(95853,7.75,7.25,0.5,0,0,'Sacramento','CA','Sacramento',0,'Sacramento'),(95860,7.75,7.25,0.5,0,0,'Sacramento','CA','Sacramento',0,'Sacramento'),(95864,7.75,7.25,0.5,0,0,'Sacramento','CA','Sacramento',0,'Sacramento'),(95865,7.75,7.25,0.5,0,0,'Sacramento','CA','Sacramento',0,'Sacramento'),(95866,7.75,7.25,0.5,0,0,'Sacramento','CA','Sacramento',0,'Sacramento'),(95867,7.75,7.25,0.5,0,0,'Sacramento','CA','Sacramento',0,'Sacramento'),(95887,7.75,7.25,0.5,0,0,'Sacramento','CA','Sacramento',0,'Sacramento'),(95894,7.75,7.25,0.5,0,0,'Sacramento','CA','Sacramento',0,'Sacramento'),(95899,7.75,7.25,0.5,0,0,'Sacramento','CA','Sacramento',0,'Sacramento'),(95901,7.25,7.25,0,0,0,'Marysville','CA','Yuba',0,'Marysville'),(95903,7.25,7.25,0,0,0,'Beale Afb','CA','Yuba',0,'Beale-Afb'),(95910,7.25,7.25,0,0,0,'Alleghany','CA','Sierra',0,'Alleghany'),(95912,7.25,7.25,0,0,0,'Arbuckle','CA','Colusa',0,'Arbuckle'),(95913,7.25,7.25,0,0,0,'Artois','CA','Glenn',0,'Artois'),(95914,7.25,7.25,0,0,0,'Bangor','CA','Butte',0,'Bangor'),(95915,7.25,7.25,0,0,0,'Belden','CA','Plumas',0,'Belden'),(95916,7.25,7.25,0,0,0,'Berry Creek','CA','Butte',0,'Berry-Creek'),(95917,7.25,7.25,0,0,0,'Biggs','CA','Butte',0,'Biggs'),(95918,7.25,7.25,0,0,0,'Browns Valley','CA','Yuba',0,'Browns-Valley'),(95919,7.25,7.25,0,0,0,'Brownsville','CA','Yuba',0,'Brownsville'),(95920,7.25,7.25,0,0,0,'Butte City','CA','Glenn',0,'Butte-City'),(95922,7.25,7.25,0,0,0,'Camptonville','CA','Yuba',0,'Camptonville'),(95923,7.25,7.25,0,0,0,'Canyon Dam','CA','Plumas',0,'Canyon-Dam'),(95924,7.375,7.25,0.125,0,0,'Cedar Ridge','CA','Nevada',0,'Cedar-Ridge'),(95925,7.25,7.25,0,0,0,'Challenge','CA','Yuba',0,'Challenge'),(95926,7.25,7.25,0,0,0,'Chico','CA','Butte',0,'Chico'),(95927,7.25,7.25,0,0,0,'Chico','CA','Butte',0,'Chico'),(95928,7.25,7.25,0,0,0,'Chico','CA','Butte',0,'Chico'),(95929,7.25,7.25,0,0,0,'Chico','CA','Butte',0,'Chico'),(95930,7.25,7.25,0,0,0,'Clipper Mills','CA','Butte',0,'Clipper-Mills'),(95932,7.25,7.25,0,0,0,'Colusa','CA','Colusa',0,'Colusa'),(95934,7.25,7.25,0,0,0,'Crescent Mills','CA','Plumas',0,'Crescent-Mills'),(95935,7.25,7.25,0,0,0,'Dobbins','CA','Yuba',0,'Dobbins'),(95936,7.25,7.25,0,0,0,'Downieville','CA','Sierra',0,'Downieville'),(95937,7.25,7.25,0,0,0,'Dunnigan','CA','Yolo',0,'Dunnigan'),(95938,7.25,7.25,0,0,0,'Durham','CA','Butte',0,'Durham'),(95939,7.25,7.25,0,0,0,'Elk Creek','CA','Glenn',0,'Elk-Creek'),(95940,7.25,7.25,0,0,0,'Feather Falls','CA','Butte',0,'Feather-Falls'),(95941,7.25,7.25,0,0,0,'Forbestown','CA','Butte',0,'Forbestown'),(95942,7.25,7.25,0,0,0,'Forest Ranch','CA','Butte',0,'Forest-Ranch'),(95943,7.25,7.25,0,0,0,'Glenn','CA','Glenn',0,'Glenn'),(95944,7.25,7.25,0,0,0,'Goodyears Bar','CA','Sierra',0,'Goodyears-Bar'),(95945,7.375,7.25,0.125,0,0,'Grass Valley','CA','Nevada',0,'Grass-Valley'),(95946,7.375,7.25,0.125,0,0,'Penn Valley','CA','Nevada',0,'Penn-Valley'),(95947,7.25,7.25,0,0,0,'Greenville','CA','Plumas',0,'Greenville'),(95948,7.25,7.25,0,0,0,'Gridley','CA','Butte',0,'Gridley'),(95949,7.375,7.25,0.125,0,0,'Grass Valley','CA','Nevada',0,'Grass-Valley'),(95950,7.25,7.25,0,0,0,'Grimes','CA','Colusa',0,'Grimes'),(95951,7.25,7.25,0,0,0,'Hamilton City','CA','Glenn',0,'Hamilton-City'),(95953,7.25,7.25,0,0,0,'Live Oak','CA','Sutter',0,'Live-Oak'),(95954,7.25,7.25,0,0,0,'Magalia','CA','Butte',0,'Magalia'),(95955,7.25,7.25,0,0,0,'Maxwell','CA','Colusa',0,'Maxwell'),(95956,7.25,7.25,0,0,0,'Meadow Valley','CA','Plumas',0,'Meadow-Valley'),(95957,7.25,7.25,0,0,0,'Meridian','CA','Sutter',0,'Meridian'),(95958,7.25,7.25,0,0,0,'Nelson','CA','Butte',0,'Nelson'),(95959,7.875,7.25,0.125,0.5,0,'Nevada City','CA','Nevada',0,'Nevada-City'),(95960,7.375,7.25,0.125,0,0,'North San Juan','CA','Nevada',0,'North-San-Juan'),(95961,7.25,7.25,0,0,0,'Olivehurst','CA','Yuba',0,'Olivehurst'),(95962,7.25,7.25,0,0,0,'Oregon House','CA','Yuba',0,'Oregon-House'),(95963,7.25,7.25,0,0,0,'Orland','CA','Glenn',0,'Orland'),(95965,7.25,7.25,0,0,0,'Oroville','CA','Butte',0,'Oroville'),(95966,7.25,7.25,0,0,0,'Oroville','CA','Butte',0,'Oroville'),(95967,7.25,7.25,0,0,0,'Paradise','CA','Butte',0,'Paradise'),(95968,7.25,7.25,0,0,0,'Palermo','CA','Butte',0,'Palermo'),(95969,7.25,7.25,0,0,0,'Paradise','CA','Butte',0,'Paradise'),(95970,7.25,7.25,0,0,0,'Princeton','CA','Colusa',0,'Princeton'),(95971,7.25,7.25,0,0,0,'Quincy','CA','Plumas',0,'Quincy'),(95972,7.25,7.25,0,0,0,'Rackerby','CA','Yuba',0,'Rackerby'),(95973,7.25,7.25,0,0,0,'Chico','CA','Butte',0,'Chico'),(95974,7.25,7.25,0,0,0,'Richvale','CA','Butte',0,'Richvale'),(95975,7.375,7.25,0.125,0,0,'Rough And Ready','CA','Nevada',0,'Rough-And-Ready'),(95976,7.25,7.25,0,0,0,'Chico','CA','Butte',0,'Chico'),(95977,7.375,7.25,0.125,0,0,'Smartsville','CA','Nevada',0,'Smartsville'),(95978,7.25,7.25,0,0,0,'Stirling City','CA','Butte',0,'Stirling-City'),(95979,7.25,7.25,0,0,0,'Stonyford','CA','Colusa',0,'Stonyford'),(95980,7.25,7.25,0,0,0,'Storrie','CA','Plumas',0,'Storrie'),(95981,7.25,7.25,0,0,0,'Strawberry Valley','CA','Yuba',0,'Strawberry-Valley'),(95982,7.25,7.25,0,0,0,'Sutter','CA','Sutter',0,'Sutter'),(95983,7.25,7.25,0,0,0,'Taylorsville','CA','Plumas',0,'Taylorsville'),(95984,7.25,7.25,0,0,0,'Twain','CA','Plumas',0,'Twain'),(95986,7.375,7.25,0.125,0,0,'Washington','CA','Nevada',0,'Washington'),(95987,7.75,7.25,0,0.5,0,'Williams','CA','Colusa',0,'Williams'),(95988,7.25,7.25,0,0,0,'Willows','CA','Glenn',0,'Willows'),(95991,7.25,7.25,0,0,0,'Yuba City','CA','Sutter',0,'Yuba-City'),(95992,7.25,7.25,0,0,0,'Yuba City','CA','Sutter',0,'Yuba-City'),(95993,7.25,7.25,0,0,0,'Yuba City','CA','Sutter',0,'Yuba-City'),(96001,7.25,7.25,0,0,0,'Redding','CA','Shasta',0,'Redding'),(96002,7.25,7.25,0,0,0,'Redding','CA','Shasta',0,'Redding'),(96003,7.25,7.25,0,0,0,'Redding','CA','Shasta',0,'Redding'),(96006,7.25,7.25,0,0,0,'Adin','CA','Modoc',0,'Adin'),(96007,7.25,7.25,0,0,0,'Anderson','CA','Shasta',0,'Anderson'),(96008,7.25,7.25,0,0,0,'Bella Vista','CA','Shasta',0,'Bella-Vista'),(96009,7.25,7.25,0,0,0,'Bieber','CA','Lassen',0,'Bieber'),(96010,7.25,7.25,0,0,0,'Big Bar','CA','Trinity',0,'Big-Bar'),(96011,7.25,7.25,0,0,0,'Big Bend','CA','Shasta',0,'Big-Bend'),(96013,7.25,7.25,0,0,0,'Burney','CA','Shasta',0,'Burney'),(96014,7.25,7.25,0,0,0,'Callahan','CA','Siskiyou',0,'Callahan'),(96015,7.25,7.25,0,0,0,'Canby','CA','Modoc',0,'Canby'),(96016,7.25,7.25,0,0,0,'Cassel','CA','Shasta',0,'Cassel'),(96017,7.25,7.25,0,0,0,'Castella','CA','Shasta',0,'Castella'),(96019,7.25,7.25,0,0,0,'Shasta Lake','CA','Shasta',0,'Shasta-Lake'),(96020,7.25,7.25,0,0,0,'Chester','CA','Plumas',0,'Chester'),(96021,7.25,7.25,0,0,0,'Corning','CA','Tehama',0,'Corning'),(96022,7.25,7.25,0,0,0,'Cottonwood','CA','Shasta',0,'Cottonwood'),(96023,7.25,7.25,0,0,0,'Dorris','CA','Siskiyou',0,'Dorris'),(96024,7.25,7.25,0,0,0,'Douglas City','CA','Trinity',0,'Douglas-City'),(96025,7.25,7.25,0,0,0,'Dunsmuir','CA','Siskiyou',0,'Dunsmuir'),(96027,7.25,7.25,0,0,0,'Etna','CA','Siskiyou',0,'Etna'),(96028,7.25,7.25,0,0,0,'Fall River Mills','CA','Shasta',0,'Fall-River-Mills'),(96029,7.25,7.25,0,0,0,'Flournoy','CA','Tehama',0,'Flournoy'),(96031,7.25,7.25,0,0,0,'Forks Of Salmon','CA','Siskiyou',0,'Forks-Of-Salmon'),(96032,7.25,7.25,0,0,0,'Fort Jones','CA','Siskiyou',0,'Fort-Jones'),(96033,7.25,7.25,0,0,0,'French Gulch','CA','Shasta',0,'French-Gulch'),(96034,7.25,7.25,0,0,0,'Gazelle','CA','Siskiyou',0,'Gazelle'),(96035,7.25,7.25,0,0,0,'Gerber','CA','Tehama',0,'Gerber'),(96037,7.25,7.25,0,0,0,'Greenview','CA','Siskiyou',0,'Greenview'),(96038,7.25,7.25,0,0,0,'Grenada','CA','Siskiyou',0,'Grenada'),(96039,7.25,7.25,0,0,0,'Happy Camp','CA','Siskiyou',0,'Happy-Camp'),(96040,7.25,7.25,0,0,0,'Hat Creek','CA','Shasta',0,'Hat-Creek'),(96041,7.25,7.25,0,0,0,'Hayfork','CA','Trinity',0,'Hayfork'),(96044,7.25,7.25,0,0,0,'Hornbrook','CA','Siskiyou',0,'Hornbrook'),(96046,7.25,7.25,0,0,0,'Hyampom','CA','Trinity',0,'Hyampom'),(96047,7.25,7.25,0,0,0,'Igo','CA','Shasta',0,'Igo'),(96048,7.25,7.25,0,0,0,'Junction City','CA','Trinity',0,'Junction-City'),(96049,7.25,7.25,0,0,0,'Redding','CA','Shasta',0,'Redding'),(96050,7.25,7.25,0,0,0,'Klamath River','CA','Siskiyou',0,'Klamath-River'),(96051,7.25,7.25,0,0,0,'Lakehead','CA','Shasta',0,'Lakehead'),(96052,7.25,7.25,0,0,0,'Lewiston','CA','Trinity',0,'Lewiston'),(96054,7.25,7.25,0,0,0,'Lookout','CA','Modoc',0,'Lookout'),(96055,7.25,7.25,0,0,0,'Los Molinos','CA','Tehama',0,'Los-Molinos'),(96056,7.25,7.25,0,0,0,'McArthur','CA','Shasta',0,'McArthur'),(96057,7.25,7.25,0,0,0,'McCloud','CA','Siskiyou',0,'McCloud'),(96058,7.25,7.25,0,0,0,'Macdoel','CA','Siskiyou',0,'Macdoel'),(96059,7.25,7.25,0,0,0,'Manton','CA','Tehama',0,'Manton'),(96061,7.25,7.25,0,0,0,'Mill Creek','CA','Tehama',0,'Mill-Creek'),(96062,7.25,7.25,0,0,0,'Millville','CA','Shasta',0,'Millville'),(96063,7.25,7.25,0,0,0,'Mineral','CA','Tehama',0,'Mineral'),(96064,7.25,7.25,0,0,0,'Montague','CA','Siskiyou',0,'Montague'),(96065,7.25,7.25,0,0,0,'Montgomery Creek','CA','Shasta',0,'Montgomery-Creek'),(96067,7.5,7.25,0,0.25,0,'Mount Shasta','CA','Siskiyou',0,'Mount-Shasta'),(96068,7.25,7.25,0,0,0,'Nubieber','CA','Lassen',0,'Nubieber'),(96069,7.25,7.25,0,0,0,'Oak Run','CA','Shasta',0,'Oak-Run'),(96070,7.25,7.25,0,0,0,'Obrien','CA','Shasta',0,'Obrien'),(96071,7.25,7.25,0,0,0,'Old Station','CA','Shasta',0,'Old-Station'),(96073,7.25,7.25,0,0,0,'Palo Cedro','CA','Shasta',0,'Palo-Cedro'),(96074,7.25,7.25,0,0,0,'Paskenta','CA','Tehama',0,'Paskenta'),(96075,7.25,7.25,0,0,0,'Paynes Creek','CA','Tehama',0,'Paynes-Creek'),(96076,7.25,7.25,0,0,0,'Platina','CA','Shasta',0,'Platina'),(96078,7.25,7.25,0,0,0,'Proberta','CA','Tehama',0,'Proberta'),(96079,7.25,7.25,0,0,0,'Shasta Lake','CA','Shasta',0,'Shasta-Lake'),(96080,7.25,7.25,0,0,0,'Red Bluff','CA','Tehama',0,'Red-Bluff'),(96084,7.25,7.25,0,0,0,'Round Mountain','CA','Shasta',0,'Round-Mountain'),(96085,7.25,7.25,0,0,0,'Scott Bar','CA','Siskiyou',0,'Scott-Bar'),(96086,7.25,7.25,0,0,0,'Seiad Valley','CA','Siskiyou',0,'Seiad-Valley'),(96087,7.25,7.25,0,0,0,'Shasta','CA','Shasta',0,'Shasta'),(96088,7.25,7.25,0,0,0,'Shingletown','CA','Shasta',0,'Shingletown'),(96089,7.25,7.25,0,0,0,'Shasta Lake','CA','Shasta',0,'Shasta-Lake'),(96090,7.25,7.25,0,0,0,'Tehama','CA','Tehama',0,'Tehama'),(96091,7.25,7.25,0,0,0,'Trinity Center','CA','Trinity',0,'Trinity-Center'),(96092,7.25,7.25,0,0,0,'Vina','CA','Tehama',0,'Vina'),(96093,7.25,7.25,0,0,0,'Weaverville','CA','Trinity',0,'Weaverville'),(96094,7.25,7.25,0,0,0,'Weed','CA','Siskiyou',0,'Weed'),(96095,7.25,7.25,0,0,0,'Whiskeytown','CA','Shasta',0,'Whiskeytown'),(96096,7.25,7.25,0,0,0,'Whitmore','CA','Shasta',0,'Whitmore'),(96097,7.25,7.25,0,0,0,'Yreka','CA','Siskiyou',0,'Yreka'),(96099,7.25,7.25,0,0,0,'Redding','CA','Shasta',0,'Redding'),(96101,7.25,7.25,0,0,0,'Alturas','CA','Modoc',0,'Alturas'),(96103,7.25,7.25,0,0,0,'Blairsden-Graeagle','CA','Plumas',0,'Blairsden-Graeagle'),(96104,7.25,7.25,0,0,0,'Cedarville','CA','Modoc',0,'Cedarville'),(96105,7.25,7.25,0,0,0,'Chilcoot','CA','Plumas',0,'Chilcoot'),(96106,7.25,7.25,0,0,0,'Clio','CA','Plumas',0,'Clio'),(96107,7.25,7.25,0,0,0,'Coleville','CA','Mono',0,'Coleville'),(96108,7.25,7.25,0,0,0,'Davis Creek','CA','Modoc',0,'Davis-Creek'),(96109,7.25,7.25,0,0,0,'Doyle','CA','Lassen',0,'Doyle'),(96110,7.25,7.25,0,0,0,'Eagleville','CA','Modoc',0,'Eagleville'),(96111,7.375,7.25,0.125,0,0,'Floriston','CA','Nevada',0,'Floriston'),(96112,7.25,7.25,0,0,0,'Fort Bidwell','CA','Modoc',0,'Fort-Bidwell'),(96113,7.25,7.25,0,0,0,'Herlong','CA','Lassen',0,'Herlong'),(96114,7.25,7.25,0,0,0,'Janesville','CA','Lassen',0,'Janesville'),(96115,7.25,7.25,0,0,0,'Lake City','CA','Modoc',0,'Lake-City'),(96116,7.25,7.25,0,0,0,'Likely','CA','Modoc',0,'Likely'),(96117,7.25,7.25,0,0,0,'Litchfield','CA','Lassen',0,'Litchfield'),(96118,7.25,7.25,0,0,0,'Loyalton','CA','Sierra',0,'Loyalton'),(96119,7.25,7.25,0,0,0,'Madeline','CA','Lassen',0,'Madeline'),(96120,7.25,7.25,0,0,0,'Markleeville','CA','Alpine',0,'Markleeville'),(96121,7.25,7.25,0,0,0,'Milford','CA','Lassen',0,'Milford'),(96122,7.25,7.25,0,0,0,'Portola','CA','Plumas',0,'Portola'),(96123,7.25,7.25,0,0,0,'Ravendale','CA','Lassen',0,'Ravendale'),(96124,7.25,7.25,0,0,0,'Calpine','CA','Sierra',0,'Calpine'),(96125,7.25,7.25,0,0,0,'Sierra City','CA','Sierra',0,'Sierra-City'),(96126,7.25,7.25,0,0,0,'Sierraville','CA','Sierra',0,'Sierraville'),(96127,7.25,7.25,0,0,0,'Susanville','CA','Lassen',0,'Susanville'),(96128,7.25,7.25,0,0,0,'Standish','CA','Lassen',0,'Standish'),(96129,7.25,7.25,0,0,0,'Beckwourth','CA','Plumas',0,'Beckwourth'),(96130,7.25,7.25,0,0,0,'Susanville','CA','Lassen',0,'Susanville'),(96132,7.25,7.25,0,0,0,'Termo','CA','Lassen',0,'Termo'),(96133,7.25,7.25,0,0,0,'Topaz','CA','Mono',0,'Topaz'),(96134,7.25,7.25,0,0,0,'Tulelake','CA','Siskiyou',0,'Tulelake'),(96135,7.25,7.25,0,0,0,'Vinton','CA','Plumas',0,'Vinton'),(96136,7.25,7.25,0,0,0,'Wendel','CA','Lassen',0,'Wendel'),(96137,7.25,7.25,0,0,0,'Westwood','CA','Lassen',0,'Westwood'),(96140,7.25,7.25,0,0,0,'Carnelian Bay','CA','Placer',0,'Carnelian-Bay'),(96141,7.25,7.25,0,0,0,'Homewood','CA','Placer',0,'Homewood'),(96142,7.25,7.25,0,0,0,'Tahoma','CA','El Dorado',0,'Tahoma'),(96143,7.25,7.25,0,0,0,'Kings Beach','CA','Placer',0,'Kings-Beach'),(96145,7.25,7.25,0,0,0,'Tahoe City','CA','Placer',0,'Tahoe-City'),(96146,7.25,7.25,0,0,0,'Olympic Valley','CA','Placer',0,'Olympic-Valley'),(96148,7.25,7.25,0,0,0,'Tahoe Vista','CA','Placer',0,'Tahoe-Vista'),(96150,7.75,7.25,0,0.5,0,'South Lake Tahoe','CA','El Dorado',0,'South-Lake-Tahoe'),(96151,7.75,7.25,0,0.5,0,'South Lake Tahoe','CA','El Dorado',0,'South-Lake-Tahoe'),(96152,7.75,7.25,0,0.5,0,'South Lake Tahoe','CA','El Dorado',0,'South-Lake-Tahoe'),(96154,7.75,7.25,0,0.5,0,'South Lake Tahoe','CA','El Dorado',0,'South-Lake-Tahoe'),(96155,7.75,7.25,0,0.5,0,'South Lake Tahoe','CA','El Dorado',0,'South-Lake-Tahoe'),(96156,7.75,7.25,0,0.5,0,'South Lake Tahoe','CA','El Dorado',0,'South-Lake-Tahoe'),(96157,7.75,7.25,0,0.5,0,'South Lake Tahoe','CA','El Dorado',0,'South-Lake-Tahoe'),(96158,7.75,7.25,0,0.5,0,'South Lake Tahoe','CA','El Dorado',0,'South-Lake-Tahoe'),(96160,7.875,7.25,0.125,0.5,0,'Truckee','CA','Nevada',0,'Truckee'),(96161,7.875,7.25,0.125,0.5,0,'Truckee','CA','Nevada',0,'Truckee'),(96162,7.875,7.25,0.125,0.5,0,'Truckee','CA','Nevada',0,'Truckee');
/*!40000 ALTER TABLE `zip_codes` ENABLE KEYS */;
UNLOCK TABLES;
/*!40103 SET TIME_ZONE=@OLD_TIME_ZONE */;

/*!40101 SET SQL_MODE=@OLD_SQL_MODE */;
/*!40014 SET FOREIGN_KEY_CHECKS=@OLD_FOREIGN_KEY_CHECKS */;
/*!40014 SET UNIQUE_CHECKS=@OLD_UNIQUE_CHECKS */;
/*!40101 SET CHARACTER_SET_CLIENT=@OLD_CHARACTER_SET_CLIENT */;
/*!40101 SET CHARACTER_SET_RESULTS=@OLD_CHARACTER_SET_RESULTS */;
/*!40101 SET COLLATION_CONNECTION=@OLD_COLLATION_CONNECTION */;
/*!40111 SET SQL_NOTES=@OLD_SQL_NOTES */;

-- Dump completed on 2018-12-31 19:16:29
